This is pdfTeX, Version 3.141592653-2.6-1.40.25 (TeX Live 2023/Debian) (preloaded format=pdflatex 2026.3.25)  7 APR 2026 18:06
entering extended mode
 restricted \write18 enabled.
 %&-line parsing enabled.
**main.tex
(./main.tex
LaTeX2e <2023-11-01> patch level 1
L3 programming layer <2024-01-22>
(/usr/share/texlive/texmf-dist/tex/latex/base/article.cls
Document Class: article 2023/05/17 v1.4n Standard LaTeX document class
(/usr/share/texlive/texmf-dist/tex/latex/base/size10.clo
File: size10.clo 2023/05/17 v1.4n Standard LaTeX file (size option)
)
\c@part=\count187
\c@section=\count188
\c@subsection=\count189
\c@subsubsection=\count190
\c@paragraph=\count191
\c@subparagraph=\count192
\c@figure=\count193
\c@table=\count194
\abovecaptionskip=\skip48
\belowcaptionskip=\skip49
\bibindent=\dimen140
)
(/usr/share/texlive/texmf-dist/tex/latex/base/fontenc.sty
Package: fontenc 2021/04/29 v2.0v Standard LaTeX package
)
(/usr/share/texlive/texmf-dist/tex/latex/base/inputenc.sty
Package: inputenc 2021/02/14 v1.3d Input encoding file
\inpenc@prehook=\toks17
\inpenc@posthook=\toks18
)
(/usr/share/texlive/texmf-dist/tex/generic/babel/babel.sty
Package: babel 2024/01/07 v24.1 The Babel package
\babel@savecnt=\count195
\U@D=\dimen141
\l@unhyphenated=\language89

(/usr/share/texlive/texmf-dist/tex/generic/babel/txtbabel.def)
\bbl@readstream=\read2
\bbl@dirlevel=\count196

(/usr/share/texlive/texmf-dist/tex/generic/babel-polish/polish.ldf
Language: polish 2022/03/12 1.3 Babel support for Polish
Package babel Info: Making " an active character on input line 101.
))
(/usr/share/texlive/texmf-dist/tex/generic/babel/locale/pl/babel-polish.tex
Package babel Info: Importing font and identification data for polish
(babel)             from babel-pl.ini. Reported on input line 11.
)
(/usr/share/texmf/tex/latex/lm/lmodern.sty
Package: lmodern 2015/05/01 v1.6.1 Latin Modern Fonts
LaTeX Font Info:    Overwriting symbol font `operators' in version `normal'
(Font)                  OT1/cmr/m/n --> OT1/lmr/m/n on input line 22.
LaTeX Font Info:    Overwriting symbol font `letters' in version `normal'
(Font)                  OML/cmm/m/it --> OML/lmm/m/it on input line 23.
LaTeX Font Info:    Overwriting symbol font `symbols' in version `normal'
(Font)                  OMS/cmsy/m/n --> OMS/lmsy/m/n on input line 24.
LaTeX Font Info:    Overwriting symbol font `largesymbols' in version `normal'
(Font)                  OMX/cmex/m/n --> OMX/lmex/m/n on input line 25.
LaTeX Font Info:    Overwriting symbol font `operators' in version `bold'
(Font)                  OT1/cmr/bx/n --> OT1/lmr/bx/n on input line 26.
LaTeX Font Info:    Overwriting symbol font `letters' in version `bold'
(Font)                  OML/cmm/b/it --> OML/lmm/b/it on input line 27.
LaTeX Font Info:    Overwriting symbol font `symbols' in version `bold'
(Font)                  OMS/cmsy/b/n --> OMS/lmsy/b/n on input line 28.
LaTeX Font Info:    Overwriting symbol font `largesymbols' in version `bold'
(Font)                  OMX/cmex/m/n --> OMX/lmex/m/n on input line 29.
LaTeX Font Info:    Overwriting math alphabet `\mathbf' in version `normal'
(Font)                  OT1/cmr/bx/n --> OT1/lmr/bx/n on input line 31.
LaTeX Font Info:    Overwriting math alphabet `\mathsf' in version `normal'
(Font)                  OT1/cmss/m/n --> OT1/lmss/m/n on input line 32.
LaTeX Font Info:    Overwriting math alphabet `\mathit' in version `normal'
(Font)                  OT1/cmr/m/it --> OT1/lmr/m/it on input line 33.
LaTeX Font Info:    Overwriting math alphabet `\mathtt' in version `normal'
(Font)                  OT1/cmtt/m/n --> OT1/lmtt/m/n on input line 34.
LaTeX Font Info:    Overwriting math alphabet `\mathbf' in version `bold'
(Font)                  OT1/cmr/bx/n --> OT1/lmr/bx/n on input line 35.
LaTeX Font Info:    Overwriting math alphabet `\mathsf' in version `bold'
(Font)                  OT1/cmss/bx/n --> OT1/lmss/bx/n on input line 36.
LaTeX Font Info:    Overwriting math alphabet `\mathit' in version `bold'
(Font)                  OT1/cmr/bx/it --> OT1/lmr/bx/it on input line 37.
LaTeX Font Info:    Overwriting math alphabet `\mathtt' in version `bold'
(Font)                  OT1/cmtt/m/n --> OT1/lmtt/m/n on input line 38.
)
(/usr/share/texlive/texmf-dist/tex/latex/geometry/geometry.sty
Package: geometry 2020/01/02 v5.9 Page Geometry

(/usr/share/texlive/texmf-dist/tex/latex/graphics/keyval.sty
Package: keyval 2022/05/29 v1.15 key=value parser (DPC)
\KV@toks@=\toks19
)
(/usr/share/texlive/texmf-dist/tex/generic/iftex/ifvtex.sty
Package: ifvtex 2019/10/25 v1.7 ifvtex legacy package. Use iftex instead.

(/usr/share/texlive/texmf-dist/tex/generic/iftex/iftex.sty
Package: iftex 2022/02/03 v1.0f TeX engine tests
))
\Gm@cnth=\count197
\Gm@cntv=\count198
\c@Gm@tempcnt=\count199
\Gm@bindingoffset=\dimen142
\Gm@wd@mp=\dimen143
\Gm@odd@mp=\dimen144
\Gm@even@mp=\dimen145
\Gm@layoutwidth=\dimen146
\Gm@layoutheight=\dimen147
\Gm@layouthoffset=\dimen148
\Gm@layoutvoffset=\dimen149
\Gm@dimlist=\toks20
)
(/usr/share/texlive/texmf-dist/tex/latex/amsmath/amsmath.sty
Package: amsmath 2023/05/13 v2.17o AMS math features
\@mathmargin=\skip50

For additional information on amsmath, use the `?' option.
(/usr/share/texlive/texmf-dist/tex/latex/amsmath/amstext.sty
Package: amstext 2021/08/26 v2.01 AMS text

(/usr/share/texlive/texmf-dist/tex/latex/amsmath/amsgen.sty
File: amsgen.sty 1999/11/30 v2.0 generic functions
\@emptytoks=\toks21
\ex@=\dimen150
))
(/usr/share/texlive/texmf-dist/tex/latex/amsmath/amsbsy.sty
Package: amsbsy 1999/11/29 v1.2d Bold Symbols
\pmbraise@=\dimen151
)
(/usr/share/texlive/texmf-dist/tex/latex/amsmath/amsopn.sty
Package: amsopn 2022/04/08 v2.04 operator names
)
\inf@bad=\count266
LaTeX Info: Redefining \frac on input line 234.
\uproot@=\count267
\leftroot@=\count268
LaTeX Info: Redefining \overline on input line 399.
LaTeX Info: Redefining \colon on input line 410.
\classnum@=\count269
\DOTSCASE@=\count270
LaTeX Info: Redefining \ldots on input line 496.
LaTeX Info: Redefining \dots on input line 499.
LaTeX Info: Redefining \cdots on input line 620.
\Mathstrutbox@=\box51
\strutbox@=\box52
LaTeX Info: Redefining \big on input line 722.
LaTeX Info: Redefining \Big on input line 723.
LaTeX Info: Redefining \bigg on input line 724.
LaTeX Info: Redefining \Bigg on input line 725.
\big@size=\dimen152
LaTeX Font Info:    Redeclaring font encoding OML on input line 743.
LaTeX Font Info:    Redeclaring font encoding OMS on input line 744.
\macc@depth=\count271
LaTeX Info: Redefining \bmod on input line 905.
LaTeX Info: Redefining \pmod on input line 910.
LaTeX Info: Redefining \smash on input line 940.
LaTeX Info: Redefining \relbar on input line 970.
LaTeX Info: Redefining \Relbar on input line 971.
\c@MaxMatrixCols=\count272
\dotsspace@=\muskip16
\c@parentequation=\count273
\dspbrk@lvl=\count274
\tag@help=\toks22
\row@=\count275
\column@=\count276
\maxfields@=\count277
\andhelp@=\toks23
\eqnshift@=\dimen153
\alignsep@=\dimen154
\tagshift@=\dimen155
\tagwidth@=\dimen156
\totwidth@=\dimen157
\lineht@=\dimen158
\@envbody=\toks24
\multlinegap=\skip51
\multlinetaggap=\skip52
\mathdisplay@stack=\toks25
LaTeX Info: Redefining \[ on input line 2953.
LaTeX Info: Redefining \] on input line 2954.
)
(/usr/share/texlive/texmf-dist/tex/latex/amsfonts/amssymb.sty
Package: amssymb 2013/01/14 v3.01 AMS font symbols

(/usr/share/texlive/texmf-dist/tex/latex/amsfonts/amsfonts.sty
Package: amsfonts 2013/01/14 v3.01 Basic AMSFonts support
\symAMSa=\mathgroup4
\symAMSb=\mathgroup5
LaTeX Font Info:    Redeclaring math symbol \hbar on input line 98.
LaTeX Font Info:    Overwriting math alphabet `\mathfrak' in version `bold'
(Font)                  U/euf/m/n --> U/euf/b/n on input line 106.
))
(/usr/share/texlive/texmf-dist/tex/latex/amscls/amsthm.sty
Package: amsthm 2020/05/29 v2.20.6
\thm@style=\toks26
\thm@bodyfont=\toks27
\thm@headfont=\toks28
\thm@notefont=\toks29
\thm@headpunct=\toks30
\thm@preskip=\skip53
\thm@postskip=\skip54
\thm@headsep=\skip55
\dth@everypar=\toks31
)
(/usr/share/texlive/texmf-dist/tex/latex/mathtools/mathtools.sty
Package: mathtools 2022/06/29 v1.29 mathematical typesetting tools

(/usr/share/texlive/texmf-dist/tex/latex/tools/calc.sty
Package: calc 2023/07/08 v4.3 Infix arithmetic (KKT,FJ)
\calc@Acount=\count278
\calc@Bcount=\count279
\calc@Adimen=\dimen159
\calc@Bdimen=\dimen160
\calc@Askip=\skip56
\calc@Bskip=\skip57
LaTeX Info: Redefining \setlength on input line 80.
LaTeX Info: Redefining \addtolength on input line 81.
\calc@Ccount=\count280
\calc@Cskip=\skip58
)
(/usr/share/texlive/texmf-dist/tex/latex/mathtools/mhsetup.sty
Package: mhsetup 2021/03/18 v1.4 programming setup (MH)
)
\g_MT_multlinerow_int=\count281
\l_MT_multwidth_dim=\dimen161
\origjot=\skip59
\l_MT_shortvdotswithinadjustabove_dim=\dimen162
\l_MT_shortvdotswithinadjustbelow_dim=\dimen163
\l_MT_above_intertext_sep=\dimen164
\l_MT_below_intertext_sep=\dimen165
\l_MT_above_shortintertext_sep=\dimen166
\l_MT_below_shortintertext_sep=\dimen167
\xmathstrut@box=\box53
\xmathstrut@dim=\dimen168
)
(/usr/share/texlive/texmf-dist/tex/latex/graphics/graphicx.sty
Package: graphicx 2021/09/16 v1.2d Enhanced LaTeX Graphics (DPC,SPQR)

(/usr/share/texlive/texmf-dist/tex/latex/graphics/graphics.sty
Package: graphics 2022/03/10 v1.4e Standard LaTeX Graphics (DPC,SPQR)

(/usr/share/texlive/texmf-dist/tex/latex/graphics/trig.sty
Package: trig 2021/08/11 v1.11 sin cos tan (DPC)
)
(/usr/share/texlive/texmf-dist/tex/latex/graphics-cfg/graphics.cfg
File: graphics.cfg 2016/06/04 v1.11 sample graphics configuration
)
Package graphics Info: Driver file: pdftex.def on input line 107.

(/usr/share/texlive/texmf-dist/tex/latex/graphics-def/pdftex.def
File: pdftex.def 2022/09/22 v1.2b Graphics/color driver for pdftex
))
\Gin@req@height=\dimen169
\Gin@req@width=\dimen170
)
(/usr/share/texlive/texmf-dist/tex/latex/float/float.sty
Package: float 2001/11/08 v1.3d Float enhancements (AL)
\c@float@type=\count282
\float@exts=\toks32
\float@box=\box54
\@float@everytoks=\toks33
\@floatcapt=\box55
)
(/usr/share/texlive/texmf-dist/tex/latex/xcolor/xcolor.sty
Package: xcolor 2023/11/15 v3.01 LaTeX color extensions (UK)

(/usr/share/texlive/texmf-dist/tex/latex/graphics-cfg/color.cfg
File: color.cfg 2016/01/02 v1.6 sample color configuration
)
Package xcolor Info: Driver file: pdftex.def on input line 274.

(/usr/share/texlive/texmf-dist/tex/latex/graphics/mathcolor.ltx)
Package xcolor Info: Model `cmy' substituted by `cmy0' on input line 1350.
Package xcolor Info: Model `hsb' substituted by `rgb' on input line 1354.
Package xcolor Info: Model `RGB' extended on input line 1366.
Package xcolor Info: Model `HTML' substituted by `rgb' on input line 1368.
Package xcolor Info: Model `Hsb' substituted by `hsb' on input line 1369.
Package xcolor Info: Model `tHsb' substituted by `hsb' on input line 1370.
Package xcolor Info: Model `HSB' substituted by `hsb' on input line 1371.
Package xcolor Info: Model `Gray' substituted by `gray' on input line 1372.
Package xcolor Info: Model `wave' substituted by `hsb' on input line 1373.
)
(/usr/share/texlive/texmf-dist/tex/latex/pgf/frontendlayer/tikz.sty
(/usr/share/texlive/texmf-dist/tex/latex/pgf/basiclayer/pgf.sty
(/usr/share/texlive/texmf-dist/tex/latex/pgf/utilities/pgfrcs.sty
(/usr/share/texlive/texmf-dist/tex/generic/pgf/utilities/pgfutil-common.tex
\pgfutil@everybye=\toks34
\pgfutil@tempdima=\dimen171
\pgfutil@tempdimb=\dimen172
)
(/usr/share/texlive/texmf-dist/tex/generic/pgf/utilities/pgfutil-latex.def
\pgfutil@abb=\box56
)
(/usr/share/texlive/texmf-dist/tex/generic/pgf/utilities/pgfrcs.code.tex
(/usr/share/texlive/texmf-dist/tex/generic/pgf/pgf.revision.tex)
Package: pgfrcs 2023-01-15 v3.1.10 (3.1.10)
))
Package: pgf 2023-01-15 v3.1.10 (3.1.10)

(/usr/share/texlive/texmf-dist/tex/latex/pgf/basiclayer/pgfcore.sty
(/usr/share/texlive/texmf-dist/tex/latex/pgf/systemlayer/pgfsys.sty
(/usr/share/texlive/texmf-dist/tex/generic/pgf/systemlayer/pgfsys.code.tex
Package: pgfsys 2023-01-15 v3.1.10 (3.1.10)

(/usr/share/texlive/texmf-dist/tex/generic/pgf/utilities/pgfkeys.code.tex
\pgfkeys@pathtoks=\toks35
\pgfkeys@temptoks=\toks36

(/usr/share/texlive/texmf-dist/tex/generic/pgf/utilities/pgfkeyslibraryfiltered
.code.tex
\pgfkeys@tmptoks=\toks37
))
\pgf@x=\dimen173
\pgf@y=\dimen174
\pgf@xa=\dimen175
\pgf@ya=\dimen176
\pgf@xb=\dimen177
\pgf@yb=\dimen178
\pgf@xc=\dimen179
\pgf@yc=\dimen180
\pgf@xd=\dimen181
\pgf@yd=\dimen182
\w@pgf@writea=\write3
\r@pgf@reada=\read3
\c@pgf@counta=\count283
\c@pgf@countb=\count284
\c@pgf@countc=\count285
\c@pgf@countd=\count286
\t@pgf@toka=\toks38
\t@pgf@tokb=\toks39
\t@pgf@tokc=\toks40
\pgf@sys@id@count=\count287
 (/usr/share/texlive/texmf-dist/tex/generic/pgf/systemlayer/pgf.cfg
File: pgf.cfg 2023-01-15 v3.1.10 (3.1.10)
)
Driver file for pgf: pgfsys-pdftex.def
(/usr/share/texlive/texmf-dist/tex/generic/pgf/systemlayer/pgfsys-pdftex.def
File: pgfsys-pdftex.def 2023-01-15 v3.1.10 (3.1.10)

(/usr/share/texlive/texmf-dist/tex/generic/pgf/systemlayer/pgfsys-common-pdf.de
f
File: pgfsys-common-pdf.def 2023-01-15 v3.1.10 (3.1.10)
)))
(/usr/share/texlive/texmf-dist/tex/generic/pgf/systemlayer/pgfsyssoftpath.code.
tex
File: pgfsyssoftpath.code.tex 2023-01-15 v3.1.10 (3.1.10)
\pgfsyssoftpath@smallbuffer@items=\count288
\pgfsyssoftpath@bigbuffer@items=\count289
)
(/usr/share/texlive/texmf-dist/tex/generic/pgf/systemlayer/pgfsysprotocol.code.
tex
File: pgfsysprotocol.code.tex 2023-01-15 v3.1.10 (3.1.10)
))
(/usr/share/texlive/texmf-dist/tex/generic/pgf/basiclayer/pgfcore.code.tex
Package: pgfcore 2023-01-15 v3.1.10 (3.1.10)

(/usr/share/texlive/texmf-dist/tex/generic/pgf/math/pgfmath.code.tex
(/usr/share/texlive/texmf-dist/tex/generic/pgf/math/pgfmathutil.code.tex)
(/usr/share/texlive/texmf-dist/tex/generic/pgf/math/pgfmathparser.code.tex
\pgfmath@dimen=\dimen183
\pgfmath@count=\count290
\pgfmath@box=\box57
\pgfmath@toks=\toks41
\pgfmath@stack@operand=\toks42
\pgfmath@stack@operation=\toks43
)
(/usr/share/texlive/texmf-dist/tex/generic/pgf/math/pgfmathfunctions.code.tex)
(/usr/share/texlive/texmf-dist/tex/generic/pgf/math/pgfmathfunctions.basic.code
.tex)
(/usr/share/texlive/texmf-dist/tex/generic/pgf/math/pgfmathfunctions.trigonomet
ric.code.tex)
(/usr/share/texlive/texmf-dist/tex/generic/pgf/math/pgfmathfunctions.random.cod
e.tex)
(/usr/share/texlive/texmf-dist/tex/generic/pgf/math/pgfmathfunctions.comparison
.code.tex)
(/usr/share/texlive/texmf-dist/tex/generic/pgf/math/pgfmathfunctions.base.code.
tex)
(/usr/share/texlive/texmf-dist/tex/generic/pgf/math/pgfmathfunctions.round.code
.tex)
(/usr/share/texlive/texmf-dist/tex/generic/pgf/math/pgfmathfunctions.misc.code.
tex)
(/usr/share/texlive/texmf-dist/tex/generic/pgf/math/pgfmathfunctions.integerari
thmetics.code.tex)
(/usr/share/texlive/texmf-dist/tex/generic/pgf/math/pgfmathcalc.code.tex)
(/usr/share/texlive/texmf-dist/tex/generic/pgf/math/pgfmathfloat.code.tex
\c@pgfmathroundto@lastzeros=\count291
))
(/usr/share/texlive/texmf-dist/tex/generic/pgf/math/pgfint.code.tex)
(/usr/share/texlive/texmf-dist/tex/generic/pgf/basiclayer/pgfcorepoints.code.te
x
File: pgfcorepoints.code.tex 2023-01-15 v3.1.10 (3.1.10)
\pgf@picminx=\dimen184
\pgf@picmaxx=\dimen185
\pgf@picminy=\dimen186
\pgf@picmaxy=\dimen187
\pgf@pathminx=\dimen188
\pgf@pathmaxx=\dimen189
\pgf@pathminy=\dimen190
\pgf@pathmaxy=\dimen191
\pgf@xx=\dimen192
\pgf@xy=\dimen193
\pgf@yx=\dimen194
\pgf@yy=\dimen195
\pgf@zx=\dimen196
\pgf@zy=\dimen197
)
(/usr/share/texlive/texmf-dist/tex/generic/pgf/basiclayer/pgfcorepathconstruct.
code.tex
File: pgfcorepathconstruct.code.tex 2023-01-15 v3.1.10 (3.1.10)
\pgf@path@lastx=\dimen198
\pgf@path@lasty=\dimen199
)
(/usr/share/texlive/texmf-dist/tex/generic/pgf/basiclayer/pgfcorepathusage.code
.tex
File: pgfcorepathusage.code.tex 2023-01-15 v3.1.10 (3.1.10)
\pgf@shorten@end@additional=\dimen256
\pgf@shorten@start@additional=\dimen257
)
(/usr/share/texlive/texmf-dist/tex/generic/pgf/basiclayer/pgfcorescopes.code.te
x
File: pgfcorescopes.code.tex 2023-01-15 v3.1.10 (3.1.10)
\pgfpic=\box58
\pgf@hbox=\box59
\pgf@layerbox@main=\box60
\pgf@picture@serial@count=\count292
)
(/usr/share/texlive/texmf-dist/tex/generic/pgf/basiclayer/pgfcoregraphicstate.c
ode.tex
File: pgfcoregraphicstate.code.tex 2023-01-15 v3.1.10 (3.1.10)
\pgflinewidth=\dimen258
)
(/usr/share/texlive/texmf-dist/tex/generic/pgf/basiclayer/pgfcoretransformation
s.code.tex
File: pgfcoretransformations.code.tex 2023-01-15 v3.1.10 (3.1.10)
\pgf@pt@x=\dimen259
\pgf@pt@y=\dimen260
\pgf@pt@temp=\dimen261
)
(/usr/share/texlive/texmf-dist/tex/generic/pgf/basiclayer/pgfcorequick.code.tex
File: pgfcorequick.code.tex 2023-01-15 v3.1.10 (3.1.10)
)
(/usr/share/texlive/texmf-dist/tex/generic/pgf/basiclayer/pgfcoreobjects.code.t
ex
File: pgfcoreobjects.code.tex 2023-01-15 v3.1.10 (3.1.10)
)
(/usr/share/texlive/texmf-dist/tex/generic/pgf/basiclayer/pgfcorepathprocessing
.code.tex
File: pgfcorepathprocessing.code.tex 2023-01-15 v3.1.10 (3.1.10)
)
(/usr/share/texlive/texmf-dist/tex/generic/pgf/basiclayer/pgfcorearrows.code.te
x
File: pgfcorearrows.code.tex 2023-01-15 v3.1.10 (3.1.10)
\pgfarrowsep=\dimen262
)
(/usr/share/texlive/texmf-dist/tex/generic/pgf/basiclayer/pgfcoreshade.code.tex
File: pgfcoreshade.code.tex 2023-01-15 v3.1.10 (3.1.10)
\pgf@max=\dimen263
\pgf@sys@shading@range@num=\count293
\pgf@shadingcount=\count294
)
(/usr/share/texlive/texmf-dist/tex/generic/pgf/basiclayer/pgfcoreimage.code.tex
File: pgfcoreimage.code.tex 2023-01-15 v3.1.10 (3.1.10)
)
(/usr/share/texlive/texmf-dist/tex/generic/pgf/basiclayer/pgfcoreexternal.code.
tex
File: pgfcoreexternal.code.tex 2023-01-15 v3.1.10 (3.1.10)
\pgfexternal@startupbox=\box61
)
(/usr/share/texlive/texmf-dist/tex/generic/pgf/basiclayer/pgfcorelayers.code.te
x
File: pgfcorelayers.code.tex 2023-01-15 v3.1.10 (3.1.10)
)
(/usr/share/texlive/texmf-dist/tex/generic/pgf/basiclayer/pgfcoretransparency.c
ode.tex
File: pgfcoretransparency.code.tex 2023-01-15 v3.1.10 (3.1.10)
)
(/usr/share/texlive/texmf-dist/tex/generic/pgf/basiclayer/pgfcorepatterns.code.
tex
File: pgfcorepatterns.code.tex 2023-01-15 v3.1.10 (3.1.10)
)
(/usr/share/texlive/texmf-dist/tex/generic/pgf/basiclayer/pgfcorerdf.code.tex
File: pgfcorerdf.code.tex 2023-01-15 v3.1.10 (3.1.10)
)))
(/usr/share/texlive/texmf-dist/tex/generic/pgf/modules/pgfmoduleshapes.code.tex
File: pgfmoduleshapes.code.tex 2023-01-15 v3.1.10 (3.1.10)
\pgfnodeparttextbox=\box62
) (/usr/share/texlive/texmf-dist/tex/generic/pgf/modules/pgfmoduleplot.code.tex
File: pgfmoduleplot.code.tex 2023-01-15 v3.1.10 (3.1.10)
)
(/usr/share/texlive/texmf-dist/tex/latex/pgf/compatibility/pgfcomp-version-0-65
.sty
Package: pgfcomp-version-0-65 2023-01-15 v3.1.10 (3.1.10)
\pgf@nodesepstart=\dimen264
\pgf@nodesepend=\dimen265
)
(/usr/share/texlive/texmf-dist/tex/latex/pgf/compatibility/pgfcomp-version-1-18
.sty
Package: pgfcomp-version-1-18 2023-01-15 v3.1.10 (3.1.10)
)) (/usr/share/texlive/texmf-dist/tex/latex/pgf/utilities/pgffor.sty
(/usr/share/texlive/texmf-dist/tex/latex/pgf/utilities/pgfkeys.sty
(/usr/share/texlive/texmf-dist/tex/generic/pgf/utilities/pgfkeys.code.tex))
(/usr/share/texlive/texmf-dist/tex/latex/pgf/math/pgfmath.sty
(/usr/share/texlive/texmf-dist/tex/generic/pgf/math/pgfmath.code.tex))
(/usr/share/texlive/texmf-dist/tex/generic/pgf/utilities/pgffor.code.tex
Package: pgffor 2023-01-15 v3.1.10 (3.1.10)
\pgffor@iter=\dimen266
\pgffor@skip=\dimen267
\pgffor@stack=\toks44
\pgffor@toks=\toks45
))
(/usr/share/texlive/texmf-dist/tex/generic/pgf/frontendlayer/tikz/tikz.code.tex
Package: tikz 2023-01-15 v3.1.10 (3.1.10)

(/usr/share/texlive/texmf-dist/tex/generic/pgf/libraries/pgflibraryplothandlers
.code.tex
File: pgflibraryplothandlers.code.tex 2023-01-15 v3.1.10 (3.1.10)
\pgf@plot@mark@count=\count295
\pgfplotmarksize=\dimen268
)
\tikz@lastx=\dimen269
\tikz@lasty=\dimen270
\tikz@lastxsaved=\dimen271
\tikz@lastysaved=\dimen272
\tikz@lastmovetox=\dimen273
\tikz@lastmovetoy=\dimen274
\tikzleveldistance=\dimen275
\tikzsiblingdistance=\dimen276
\tikz@figbox=\box63
\tikz@figbox@bg=\box64
\tikz@tempbox=\box65
\tikz@tempbox@bg=\box66
\tikztreelevel=\count296
\tikznumberofchildren=\count297
\tikznumberofcurrentchild=\count298
\tikz@fig@count=\count299

(/usr/share/texlive/texmf-dist/tex/generic/pgf/modules/pgfmodulematrix.code.tex
File: pgfmodulematrix.code.tex 2023-01-15 v3.1.10 (3.1.10)
\pgfmatrixcurrentrow=\count300
\pgfmatrixcurrentcolumn=\count301
\pgf@matrix@numberofcolumns=\count302
)
\tikz@expandcount=\count303

(/usr/share/texlive/texmf-dist/tex/generic/pgf/frontendlayer/tikz/libraries/tik
zlibrarytopaths.code.tex
File: tikzlibrarytopaths.code.tex 2023-01-15 v3.1.10 (3.1.10)
)))
(/usr/share/texlive/texmf-dist/tex/generic/pgf/frontendlayer/tikz/libraries/tik
zlibrarypositioning.code.tex
File: tikzlibrarypositioning.code.tex 2023-01-15 v3.1.10 (3.1.10)
)
(/usr/share/texlive/texmf-dist/tex/latex/algorithms/algorithm.sty
Package: algorithm 2009/08/24 v0.1 Document Style `algorithm' - floating enviro
nment

(/usr/share/texlive/texmf-dist/tex/latex/base/ifthen.sty
Package: ifthen 2022/04/13 v1.1d Standard LaTeX ifthen package (DPC)
)
\@float@every@algorithm=\toks46
\c@algorithm=\count304
)
(/usr/share/texlive/texmf-dist/tex/latex/algorithmicx/algpseudocode.sty
Package: algpseudocode 

(/usr/share/texlive/texmf-dist/tex/latex/algorithmicx/algorithmicx.sty
Package: algorithmicx 2005/04/27 v1.2 Algorithmicx

Document Style algorithmicx 1.2 - a greatly improved `algorithmic' style
\c@ALG@line=\count305
\c@ALG@rem=\count306
\c@ALG@nested=\count307
\ALG@tlm=\skip60
\ALG@thistlm=\skip61
\c@ALG@Lnr=\count308
\c@ALG@blocknr=\count309
\c@ALG@storecount=\count310
\c@ALG@tmpcounter=\count311
\ALG@tmplength=\skip62
)
Document Style - pseudocode environments for use with the `algorithmicx' style
) (/usr/share/texlive/texmf-dist/tex/latex/enumitem/enumitem.sty
Package: enumitem 2019/06/20 v3.9 Customized lists
\labelindent=\skip63
\enit@outerparindent=\dimen277
\enit@toks=\toks47
\enit@inbox=\box67
\enit@count@id=\count312
\enitdp@description=\count313
)
(/usr/share/texlive/texmf-dist/tex/latex/hyperref/hyperref.sty
Package: hyperref 2024-01-20 v7.01h Hypertext links for LaTeX

(/usr/share/texlive/texmf-dist/tex/latex/kvsetkeys/kvsetkeys.sty
Package: kvsetkeys 2022-10-05 v1.19 Key value parser (HO)
)
(/usr/share/texlive/texmf-dist/tex/generic/kvdefinekeys/kvdefinekeys.sty
Package: kvdefinekeys 2019-12-19 v1.6 Define keys (HO)
)
(/usr/share/texlive/texmf-dist/tex/generic/pdfescape/pdfescape.sty
Package: pdfescape 2019/12/09 v1.15 Implements pdfTeX's escape features (HO)

(/usr/share/texlive/texmf-dist/tex/generic/ltxcmds/ltxcmds.sty
Package: ltxcmds 2023-12-04 v1.26 LaTeX kernel commands for general use (HO)
)
(/usr/share/texlive/texmf-dist/tex/generic/pdftexcmds/pdftexcmds.sty
Package: pdftexcmds 2020-06-27 v0.33 Utility functions of pdfTeX for LuaTeX (HO
)

(/usr/share/texlive/texmf-dist/tex/generic/infwarerr/infwarerr.sty
Package: infwarerr 2019/12/03 v1.5 Providing info/warning/error messages (HO)
)
Package pdftexcmds Info: \pdf@primitive is available.
Package pdftexcmds Info: \pdf@ifprimitive is available.
Package pdftexcmds Info: \pdfdraftmode found.
))
(/usr/share/texlive/texmf-dist/tex/latex/hycolor/hycolor.sty
Package: hycolor 2020-01-27 v1.10 Color options for hyperref/bookmark (HO)
)
(/usr/share/texlive/texmf-dist/tex/latex/auxhook/auxhook.sty
Package: auxhook 2019-12-17 v1.6 Hooks for auxiliary files (HO)
)
(/usr/share/texlive/texmf-dist/tex/latex/hyperref/nameref.sty
Package: nameref 2023-11-26 v2.56 Cross-referencing by name of section

(/usr/share/texlive/texmf-dist/tex/latex/refcount/refcount.sty
Package: refcount 2019/12/15 v3.6 Data extraction from label references (HO)
)
(/usr/share/texlive/texmf-dist/tex/generic/gettitlestring/gettitlestring.sty
Package: gettitlestring 2019/12/15 v1.6 Cleanup title references (HO)

(/usr/share/texlive/texmf-dist/tex/latex/kvoptions/kvoptions.sty
Package: kvoptions 2022-06-15 v3.15 Key value format for package options (HO)
))
\c@section@level=\count314
)
(/usr/share/texlive/texmf-dist/tex/latex/etoolbox/etoolbox.sty
Package: etoolbox 2020/10/05 v2.5k e-TeX tools for LaTeX (JAW)
\etb@tempcnta=\count315
)
\@linkdim=\dimen278
\Hy@linkcounter=\count316
\Hy@pagecounter=\count317

(/usr/share/texlive/texmf-dist/tex/latex/hyperref/pd1enc.def
File: pd1enc.def 2024-01-20 v7.01h Hyperref: PDFDocEncoding definition (HO)
Now handling font encoding PD1 ...
... no UTF-8 mapping file for font encoding PD1
)
(/usr/share/texlive/texmf-dist/tex/generic/intcalc/intcalc.sty
Package: intcalc 2019/12/15 v1.3 Expandable calculations with integers (HO)
)
\Hy@SavedSpaceFactor=\count318

(/usr/share/texlive/texmf-dist/tex/latex/hyperref/puenc.def
File: puenc.def 2024-01-20 v7.01h Hyperref: PDF Unicode definition (HO)
Now handling font encoding PU ...
... no UTF-8 mapping file for font encoding PU
)
Package hyperref Info: Hyper figures OFF on input line 4179.
Package hyperref Info: Link nesting OFF on input line 4184.
Package hyperref Info: Hyper index ON on input line 4187.
Package hyperref Info: Plain pages OFF on input line 4194.
Package hyperref Info: Backreferencing OFF on input line 4199.
Package hyperref Info: Implicit mode ON; LaTeX internals redefined.
Package hyperref Info: Bookmarks ON on input line 4446.
\c@Hy@tempcnt=\count319

(/usr/share/texlive/texmf-dist/tex/latex/url/url.sty
\Urlmuskip=\muskip17
Package: url 2013/09/16  ver 3.4  Verb mode for urls, etc.
)
LaTeX Info: Redefining \url on input line 4784.
\XeTeXLinkMargin=\dimen279

(/usr/share/texlive/texmf-dist/tex/generic/bitset/bitset.sty
Package: bitset 2019/12/09 v1.3 Handle bit-vector datatype (HO)

(/usr/share/texlive/texmf-dist/tex/generic/bigintcalc/bigintcalc.sty
Package: bigintcalc 2019/12/15 v1.5 Expandable calculations on big integers (HO
)
))
\Fld@menulength=\count320
\Field@Width=\dimen280
\Fld@charsize=\dimen281
Package hyperref Info: Hyper figures OFF on input line 6063.
Package hyperref Info: Link nesting OFF on input line 6068.
Package hyperref Info: Hyper index ON on input line 6071.
Package hyperref Info: backreferencing OFF on input line 6078.
Package hyperref Info: Link coloring OFF on input line 6083.
Package hyperref Info: Link coloring with OCG OFF on input line 6088.
Package hyperref Info: PDF/A mode OFF on input line 6093.

(/usr/share/texlive/texmf-dist/tex/latex/base/atbegshi-ltx.sty
Package: atbegshi-ltx 2021/01/10 v1.0c Emulation of the original atbegshi
package with kernel methods
)
\Hy@abspage=\count321
\c@Item=\count322
\c@Hfootnote=\count323
)
Package hyperref Info: Driver (autodetected): hpdftex.

(/usr/share/texlive/texmf-dist/tex/latex/hyperref/hpdftex.def
File: hpdftex.def 2024-01-20 v7.01h Hyperref driver for pdfTeX

(/usr/share/texlive/texmf-dist/tex/latex/base/atveryend-ltx.sty
Package: atveryend-ltx 2020/08/19 v1.0a Emulation of the original atveryend pac
kage
with kernel methods
)
\Fld@listcount=\count324
\c@bookmark@seq@number=\count325

(/usr/share/texlive/texmf-dist/tex/latex/rerunfilecheck/rerunfilecheck.sty
Package: rerunfilecheck 2022-07-10 v1.10 Rerun checks for auxiliary files (HO)

(/usr/share/texlive/texmf-dist/tex/generic/uniquecounter/uniquecounter.sty
Package: uniquecounter 2019/12/15 v1.4 Provide unlimited unique counter (HO)
)
Package uniquecounter Info: New unique counter `rerunfilecheck' on input line 2
85.
)
\Hy@SectionHShift=\skip64
)
(/usr/share/texlive/texmf-dist/tex/latex/csquotes/csquotes.sty
Package: csquotes 2022-09-14 v5.2n context-sensitive quotations (JAW)
\csq@reset=\count326
\csq@gtype=\count327
\csq@glevel=\count328
\csq@qlevel=\count329
\csq@maxlvl=\count330
\csq@tshold=\count331
\csq@ltx@everypar=\toks48

(/usr/share/texlive/texmf-dist/tex/latex/csquotes/csquotes.def
File: csquotes.def 2022-09-14 v5.2n csquotes generic definitions (JAW)
)
Package csquotes Info: Trying to load configuration file 'csquotes.cfg'...
Package csquotes Info: ... configuration file loaded successfully.

(/usr/share/texlive/texmf-dist/tex/latex/csquotes/csquotes.cfg
File: csquotes.cfg 
))
(/usr/share/texlive/texmf-dist/tex/latex/biblatex/biblatex.sty
Package: biblatex 2023/03/05 v3.19 programmable bibliographies (PK/MW)

(/usr/share/texlive/texmf-dist/tex/latex/logreq/logreq.sty
Package: logreq 2010/08/04 v1.0 xml request logger
\lrq@indent=\count332

(/usr/share/texlive/texmf-dist/tex/latex/logreq/logreq.def
File: logreq.def 2010/08/04 v1.0 logreq spec v1.0
))
\c@tabx@nest=\count333
\c@listtotal=\count334
\c@listcount=\count335
\c@liststart=\count336
\c@liststop=\count337
\c@citecount=\count338
\c@citetotal=\count339
\c@multicitecount=\count340
\c@multicitetotal=\count341
\c@instcount=\count342
\c@maxnames=\count343
\c@minnames=\count344
\c@maxitems=\count345
\c@minitems=\count346
\c@citecounter=\count347
\c@maxcitecounter=\count348
\c@savedcitecounter=\count349
\c@uniquelist=\count350
\c@uniquename=\count351
\c@refsection=\count352
\c@refsegment=\count353
\c@maxextratitle=\count354
\c@maxextratitleyear=\count355
\c@maxextraname=\count356
\c@maxextradate=\count357
\c@maxextraalpha=\count358
\c@abbrvpenalty=\count359
\c@highnamepenalty=\count360
\c@lownamepenalty=\count361
\c@maxparens=\count362
\c@parenlevel=\count363
\blx@tempcnta=\count364
\blx@tempcntb=\count365
\blx@tempcntc=\count366
\c@blx@maxsection=\count367
\blx@maxsegment@0=\count368
\blx@notetype=\count369
\blx@parenlevel@text=\count370
\blx@parenlevel@foot=\count371
\blx@sectionciteorder@0=\count372
\blx@sectionciteorderinternal@0=\count373
\blx@entrysetcounter=\count374
\blx@biblioinstance=\count375
\labelnumberwidth=\skip65
\labelalphawidth=\skip66
\biblabelsep=\skip67
\bibitemsep=\skip68
\bibnamesep=\skip69
\bibinitsep=\skip70
\bibparsep=\skip71
\bibhang=\skip72
\blx@bcfin=\read4
\blx@bcfout=\write4
\blx@langwohyphens=\language90
\c@mincomprange=\count376
\c@maxcomprange=\count377
\c@mincompwidth=\count378
Package biblatex Info: Trying to load biblatex default data model...
Package biblatex Info: ... file 'blx-dm.def' found.

(/usr/share/texlive/texmf-dist/tex/latex/biblatex/blx-dm.def
File: blx-dm.def 2023/03/05 v3.19 biblatex localization (PK/MW)
)
Package biblatex Info: Trying to load biblatex style data model...
Package biblatex Info: ... file 'numeric.dbx' not found.
Package biblatex Info: Trying to load biblatex custom data model...
Package biblatex Info: ... file 'biblatex-dm.cfg' not found.
\c@afterword=\count379
\c@savedafterword=\count380
\c@annotator=\count381
\c@savedannotator=\count382
\c@author=\count383
\c@savedauthor=\count384
\c@bookauthor=\count385
\c@savedbookauthor=\count386
\c@commentator=\count387
\c@savedcommentator=\count388
\c@editor=\count389
\c@savededitor=\count390
\c@editora=\count391
\c@savededitora=\count392
\c@editorb=\count393
\c@savededitorb=\count394
\c@editorc=\count395
\c@savededitorc=\count396
\c@foreword=\count397
\c@savedforeword=\count398
\c@holder=\count399
\c@savedholder=\count400
\c@introduction=\count401
\c@savedintroduction=\count402
\c@namea=\count403
\c@savednamea=\count404
\c@nameb=\count405
\c@savednameb=\count406
\c@namec=\count407
\c@savednamec=\count408
\c@translator=\count409
\c@savedtranslator=\count410
\c@shortauthor=\count411
\c@savedshortauthor=\count412
\c@shorteditor=\count413
\c@savedshorteditor=\count414
\c@labelname=\count415
\c@savedlabelname=\count416
\c@institution=\count417
\c@savedinstitution=\count418
\c@lista=\count419
\c@savedlista=\count420
\c@listb=\count421
\c@savedlistb=\count422
\c@listc=\count423
\c@savedlistc=\count424
\c@listd=\count425
\c@savedlistd=\count426
\c@liste=\count427
\c@savedliste=\count428
\c@listf=\count429
\c@savedlistf=\count430
\c@location=\count431
\c@savedlocation=\count432
\c@organization=\count433
\c@savedorganization=\count434
\c@origlocation=\count435
\c@savedoriglocation=\count436
\c@origpublisher=\count437
\c@savedorigpublisher=\count438
\c@publisher=\count439
\c@savedpublisher=\count440
\c@language=\count441
\c@savedlanguage=\count442
\c@origlanguage=\count443
\c@savedoriglanguage=\count444
\c@pageref=\count445
\c@savedpageref=\count446
\shorthandwidth=\skip73
\shortjournalwidth=\skip74
\shortserieswidth=\skip75
\shorttitlewidth=\skip76
\shortauthorwidth=\skip77
\shorteditorwidth=\skip78
\locallabelnumberwidth=\skip79
\locallabelalphawidth=\skip80
\localshorthandwidth=\skip81
\localshortjournalwidth=\skip82
\localshortserieswidth=\skip83
\localshorttitlewidth=\skip84
\localshortauthorwidth=\skip85
\localshorteditorwidth=\skip86
Package biblatex Info: Trying to load compatibility code...
Package biblatex Info: ... file 'blx-compat.def' found.

(/usr/share/texlive/texmf-dist/tex/latex/biblatex/blx-compat.def
File: blx-compat.def 2023/03/05 v3.19 biblatex compatibility (PK/MW)
)
Package biblatex Info: Trying to load generic definitions...
Package biblatex Info: ... file 'biblatex.def' found.

(/usr/share/texlive/texmf-dist/tex/latex/biblatex/biblatex.def
File: biblatex.def 2023/03/05 v3.19 biblatex compatibility (PK/MW)
\c@textcitecount=\count447
\c@textcitetotal=\count448
\c@textcitemaxnames=\count449
\c@biburlbigbreakpenalty=\count450
\c@biburlbreakpenalty=\count451
\c@biburlnumpenalty=\count452
\c@biburlucpenalty=\count453
\c@biburllcpenalty=\count454
\biburlbigskip=\muskip18
\biburlnumskip=\muskip19
\biburlucskip=\muskip20
\biburllcskip=\muskip21
\c@smartand=\count455
)
Package biblatex Info: Trying to load bibliography style 'numeric'...
Package biblatex Info: ... file 'numeric.bbx' found.

(/usr/share/texlive/texmf-dist/tex/latex/biblatex/bbx/numeric.bbx
File: numeric.bbx 2023/03/05 v3.19 biblatex bibliography style (PK/MW)
Package biblatex Info: Trying to load bibliography style 'standard'...
Package biblatex Info: ... file 'standard.bbx' found.

(/usr/share/texlive/texmf-dist/tex/latex/biblatex/bbx/standard.bbx
File: standard.bbx 2023/03/05 v3.19 biblatex bibliography style (PK/MW)
\c@bbx:relatedcount=\count456
\c@bbx:relatedtotal=\count457
))
Package biblatex Info: Trying to load citation style 'numeric'...
Package biblatex Info: ... file 'numeric.cbx' found.

(/usr/share/texlive/texmf-dist/tex/latex/biblatex/cbx/numeric.cbx
File: numeric.cbx 2023/03/05 v3.19 biblatex citation style (PK/MW)
Package biblatex Info: Redefining '\cite'.
Package biblatex Info: Redefining '\parencite'.
Package biblatex Info: Redefining '\footcite'.
Package biblatex Info: Redefining '\footcitetext'.
Package biblatex Info: Redefining '\smartcite'.
Package biblatex Info: Redefining '\supercite'.
Package biblatex Info: Redefining '\textcite'.
Package biblatex Info: Redefining '\textcites'.
Package biblatex Info: Redefining '\cites'.
Package biblatex Info: Redefining '\parencites'.
Package biblatex Info: Redefining '\smartcites'.
)
Package biblatex Info: Trying to load configuration file...
Package biblatex Info: ... file 'biblatex.cfg' found.

(/usr/share/texlive/texmf-dist/tex/latex/biblatex/biblatex.cfg
File: biblatex.cfg 
)
Package biblatex Info: Input encoding 'utf8' detected.
Package biblatex Info: Document encoding is UTF8 ....

(/usr/share/texlive/texmf-dist/tex/latex/l3kernel/expl3.sty
Package: expl3 2024-01-22 L3 programming layer (loader) 

(/usr/share/texlive/texmf-dist/tex/latex/l3backend/l3backend-pdftex.def
File: l3backend-pdftex.def 2024-01-04 L3 backend support: PDF output (pdfTeX)
\l__color_backend_stack_int=\count458
\l__pdf_internal_box=\box68
))
Package biblatex Info: ... and expl3
(biblatex)             2024-01-22 L3 programming layer (loader) 
(biblatex)             is new enough (at least 2020/04/06),
(biblatex)             setting 'casechanger=expl3'.

(/usr/share/texlive/texmf-dist/tex/latex/biblatex/blx-case-expl3.sty
(/usr/share/texlive/texmf-dist/tex/latex/l3packages/xparse/xparse.sty
Package: xparse 2023-10-10 L3 Experimental document command parser
)
Package: blx-case-expl3 2023/03/05 v3.19 expl3 case changing code for biblatex
))
\c@tw=\count459
Package hyperref Info: Option `colorlinks' set `true' on input line 73.
Package csquotes Info: Checking for multilingual support...
Package csquotes Info: ... found 'babel' package.
Package csquotes Info: Adjusting default style.
Package csquotes Info: Redefining alias 'default' -> 'polish'.
LaTeX Font Info:    Trying to load font information for T1+lmr on input line 79
.

(/usr/share/texmf/tex/latex/lm/t1lmr.fd
File: t1lmr.fd 2015/05/01 v1.6.1 Font defs for Latin Modern
) (./main.aux)
\openout1 = `main.aux'.

LaTeX Font Info:    Checking defaults for OML/cmm/m/it on input line 79.
LaTeX Font Info:    ... okay on input line 79.
LaTeX Font Info:    Checking defaults for OMS/cmsy/m/n on input line 79.
LaTeX Font Info:    ... okay on input line 79.
LaTeX Font Info:    Checking defaults for OT1/cmr/m/n on input line 79.
LaTeX Font Info:    ... okay on input line 79.
LaTeX Font Info:    Checking defaults for T1/cmr/m/n on input line 79.
LaTeX Font Info:    ... okay on input line 79.
LaTeX Font Info:    Checking defaults for TS1/cmr/m/n on input line 79.
LaTeX Font Info:    ... okay on input line 79.
LaTeX Font Info:    Checking defaults for OMX/cmex/m/n on input line 79.
LaTeX Font Info:    ... okay on input line 79.
LaTeX Font Info:    Checking defaults for U/cmr/m/n on input line 79.
LaTeX Font Info:    ... okay on input line 79.
LaTeX Font Info:    Checking defaults for PD1/pdf/m/n on input line 79.
LaTeX Font Info:    ... okay on input line 79.
LaTeX Font Info:    Checking defaults for PU/pdf/m/n on input line 79.
LaTeX Font Info:    ... okay on input line 79.

*geometry* driver: auto-detecting
*geometry* detected driver: pdftex
*geometry* verbose mode - [ preamble ] result:
* driver: pdftex
* paper: a4paper
* layout: <same size as paper>
* layoutoffset:(h,v)=(0.0pt,0.0pt)
* modes: 
* h-part:(L,W,R)=(42.67912pt, 512.14963pt, 42.67912pt)
* v-part:(T,H,B)=(42.67912pt, 759.6886pt, 42.67912pt)
* \paperwidth=597.50787pt
* \paperheight=845.04684pt
* \textwidth=512.14963pt
* \textheight=759.6886pt
* \oddsidemargin=-29.59087pt
* \evensidemargin=-29.59087pt
* \topmargin=-66.59087pt
* \headheight=12.0pt
* \headsep=25.0pt
* \topskip=10.0pt
* \footskip=30.0pt
* \marginparwidth=57.0pt
* \marginparsep=11.0pt
* \columnsep=10.0pt
* \skip\footins=9.0pt plus 4.0pt minus 2.0pt
* \hoffset=0.0pt
* \voffset=0.0pt
* \mag=1000
* \@twocolumnfalse
* \@twosidefalse
* \@mparswitchfalse
* \@reversemarginfalse
* (1in=72.27pt=25.4mm, 1cm=28.453pt)

(/usr/share/texlive/texmf-dist/tex/context/base/mkii/supp-pdf.mkii
[Loading MPS to PDF converter (version 2006.09.02).]
\scratchcounter=\count460
\scratchdimen=\dimen282
\scratchbox=\box69
\nofMPsegments=\count461
\nofMParguments=\count462
\everyMPshowfont=\toks49
\MPscratchCnt=\count463
\MPscratchDim=\dimen283
\MPnumerator=\count464
\makeMPintoPDFobject=\count465
\everyMPtoPDFconversion=\toks50
) (/usr/share/texlive/texmf-dist/tex/latex/epstopdf-pkg/epstopdf-base.sty
Package: epstopdf-base 2020-01-24 v2.11 Base part for package epstopdf
Package epstopdf-base Info: Redefining graphics rule for `.eps' on input line 4
85.

(/usr/share/texlive/texmf-dist/tex/latex/latexconfig/epstopdf-sys.cfg
File: epstopdf-sys.cfg 2010/07/13 v1.3 Configuration of (r)epstopdf for TeX Liv
e
))
Package hyperref Info: Link coloring ON on input line 79.

(./main.out) (./main.out)
\@outlinefile=\write5
\openout5 = `main.out'.

Package biblatex Info: Trying to load language 'polish'...
Package biblatex Info: ... file 'polish.lbx' found.

(/usr/share/texlive/texmf-dist/tex/latex/biblatex/lbx/polish.lbx
File: polish.lbx 2023/03/05 v3.19 biblatex localization (PK/MW)
)
Package biblatex Info: Input encoding 'utf8' detected.
Package biblatex Info: Automatic encoding selection.
(biblatex)             Assuming data encoding 'utf8'.
\openout4 = `main.bcf'.

Package biblatex Info: Trying to load bibliographic data...
Package biblatex Info: ... file 'main.bbl' not found.

No file main.bbl.
Package biblatex Info: Reference section=0 on input line 79.
Package biblatex Info: Reference segment=0 on input line 79.
LaTeX Font Info:    Trying to load font information for OT1+lmr on input line 8
3.
(/usr/share/texmf/tex/latex/lm/ot1lmr.fd
File: ot1lmr.fd 2015/05/01 v1.6.1 Font defs for Latin Modern
)
LaTeX Font Info:    Trying to load font information for OML+lmm on input line 8
3.

(/usr/share/texmf/tex/latex/lm/omllmm.fd
File: omllmm.fd 2015/05/01 v1.6.1 Font defs for Latin Modern
)
LaTeX Font Info:    Trying to load font information for OMS+lmsy on input line 
83.

(/usr/share/texmf/tex/latex/lm/omslmsy.fd
File: omslmsy.fd 2015/05/01 v1.6.1 Font defs for Latin Modern
)
LaTeX Font Info:    Trying to load font information for OMX+lmex on input line 
83.

(/usr/share/texmf/tex/latex/lm/omxlmex.fd
File: omxlmex.fd 2015/05/01 v1.6.1 Font defs for Latin Modern
)
LaTeX Font Info:    External font `lmex10' loaded for size
(Font)              <12> on input line 83.
LaTeX Font Info:    External font `lmex10' loaded for size
(Font)              <8> on input line 83.
LaTeX Font Info:    External font `lmex10' loaded for size
(Font)              <6> on input line 83.
LaTeX Font Info:    Trying to load font information for U+msa on input line 83.


(/usr/share/texlive/texmf-dist/tex/latex/amsfonts/umsa.fd
File: umsa.fd 2013/01/14 v3.01 AMS symbols A
)
LaTeX Font Info:    Trying to load font information for U+msb on input line 83.


(/usr/share/texlive/texmf-dist/tex/latex/amsfonts/umsb.fd
File: umsb.fd 2013/01/14 v3.01 AMS symbols B
)
LaTeX Font Info:    External font `lmex10' loaded for size
(Font)              <10> on input line 87.
LaTeX Font Info:    External font `lmex10' loaded for size
(Font)              <7> on input line 87.
LaTeX Font Info:    External font `lmex10' loaded for size
(Font)              <5> on input line 87.
<images/0,25.png, id=67, 291.33844pt x 291.33844pt>
File: images/0,25.png Graphic file (type png)
<use images/0,25.png>
Package pdftex.def Info: images/0,25.png  used on input line 126.
(pdftex.def)             Requested size: 92.18318pt x 92.18108pt.
<images/2,5.png, id=69, 490.83376pt x 487.8225pt>
File: images/2,5.png Graphic file (type png)
<use images/2,5.png>
Package pdftex.def Info: images/2,5.png  used on input line 127.
(pdftex.def)             Requested size: 92.18318pt x 91.61536pt.
<images/10.png, id=70, 416.30531pt x 414.79968pt>
File: images/10.png Graphic file (type png)
<use images/10.png>
Package pdftex.def Info: images/10.png  used on input line 128.
(pdftex.def)             Requested size: 92.18318pt x 91.85117pt.
<images/25.png, id=71, 578.16pt x 575.90157pt>
File: images/25.png Graphic file (type png)
<use images/25.png>
Package pdftex.def Info: images/25.png  used on input line 129.
(pdftex.def)             Requested size: 92.18318pt x 91.82098pt.
File: images/0,25.png Graphic file (type png)
<use images/0,25.png>
Package pdftex.def Info: images/0,25.png  used on input line 144.
(pdftex.def)             Requested size: 17.99966pt x 18.00003pt.
<images/0,5.png, id=72, 345.54094pt x 341.02406pt>
File: images/0,5.png Graphic file (type png)
<use images/0,5.png>
Package pdftex.def Info: images/0,5.png  used on input line 144.
(pdftex.def)             Requested size: 18.23766pt x 18.00003pt.
<images/1,25.png, id=73, 412.54124pt x 404.26031pt>
File: images/1,25.png Graphic file (type png)
<use images/1,25.png>
Package pdftex.def Info: images/1,25.png  used on input line 144.
(pdftex.def)             Requested size: 18.36841pt x 18.00003pt.
File: images/2,5.png Graphic file (type png)
<use images/2,5.png>
Package pdftex.def Info: images/2,5.png  used on input line 144.
(pdftex.def)             Requested size: 18.10963pt x 18.00003pt.
<images/5.png, id=74, 590.205pt x 588.69937pt>
File: images/5.png Graphic file (type png)
<use images/5.png>
Package pdftex.def Info: images/5.png  used on input line 145.
(pdftex.def)             Requested size: 18.03859pt x 18.00003pt.
File: images/10.png Graphic file (type png)
<use images/10.png>
Package pdftex.def Info: images/10.png  used on input line 145.
(pdftex.def)             Requested size: 18.05959pt x 18.00003pt.
<images/15.png, id=75, 516.42938pt x 510.40688pt>
File: images/15.png Graphic file (type png)
<use images/15.png>
Package pdftex.def Info: images/15.png  used on input line 145.
(pdftex.def)             Requested size: 18.21083pt x 18.00003pt.
<images/20.png, id=76, 574.39594pt x 573.64313pt>
File: images/20.png Graphic file (type png)
<use images/20.png>
Package pdftex.def Info: images/20.png  used on input line 145.
(pdftex.def)             Requested size: 18.01994pt x 18.00003pt.
File: images/25.png Graphic file (type png)
<use images/25.png>
Package pdftex.def Info: images/25.png  used on input line 145.
(pdftex.def)             Requested size: 18.06744pt x 18.00003pt.
<images/pusta.jpg, id=77, 199.49532pt x 199.49532pt>
File: images/pusta.jpg Graphic file (type jpg)
<use images/pusta.jpg>
Package pdftex.def Info: images/pusta.jpg  used on input line 148.
(pdftex.def)             Requested size: 17.99945pt x 18.00003pt.
File: images/pusta.jpg Graphic file (type jpg)
<use images/pusta.jpg>
Package pdftex.def Info: images/pusta.jpg  used on input line 155.
(pdftex.def)             Requested size: 17.99945pt x 18.00003pt.
File: images/0,25.png Graphic file (type png)
<use images/0,25.png>
Package pdftex.def Info: images/0,25.png  used on input line 156.
(pdftex.def)             Requested size: 17.99966pt x 18.00003pt.
File: images/0,5.png Graphic file (type png)
<use images/0,5.png>
Package pdftex.def Info: images/0,5.png  used on input line 156.
(pdftex.def)             Requested size: 18.23766pt x 18.00003pt.
File: images/1,25.png Graphic file (type png)
<use images/1,25.png>
Package pdftex.def Info: images/1,25.png  used on input line 156.
(pdftex.def)             Requested size: 18.36841pt x 18.00003pt.
File: images/2,5.png Graphic file (type png)
<use images/2,5.png>
Package pdftex.def Info: images/2,5.png  used on input line 157.
(pdftex.def)             Requested size: 18.10963pt x 18.00003pt.
File: images/5.png Graphic file (type png)
<use images/5.png>
Package pdftex.def Info: images/5.png  used on input line 157.
(pdftex.def)             Requested size: 18.03859pt x 18.00003pt.
File: images/10.png Graphic file (type png)
<use images/10.png>
Package pdftex.def Info: images/10.png  used on input line 158.
(pdftex.def)             Requested size: 18.05959pt x 18.00003pt.
File: images/15.png Graphic file (type png)
<use images/15.png>
Package pdftex.def Info: images/15.png  used on input line 158.
(pdftex.def)             Requested size: 18.21083pt x 18.00003pt.
File: images/20.png Graphic file (type png)
<use images/20.png>
Package pdftex.def Info: images/20.png  used on input line 158.
(pdftex.def)             Requested size: 18.01994pt x 18.00003pt.
File: images/25.png Graphic file (type png)
<use images/25.png>
Package pdftex.def Info: images/25.png  used on input line 158.
(pdftex.def)             Requested size: 18.06744pt x 18.00003pt.
File: images/0,25.png Graphic file (type png)
<use images/0,25.png>
Package pdftex.def Info: images/0,25.png  used on input line 159.
(pdftex.def)             Requested size: 17.99966pt x 18.00003pt.
File: images/0,5.png Graphic file (type png)
<use images/0,5.png>
Package pdftex.def Info: images/0,5.png  used on input line 159.
(pdftex.def)             Requested size: 18.23766pt x 18.00003pt.
File: images/1,25.png Graphic file (type png)
<use images/1,25.png>
Package pdftex.def Info: images/1,25.png  used on input line 159.
(pdftex.def)             Requested size: 18.36841pt x 18.00003pt.
File: images/2,5.png Graphic file (type png)
<use images/2,5.png>
Package pdftex.def Info: images/2,5.png  used on input line 159.
(pdftex.def)             Requested size: 18.10963pt x 18.00003pt.
File: images/5.png Graphic file (type png)
<use images/5.png>
Package pdftex.def Info: images/5.png  used on input line 159.
(pdftex.def)             Requested size: 18.03859pt x 18.00003pt.
File: images/0,25.png Graphic file (type png)
<use images/0,25.png>
Package pdftex.def Info: images/0,25.png  used on input line 160.
(pdftex.def)             Requested size: 17.99966pt x 18.00003pt.
File: images/0,5.png Graphic file (type png)
<use images/0,5.png>
Package pdftex.def Info: images/0,5.png  used on input line 160.
(pdftex.def)             Requested size: 18.23766pt x 18.00003pt.
File: images/1,25.png Graphic file (type png)
<use images/1,25.png>
Package pdftex.def Info: images/1,25.png  used on input line 160.
(pdftex.def)             Requested size: 18.36841pt x 18.00003pt.
File: images/10.png Graphic file (type png)
<use images/10.png>
Package pdftex.def Info: images/10.png  used on input line 160.
(pdftex.def)             Requested size: 18.05959pt x 18.00003pt.
File: images/15.png Graphic file (type png)
<use images/15.png>
Package pdftex.def Info: images/15.png  used on input line 160.
(pdftex.def)             Requested size: 18.21083pt x 18.00003pt.
File: images/20.png Graphic file (type png)
<use images/20.png>
Package pdftex.def Info: images/20.png  used on input line 160.
(pdftex.def)             Requested size: 18.01994pt x 18.00003pt.
File: images/25.png Graphic file (type png)
<use images/25.png>
Package pdftex.def Info: images/25.png  used on input line 160.
(pdftex.def)             Requested size: 18.06744pt x 18.00003pt.
File: images/2,5.png Graphic file (type png)
<use images/2,5.png>
Package pdftex.def Info: images/2,5.png  used on input line 161.
(pdftex.def)             Requested size: 18.10963pt x 18.00003pt.
File: images/5.png Graphic file (type png)
<use images/5.png>
Package pdftex.def Info: images/5.png  used on input line 161.
(pdftex.def)             Requested size: 18.03859pt x 18.00003pt.
File: images/10.png Graphic file (type png)
<use images/10.png>
Package pdftex.def Info: images/10.png  used on input line 161.
(pdftex.def)             Requested size: 18.05959pt x 18.00003pt.
File: images/15.png Graphic file (type png)
<use images/15.png>
Package pdftex.def Info: images/15.png  used on input line 161.
(pdftex.def)             Requested size: 18.21083pt x 18.00003pt.
File: images/20.png Graphic file (type png)
<use images/20.png>
Package pdftex.def Info: images/20.png  used on input line 161.
(pdftex.def)             Requested size: 18.01994pt x 18.00003pt.
File: images/25.png Graphic file (type png)
<use images/25.png>
Package pdftex.def Info: images/25.png  used on input line 161.
(pdftex.def)             Requested size: 18.06744pt x 18.00003pt.
File: images/0,25.png Graphic file (type png)
<use images/0,25.png>
Package pdftex.def Info: images/0,25.png  used on input line 162.
(pdftex.def)             Requested size: 17.99966pt x 18.00003pt.
File: images/0,5.png Graphic file (type png)
<use images/0,5.png>
Package pdftex.def Info: images/0,5.png  used on input line 162.
(pdftex.def)             Requested size: 18.23766pt x 18.00003pt.
File: images/1,25.png Graphic file (type png)
<use images/1,25.png>
Package pdftex.def Info: images/1,25.png  used on input line 162.
(pdftex.def)             Requested size: 18.36841pt x 18.00003pt.
File: images/2,5.png Graphic file (type png)
<use images/2,5.png>
Package pdftex.def Info: images/2,5.png  used on input line 162.
(pdftex.def)             Requested size: 18.10963pt x 18.00003pt.
File: images/5.png Graphic file (type png)
<use images/5.png>
Package pdftex.def Info: images/5.png  used on input line 162.
(pdftex.def)             Requested size: 18.03859pt x 18.00003pt.
File: images/10.png Graphic file (type png)
<use images/10.png>
Package pdftex.def Info: images/10.png  used on input line 162.
(pdftex.def)             Requested size: 18.05959pt x 18.00003pt.
File: images/15.png Graphic file (type png)
<use images/15.png>
Package pdftex.def Info: images/15.png  used on input line 162.
(pdftex.def)             Requested size: 18.21083pt x 18.00003pt.
File: images/20.png Graphic file (type png)
<use images/20.png>
Package pdftex.def Info: images/20.png  used on input line 162.
(pdftex.def)             Requested size: 18.01994pt x 18.00003pt.
File: images/25.png Graphic file (type png)
<use images/25.png>
Package pdftex.def Info: images/25.png  used on input line 162.
(pdftex.def)             Requested size: 18.06744pt x 18.00003pt.
 [1

{/var/lib/texmf/fonts/map/pdftex/updmap/pdftex.map}{/usr/share/texmf/fonts/enc/
dvips/lm/lm-ec.enc}{/usr/share/texmf/fonts/enc/dvips/lm/lm-mathit.enc}{/usr/sha
re/texmf/fonts/enc/dvips/lm/lm-mathsy.enc}{/usr/share/texmf/fonts/enc/dvips/lm/
lm-rm.enc}{/usr/share/texmf/fonts/enc/dvips/lm/lm-mathex.enc} <./images/0,25.pn
g> <./images/2,5.png> <./images/10.png> <./images/25.png> <./images/0,5.png> <.
/images/1,25.png> <./images/5.png> <./images/15.png> <./images/20.png>]
File: images/pusta.jpg Graphic file (type jpg)
<use images/pusta.jpg>
Package pdftex.def Info: images/pusta.jpg  used on input line 175.
(pdftex.def)             Requested size: 17.99945pt x 18.00003pt.
File: images/0,25.png Graphic file (type png)
<use images/0,25.png>
Package pdftex.def Info: images/0,25.png  used on input line 176.
(pdftex.def)             Requested size: 17.99966pt x 18.00003pt.
File: images/0,5.png Graphic file (type png)
<use images/0,5.png>
Package pdftex.def Info: images/0,5.png  used on input line 176.
(pdftex.def)             Requested size: 18.23766pt x 18.00003pt.
File: images/1,25.png Graphic file (type png)
<use images/1,25.png>
Package pdftex.def Info: images/1,25.png  used on input line 176.
(pdftex.def)             Requested size: 18.36841pt x 18.00003pt.
File: images/2,5.png Graphic file (type png)
<use images/2,5.png>
Package pdftex.def Info: images/2,5.png  used on input line 177.
(pdftex.def)             Requested size: 18.10963pt x 18.00003pt.
File: images/5.png Graphic file (type png)
<use images/5.png>
Package pdftex.def Info: images/5.png  used on input line 177.
(pdftex.def)             Requested size: 18.03859pt x 18.00003pt.
File: images/10.png Graphic file (type png)
<use images/10.png>
Package pdftex.def Info: images/10.png  used on input line 178.
(pdftex.def)             Requested size: 18.05959pt x 18.00003pt.
File: images/15.png Graphic file (type png)
<use images/15.png>
Package pdftex.def Info: images/15.png  used on input line 178.
(pdftex.def)             Requested size: 18.21083pt x 18.00003pt.
File: images/20.png Graphic file (type png)
<use images/20.png>
Package pdftex.def Info: images/20.png  used on input line 178.
(pdftex.def)             Requested size: 18.01994pt x 18.00003pt.
File: images/25.png Graphic file (type png)
<use images/25.png>
Package pdftex.def Info: images/25.png  used on input line 178.
(pdftex.def)             Requested size: 18.06744pt x 18.00003pt.
File: images/0,25.png Graphic file (type png)
<use images/0,25.png>
Package pdftex.def Info: images/0,25.png  used on input line 179.
(pdftex.def)             Requested size: 17.99966pt x 18.00003pt.
File: images/0,5.png Graphic file (type png)
<use images/0,5.png>
Package pdftex.def Info: images/0,5.png  used on input line 179.
(pdftex.def)             Requested size: 18.23766pt x 18.00003pt.
File: images/1,25.png Graphic file (type png)
<use images/1,25.png>
Package pdftex.def Info: images/1,25.png  used on input line 179.
(pdftex.def)             Requested size: 18.36841pt x 18.00003pt.
File: images/2,5.png Graphic file (type png)
<use images/2,5.png>
Package pdftex.def Info: images/2,5.png  used on input line 179.
(pdftex.def)             Requested size: 18.10963pt x 18.00003pt.
File: images/5.png Graphic file (type png)
<use images/5.png>
Package pdftex.def Info: images/5.png  used on input line 179.
(pdftex.def)             Requested size: 18.03859pt x 18.00003pt.
File: images/0,25.png Graphic file (type png)
<use images/0,25.png>
Package pdftex.def Info: images/0,25.png  used on input line 180.
(pdftex.def)             Requested size: 17.99966pt x 18.00003pt.
File: images/0,5.png Graphic file (type png)
<use images/0,5.png>
Package pdftex.def Info: images/0,5.png  used on input line 180.
(pdftex.def)             Requested size: 18.23766pt x 18.00003pt.
File: images/1,25.png Graphic file (type png)
<use images/1,25.png>
Package pdftex.def Info: images/1,25.png  used on input line 180.
(pdftex.def)             Requested size: 18.36841pt x 18.00003pt.
File: images/10.png Graphic file (type png)
<use images/10.png>
Package pdftex.def Info: images/10.png  used on input line 180.
(pdftex.def)             Requested size: 18.05959pt x 18.00003pt.
File: images/15.png Graphic file (type png)
<use images/15.png>
Package pdftex.def Info: images/15.png  used on input line 180.
(pdftex.def)             Requested size: 18.21083pt x 18.00003pt.
File: images/20.png Graphic file (type png)
<use images/20.png>
Package pdftex.def Info: images/20.png  used on input line 180.
(pdftex.def)             Requested size: 18.01994pt x 18.00003pt.
File: images/25.png Graphic file (type png)
<use images/25.png>
Package pdftex.def Info: images/25.png  used on input line 180.
(pdftex.def)             Requested size: 18.06744pt x 18.00003pt.
File: images/2,5.png Graphic file (type png)
<use images/2,5.png>
Package pdftex.def Info: images/2,5.png  used on input line 181.
(pdftex.def)             Requested size: 18.10963pt x 18.00003pt.
File: images/5.png Graphic file (type png)
<use images/5.png>
Package pdftex.def Info: images/5.png  used on input line 181.
(pdftex.def)             Requested size: 18.03859pt x 18.00003pt.
File: images/10.png Graphic file (type png)
<use images/10.png>
Package pdftex.def Info: images/10.png  used on input line 181.
(pdftex.def)             Requested size: 18.05959pt x 18.00003pt.
File: images/15.png Graphic file (type png)
<use images/15.png>
Package pdftex.def Info: images/15.png  used on input line 181.
(pdftex.def)             Requested size: 18.21083pt x 18.00003pt.
File: images/20.png Graphic file (type png)
<use images/20.png>
Package pdftex.def Info: images/20.png  used on input line 181.
(pdftex.def)             Requested size: 18.01994pt x 18.00003pt.
File: images/25.png Graphic file (type png)
<use images/25.png>
Package pdftex.def Info: images/25.png  used on input line 181.
(pdftex.def)             Requested size: 18.06744pt x 18.00003pt.
File: images/0,25.png Graphic file (type png)
<use images/0,25.png>
Package pdftex.def Info: images/0,25.png  used on input line 182.
(pdftex.def)             Requested size: 17.99966pt x 18.00003pt.
File: images/0,5.png Graphic file (type png)
<use images/0,5.png>
Package pdftex.def Info: images/0,5.png  used on input line 182.
(pdftex.def)             Requested size: 18.23766pt x 18.00003pt.
File: images/1,25.png Graphic file (type png)
<use images/1,25.png>
Package pdftex.def Info: images/1,25.png  used on input line 182.
(pdftex.def)             Requested size: 18.36841pt x 18.00003pt.
File: images/2,5.png Graphic file (type png)
<use images/2,5.png>
Package pdftex.def Info: images/2,5.png  used on input line 182.
(pdftex.def)             Requested size: 18.10963pt x 18.00003pt.
File: images/5.png Graphic file (type png)
<use images/5.png>
Package pdftex.def Info: images/5.png  used on input line 182.
(pdftex.def)             Requested size: 18.03859pt x 18.00003pt.
File: images/10.png Graphic file (type png)
<use images/10.png>
Package pdftex.def Info: images/10.png  used on input line 182.
(pdftex.def)             Requested size: 18.05959pt x 18.00003pt.
File: images/15.png Graphic file (type png)
<use images/15.png>
Package pdftex.def Info: images/15.png  used on input line 182.
(pdftex.def)             Requested size: 18.21083pt x 18.00003pt.
File: images/20.png Graphic file (type png)
<use images/20.png>
Package pdftex.def Info: images/20.png  used on input line 182.
(pdftex.def)             Requested size: 18.01994pt x 18.00003pt.
File: images/25.png Graphic file (type png)
<use images/25.png>
Package pdftex.def Info: images/25.png  used on input line 182.
(pdftex.def)             Requested size: 18.06744pt x 18.00003pt.
File: images/pusta.jpg Graphic file (type jpg)
<use images/pusta.jpg>
Package pdftex.def Info: images/pusta.jpg  used on input line 191.
(pdftex.def)             Requested size: 17.99945pt x 18.00003pt.
File: images/0,25.png Graphic file (type png)
<use images/0,25.png>
Package pdftex.def Info: images/0,25.png  used on input line 192.
(pdftex.def)             Requested size: 17.99966pt x 18.00003pt.
File: images/0,5.png Graphic file (type png)
<use images/0,5.png>
Package pdftex.def Info: images/0,5.png  used on input line 192.
(pdftex.def)             Requested size: 18.23766pt x 18.00003pt.
File: images/1,25.png Graphic file (type png)
<use images/1,25.png>
Package pdftex.def Info: images/1,25.png  used on input line 192.
(pdftex.def)             Requested size: 18.36841pt x 18.00003pt.
File: images/2,5.png Graphic file (type png)
<use images/2,5.png>
Package pdftex.def Info: images/2,5.png  used on input line 193.
(pdftex.def)             Requested size: 18.10963pt x 18.00003pt.
File: images/5.png Graphic file (type png)
<use images/5.png>
Package pdftex.def Info: images/5.png  used on input line 193.
(pdftex.def)             Requested size: 18.03859pt x 18.00003pt.
File: images/10.png Graphic file (type png)
<use images/10.png>
Package pdftex.def Info: images/10.png  used on input line 194.
(pdftex.def)             Requested size: 18.05959pt x 18.00003pt.
File: images/15.png Graphic file (type png)
<use images/15.png>
Package pdftex.def Info: images/15.png  used on input line 194.
(pdftex.def)             Requested size: 18.21083pt x 18.00003pt.
File: images/20.png Graphic file (type png)
<use images/20.png>
Package pdftex.def Info: images/20.png  used on input line 194.
(pdftex.def)             Requested size: 18.01994pt x 18.00003pt.
File: images/25.png Graphic file (type png)
<use images/25.png>
Package pdftex.def Info: images/25.png  used on input line 194.
(pdftex.def)             Requested size: 18.06744pt x 18.00003pt.
File: images/0,25.png Graphic file (type png)
<use images/0,25.png>
Package pdftex.def Info: images/0,25.png  used on input line 195.
(pdftex.def)             Requested size: 17.99966pt x 18.00003pt.
File: images/0,5.png Graphic file (type png)
<use images/0,5.png>
Package pdftex.def Info: images/0,5.png  used on input line 195.
(pdftex.def)             Requested size: 18.23766pt x 18.00003pt.
File: images/1,25.png Graphic file (type png)
<use images/1,25.png>
Package pdftex.def Info: images/1,25.png  used on input line 195.
(pdftex.def)             Requested size: 18.36841pt x 18.00003pt.
File: images/2,5.png Graphic file (type png)
<use images/2,5.png>
Package pdftex.def Info: images/2,5.png  used on input line 195.
(pdftex.def)             Requested size: 18.10963pt x 18.00003pt.
File: images/5.png Graphic file (type png)
<use images/5.png>
Package pdftex.def Info: images/5.png  used on input line 195.
(pdftex.def)             Requested size: 18.03859pt x 18.00003pt.
File: images/0,25.png Graphic file (type png)
<use images/0,25.png>
Package pdftex.def Info: images/0,25.png  used on input line 196.
(pdftex.def)             Requested size: 17.99966pt x 18.00003pt.
File: images/0,5.png Graphic file (type png)
<use images/0,5.png>
Package pdftex.def Info: images/0,5.png  used on input line 196.
(pdftex.def)             Requested size: 18.23766pt x 18.00003pt.
File: images/1,25.png Graphic file (type png)
<use images/1,25.png>
Package pdftex.def Info: images/1,25.png  used on input line 196.
(pdftex.def)             Requested size: 18.36841pt x 18.00003pt.
File: images/10.png Graphic file (type png)
<use images/10.png>
Package pdftex.def Info: images/10.png  used on input line 196.
(pdftex.def)             Requested size: 18.05959pt x 18.00003pt.
File: images/15.png Graphic file (type png)
<use images/15.png>
Package pdftex.def Info: images/15.png  used on input line 196.
(pdftex.def)             Requested size: 18.21083pt x 18.00003pt.
File: images/20.png Graphic file (type png)
<use images/20.png>
Package pdftex.def Info: images/20.png  used on input line 196.
(pdftex.def)             Requested size: 18.01994pt x 18.00003pt.
File: images/25.png Graphic file (type png)
<use images/25.png>
Package pdftex.def Info: images/25.png  used on input line 196.
(pdftex.def)             Requested size: 18.06744pt x 18.00003pt.
File: images/2,5.png Graphic file (type png)
<use images/2,5.png>
Package pdftex.def Info: images/2,5.png  used on input line 197.
(pdftex.def)             Requested size: 18.10963pt x 18.00003pt.
File: images/5.png Graphic file (type png)
<use images/5.png>
Package pdftex.def Info: images/5.png  used on input line 197.
(pdftex.def)             Requested size: 18.03859pt x 18.00003pt.
File: images/10.png Graphic file (type png)
<use images/10.png>
Package pdftex.def Info: images/10.png  used on input line 197.
(pdftex.def)             Requested size: 18.05959pt x 18.00003pt.
File: images/15.png Graphic file (type png)
<use images/15.png>
Package pdftex.def Info: images/15.png  used on input line 197.
(pdftex.def)             Requested size: 18.21083pt x 18.00003pt.
File: images/20.png Graphic file (type png)
<use images/20.png>
Package pdftex.def Info: images/20.png  used on input line 197.
(pdftex.def)             Requested size: 18.01994pt x 18.00003pt.
File: images/25.png Graphic file (type png)
<use images/25.png>
Package pdftex.def Info: images/25.png  used on input line 197.
(pdftex.def)             Requested size: 18.06744pt x 18.00003pt.
File: images/0,25.png Graphic file (type png)
<use images/0,25.png>
Package pdftex.def Info: images/0,25.png  used on input line 198.
(pdftex.def)             Requested size: 17.99966pt x 18.00003pt.
File: images/0,5.png Graphic file (type png)
<use images/0,5.png>
Package pdftex.def Info: images/0,5.png  used on input line 198.
(pdftex.def)             Requested size: 18.23766pt x 18.00003pt.
File: images/1,25.png Graphic file (type png)
<use images/1,25.png>
Package pdftex.def Info: images/1,25.png  used on input line 198.
(pdftex.def)             Requested size: 18.36841pt x 18.00003pt.
File: images/2,5.png Graphic file (type png)
<use images/2,5.png>
Package pdftex.def Info: images/2,5.png  used on input line 198.
(pdftex.def)             Requested size: 18.10963pt x 18.00003pt.
File: images/5.png Graphic file (type png)
<use images/5.png>
Package pdftex.def Info: images/5.png  used on input line 198.
(pdftex.def)             Requested size: 18.03859pt x 18.00003pt.
File: images/10.png Graphic file (type png)
<use images/10.png>
Package pdftex.def Info: images/10.png  used on input line 198.
(pdftex.def)             Requested size: 18.05959pt x 18.00003pt.
File: images/15.png Graphic file (type png)
<use images/15.png>
Package pdftex.def Info: images/15.png  used on input line 198.
(pdftex.def)             Requested size: 18.21083pt x 18.00003pt.
File: images/20.png Graphic file (type png)
<use images/20.png>
Package pdftex.def Info: images/20.png  used on input line 198.
(pdftex.def)             Requested size: 18.01994pt x 18.00003pt.
File: images/25.png Graphic file (type png)
<use images/25.png>
Package pdftex.def Info: images/25.png  used on input line 198.
(pdftex.def)             Requested size: 18.06744pt x 18.00003pt.
File: images/pusta.jpg Graphic file (type jpg)
<use images/pusta.jpg>
Package pdftex.def Info: images/pusta.jpg  used on input line 205.
(pdftex.def)             Requested size: 17.99945pt x 18.00003pt.
File: images/0,25.png Graphic file (type png)
<use images/0,25.png>
Package pdftex.def Info: images/0,25.png  used on input line 207.
(pdftex.def)             Requested size: 17.99966pt x 18.00003pt.
File: images/0,5.png Graphic file (type png)
<use images/0,5.png>
Package pdftex.def Info: images/0,5.png  used on input line 207.
(pdftex.def)             Requested size: 18.23766pt x 18.00003pt.
File: images/1,25.png Graphic file (type png)
<use images/1,25.png>
Package pdftex.def Info: images/1,25.png  used on input line 207.
(pdftex.def)             Requested size: 18.36841pt x 18.00003pt.
File: images/2,5.png Graphic file (type png)
<use images/2,5.png>
Package pdftex.def Info: images/2,5.png  used on input line 207.
(pdftex.def)             Requested size: 18.10963pt x 18.00003pt.
File: images/5.png Graphic file (type png)
<use images/5.png>
Package pdftex.def Info: images/5.png  used on input line 207.
(pdftex.def)             Requested size: 18.03859pt x 18.00003pt.
File: images/10.png Graphic file (type png)
<use images/10.png>
Package pdftex.def Info: images/10.png  used on input line 207.
(pdftex.def)             Requested size: 18.05959pt x 18.00003pt.
File: images/15.png Graphic file (type png)
<use images/15.png>
Package pdftex.def Info: images/15.png  used on input line 207.
(pdftex.def)             Requested size: 18.21083pt x 18.00003pt.
File: images/20.png Graphic file (type png)
<use images/20.png>
Package pdftex.def Info: images/20.png  used on input line 207.
(pdftex.def)             Requested size: 18.01994pt x 18.00003pt.
File: images/25.png Graphic file (type png)
<use images/25.png>
Package pdftex.def Info: images/25.png  used on input line 207.
(pdftex.def)             Requested size: 18.06744pt x 18.00003pt.
File: images/0,25.png Graphic file (type png)
<use images/0,25.png>
Package pdftex.def Info: images/0,25.png  used on input line 212.
(pdftex.def)             Requested size: 17.99966pt x 18.00003pt.
File: images/0,5.png Graphic file (type png)
<use images/0,5.png>
Package pdftex.def Info: images/0,5.png  used on input line 212.
(pdftex.def)             Requested size: 18.23766pt x 18.00003pt.
File: images/1,25.png Graphic file (type png)
<use images/1,25.png>
Package pdftex.def Info: images/1,25.png  used on input line 212.
(pdftex.def)             Requested size: 18.36841pt x 18.00003pt.
File: images/2,5.png Graphic file (type png)
<use images/2,5.png>
Package pdftex.def Info: images/2,5.png  used on input line 212.
(pdftex.def)             Requested size: 18.10963pt x 18.00003pt.
File: images/5.png Graphic file (type png)
<use images/5.png>
Package pdftex.def Info: images/5.png  used on input line 212.
(pdftex.def)             Requested size: 18.03859pt x 18.00003pt.
File: images/pusta.jpg Graphic file (type jpg)
<use images/pusta.jpg>
Package pdftex.def Info: images/pusta.jpg  used on input line 212.
(pdftex.def)             Requested size: 17.99945pt x 18.00003pt.
File: images/0,25.png Graphic file (type png)
<use images/0,25.png>
Package pdftex.def Info: images/0,25.png  used on input line 215.
(pdftex.def)             Requested size: 17.99966pt x 18.00003pt.
File: images/0,5.png Graphic file (type png)
<use images/0,5.png>
Package pdftex.def Info: images/0,5.png  used on input line 215.
(pdftex.def)             Requested size: 18.23766pt x 18.00003pt.
File: images/1,25.png Graphic file (type png)
<use images/1,25.png>
Package pdftex.def Info: images/1,25.png  used on input line 215.
(pdftex.def)             Requested size: 18.36841pt x 18.00003pt.
File: images/10.png Graphic file (type png)
<use images/10.png>
Package pdftex.def Info: images/10.png  used on input line 215.
(pdftex.def)             Requested size: 18.05959pt x 18.00003pt.
File: images/15.png Graphic file (type png)
<use images/15.png>
Package pdftex.def Info: images/15.png  used on input line 215.
(pdftex.def)             Requested size: 18.21083pt x 18.00003pt.
File: images/20.png Graphic file (type png)
<use images/20.png>
Package pdftex.def Info: images/20.png  used on input line 215.
(pdftex.def)             Requested size: 18.01994pt x 18.00003pt.
File: images/25.png Graphic file (type png)
<use images/25.png>
Package pdftex.def Info: images/25.png  used on input line 215.
(pdftex.def)             Requested size: 18.06744pt x 18.00003pt.
File: images/pusta.jpg Graphic file (type jpg)
<use images/pusta.jpg>
Package pdftex.def Info: images/pusta.jpg  used on input line 215.
(pdftex.def)             Requested size: 17.99945pt x 18.00003pt.
File: images/2,5.png Graphic file (type png)
<use images/2,5.png>
Package pdftex.def Info: images/2,5.png  used on input line 218.
(pdftex.def)             Requested size: 18.10963pt x 18.00003pt.
File: images/5.png Graphic file (type png)
<use images/5.png>
Package pdftex.def Info: images/5.png  used on input line 218.
(pdftex.def)             Requested size: 18.03859pt x 18.00003pt.
File: images/10.png Graphic file (type png)
<use images/10.png>
Package pdftex.def Info: images/10.png  used on input line 218.
(pdftex.def)             Requested size: 18.05959pt x 18.00003pt.
File: images/15.png Graphic file (type png)
<use images/15.png>
Package pdftex.def Info: images/15.png  used on input line 218.
(pdftex.def)             Requested size: 18.21083pt x 18.00003pt.
File: images/20.png Graphic file (type png)
<use images/20.png>
Package pdftex.def Info: images/20.png  used on input line 218.
(pdftex.def)             Requested size: 18.01994pt x 18.00003pt.
File: images/25.png Graphic file (type png)
<use images/25.png>
Package pdftex.def Info: images/25.png  used on input line 218.
(pdftex.def)             Requested size: 18.06744pt x 18.00003pt.
File: images/pusta.jpg Graphic file (type jpg)
<use images/pusta.jpg>
Package pdftex.def Info: images/pusta.jpg  used on input line 218.
(pdftex.def)             Requested size: 17.99945pt x 18.00003pt.
File: images/0,25.png Graphic file (type png)
<use images/0,25.png>
Package pdftex.def Info: images/0,25.png  used on input line 221.
(pdftex.def)             Requested size: 17.99966pt x 18.00003pt.
File: images/0,5.png Graphic file (type png)
<use images/0,5.png>
Package pdftex.def Info: images/0,5.png  used on input line 221.
(pdftex.def)             Requested size: 18.23766pt x 18.00003pt.
File: images/1,25.png Graphic file (type png)
<use images/1,25.png>
Package pdftex.def Info: images/1,25.png  used on input line 221.
(pdftex.def)             Requested size: 18.36841pt x 18.00003pt.
File: images/2,5.png Graphic file (type png)
<use images/2,5.png>
Package pdftex.def Info: images/2,5.png  used on input line 221.
(pdftex.def)             Requested size: 18.10963pt x 18.00003pt.
File: images/5.png Graphic file (type png)
<use images/5.png>
Package pdftex.def Info: images/5.png  used on input line 221.
(pdftex.def)             Requested size: 18.03859pt x 18.00003pt.
File: images/0,25.png Graphic file (type png)
<use images/0,25.png>
Package pdftex.def Info: images/0,25.png  used on input line 221.
(pdftex.def)             Requested size: 17.99966pt x 18.00003pt.
File: images/0,5.png Graphic file (type png)
<use images/0,5.png>
Package pdftex.def Info: images/0,5.png  used on input line 221.
(pdftex.def)             Requested size: 18.23766pt x 18.00003pt.
File: images/1,25.png Graphic file (type png)
<use images/1,25.png>
Package pdftex.def Info: images/1,25.png  used on input line 221.
(pdftex.def)             Requested size: 18.36841pt x 18.00003pt.
File: images/10.png Graphic file (type png)
<use images/10.png>
Package pdftex.def Info: images/10.png  used on input line 221.
(pdftex.def)             Requested size: 18.05959pt x 18.00003pt.
File: images/15.png Graphic file (type png)
<use images/15.png>
Package pdftex.def Info: images/15.png  used on input line 221.
(pdftex.def)             Requested size: 18.21083pt x 18.00003pt.
File: images/20.png Graphic file (type png)
<use images/20.png>
Package pdftex.def Info: images/20.png  used on input line 221.
(pdftex.def)             Requested size: 18.01994pt x 18.00003pt.
File: images/25.png Graphic file (type png)
<use images/25.png>
Package pdftex.def Info: images/25.png  used on input line 221.
(pdftex.def)             Requested size: 18.06744pt x 18.00003pt.
File: images/0,25.png Graphic file (type png)
<use images/0,25.png>
Package pdftex.def Info: images/0,25.png  used on input line 221.
(pdftex.def)             Requested size: 17.99966pt x 18.00003pt.
File: images/0,5.png Graphic file (type png)
<use images/0,5.png>
Package pdftex.def Info: images/0,5.png  used on input line 221.
(pdftex.def)             Requested size: 18.23766pt x 18.00003pt.
File: images/1,25.png Graphic file (type png)
<use images/1,25.png>
Package pdftex.def Info: images/1,25.png  used on input line 221.
(pdftex.def)             Requested size: 18.36841pt x 18.00003pt.
 [2 <./images/pusta.jpg>]
File: images/0,25.png Graphic file (type png)
<use images/0,25.png>
Package pdftex.def Info: images/0,25.png  used on input line 224.
(pdftex.def)             Requested size: 17.99966pt x 18.00003pt.
File: images/0,5.png Graphic file (type png)
<use images/0,5.png>
Package pdftex.def Info: images/0,5.png  used on input line 224.
(pdftex.def)             Requested size: 18.23766pt x 18.00003pt.
File: images/1,25.png Graphic file (type png)
<use images/1,25.png>
Package pdftex.def Info: images/1,25.png  used on input line 224.
(pdftex.def)             Requested size: 18.36841pt x 18.00003pt.
File: images/10.png Graphic file (type png)
<use images/10.png>
Package pdftex.def Info: images/10.png  used on input line 224.
(pdftex.def)             Requested size: 18.05959pt x 18.00003pt.
File: images/15.png Graphic file (type png)
<use images/15.png>
Package pdftex.def Info: images/15.png  used on input line 224.
(pdftex.def)             Requested size: 18.21083pt x 18.00003pt.
File: images/20.png Graphic file (type png)
<use images/20.png>
Package pdftex.def Info: images/20.png  used on input line 224.
(pdftex.def)             Requested size: 18.01994pt x 18.00003pt.
File: images/25.png Graphic file (type png)
<use images/25.png>
Package pdftex.def Info: images/25.png  used on input line 224.
(pdftex.def)             Requested size: 18.06744pt x 18.00003pt.
File: images/2,5.png Graphic file (type png)
<use images/2,5.png>
Package pdftex.def Info: images/2,5.png  used on input line 224.
(pdftex.def)             Requested size: 18.10963pt x 18.00003pt.
File: images/5.png Graphic file (type png)
<use images/5.png>
Package pdftex.def Info: images/5.png  used on input line 224.
(pdftex.def)             Requested size: 18.03859pt x 18.00003pt.
File: images/10.png Graphic file (type png)
<use images/10.png>
Package pdftex.def Info: images/10.png  used on input line 224.
(pdftex.def)             Requested size: 18.05959pt x 18.00003pt.
File: images/15.png Graphic file (type png)
<use images/15.png>
Package pdftex.def Info: images/15.png  used on input line 224.
(pdftex.def)             Requested size: 18.21083pt x 18.00003pt.
File: images/20.png Graphic file (type png)
<use images/20.png>
Package pdftex.def Info: images/20.png  used on input line 224.
(pdftex.def)             Requested size: 18.01994pt x 18.00003pt.
File: images/25.png Graphic file (type png)
<use images/25.png>
Package pdftex.def Info: images/25.png  used on input line 224.
(pdftex.def)             Requested size: 18.06744pt x 18.00003pt.
File: images/10.png Graphic file (type png)
<use images/10.png>
Package pdftex.def Info: images/10.png  used on input line 224.
(pdftex.def)             Requested size: 18.05959pt x 18.00003pt.
File: images/15.png Graphic file (type png)
<use images/15.png>
Package pdftex.def Info: images/15.png  used on input line 224.
(pdftex.def)             Requested size: 18.21083pt x 18.00003pt.
File: images/20.png Graphic file (type png)
<use images/20.png>
Package pdftex.def Info: images/20.png  used on input line 224.
(pdftex.def)             Requested size: 18.01994pt x 18.00003pt.
File: images/25.png Graphic file (type png)
<use images/25.png>
Package pdftex.def Info: images/25.png  used on input line 224.
(pdftex.def)             Requested size: 18.06744pt x 18.00003pt.
LaTeX Font Info:    External font `lmex10' loaded for size
(Font)              <9> on input line 230.
File: images/0,25.png Graphic file (type png)
<use images/0,25.png>
Package pdftex.def Info: images/0,25.png  used on input line 230.
(pdftex.def)             Requested size: 16.64824pt x 16.64986pt.
File: images/0,5.png Graphic file (type png)
<use images/0,5.png>
Package pdftex.def Info: images/0,5.png  used on input line 230.
(pdftex.def)             Requested size: 16.86679pt x 16.64986pt.
File: images/1,25.png Graphic file (type png)
<use images/1,25.png>
Package pdftex.def Info: images/1,25.png  used on input line 230.
(pdftex.def)             Requested size: 16.98984pt x 16.64986pt.
File: images/2,5.png Graphic file (type png)
<use images/2,5.png>
Package pdftex.def Info: images/2,5.png  used on input line 230.
(pdftex.def)             Requested size: 16.74654pt x 16.64986pt.
File: images/5.png Graphic file (type png)
<use images/5.png>
Package pdftex.def Info: images/5.png  used on input line 230.
(pdftex.def)             Requested size: 16.68773pt x 16.64986pt.
File: images/10.png Graphic file (type png)
<use images/10.png>
Package pdftex.def Info: images/10.png  used on input line 230.
(pdftex.def)             Requested size: 16.70654pt x 16.64986pt.
File: images/15.png Graphic file (type png)
<use images/15.png>
Package pdftex.def Info: images/15.png  used on input line 230.
(pdftex.def)             Requested size: 16.83969pt x 16.64986pt.
File: images/20.png Graphic file (type png)
<use images/20.png>
Package pdftex.def Info: images/20.png  used on input line 230.
(pdftex.def)             Requested size: 16.6702pt x 16.64986pt.
File: images/25.png Graphic file (type png)
<use images/25.png>
Package pdftex.def Info: images/25.png  used on input line 230.
(pdftex.def)             Requested size: 16.70886pt x 16.64986pt.
File: images/0,25.png Graphic file (type png)
<use images/0,25.png>
Package pdftex.def Info: images/0,25.png  used on input line 231.
(pdftex.def)             Requested size: 16.64824pt x 16.64986pt.
File: images/0,5.png Graphic file (type png)
<use images/0,5.png>
Package pdftex.def Info: images/0,5.png  used on input line 231.
(pdftex.def)             Requested size: 16.86679pt x 16.64986pt.
File: images/1,25.png Graphic file (type png)
<use images/1,25.png>
Package pdftex.def Info: images/1,25.png  used on input line 231.
(pdftex.def)             Requested size: 16.98984pt x 16.64986pt.
File: images/2,5.png Graphic file (type png)
<use images/2,5.png>
Package pdftex.def Info: images/2,5.png  used on input line 231.
(pdftex.def)             Requested size: 16.74654pt x 16.64986pt.
File: images/5.png Graphic file (type png)
<use images/5.png>
Package pdftex.def Info: images/5.png  used on input line 231.
(pdftex.def)             Requested size: 16.68773pt x 16.64986pt.
File: images/0,25.png Graphic file (type png)
<use images/0,25.png>
Package pdftex.def Info: images/0,25.png  used on input line 232.
(pdftex.def)             Requested size: 16.64824pt x 16.64986pt.
File: images/0,5.png Graphic file (type png)
<use images/0,5.png>
Package pdftex.def Info: images/0,5.png  used on input line 232.
(pdftex.def)             Requested size: 16.86679pt x 16.64986pt.
File: images/1,25.png Graphic file (type png)
<use images/1,25.png>
Package pdftex.def Info: images/1,25.png  used on input line 232.
(pdftex.def)             Requested size: 16.98984pt x 16.64986pt.
File: images/10.png Graphic file (type png)
<use images/10.png>
Package pdftex.def Info: images/10.png  used on input line 232.
(pdftex.def)             Requested size: 16.70654pt x 16.64986pt.
File: images/15.png Graphic file (type png)
<use images/15.png>
Package pdftex.def Info: images/15.png  used on input line 232.
(pdftex.def)             Requested size: 16.83969pt x 16.64986pt.
File: images/20.png Graphic file (type png)
<use images/20.png>
Package pdftex.def Info: images/20.png  used on input line 232.
(pdftex.def)             Requested size: 16.6702pt x 16.64986pt.
File: images/25.png Graphic file (type png)
<use images/25.png>
Package pdftex.def Info: images/25.png  used on input line 232.
(pdftex.def)             Requested size: 16.70886pt x 16.64986pt.
File: images/2,5.png Graphic file (type png)
<use images/2,5.png>
Package pdftex.def Info: images/2,5.png  used on input line 233.
(pdftex.def)             Requested size: 16.74654pt x 16.64986pt.
File: images/5.png Graphic file (type png)
<use images/5.png>
Package pdftex.def Info: images/5.png  used on input line 233.
(pdftex.def)             Requested size: 16.68773pt x 16.64986pt.
File: images/10.png Graphic file (type png)
<use images/10.png>
Package pdftex.def Info: images/10.png  used on input line 233.
(pdftex.def)             Requested size: 16.70654pt x 16.64986pt.
File: images/15.png Graphic file (type png)
<use images/15.png>
Package pdftex.def Info: images/15.png  used on input line 233.
(pdftex.def)             Requested size: 16.83969pt x 16.64986pt.
File: images/20.png Graphic file (type png)
<use images/20.png>
Package pdftex.def Info: images/20.png  used on input line 233.
(pdftex.def)             Requested size: 16.6702pt x 16.64986pt.
File: images/25.png Graphic file (type png)
<use images/25.png>
Package pdftex.def Info: images/25.png  used on input line 233.
(pdftex.def)             Requested size: 16.70886pt x 16.64986pt.
File: images/0,25.png Graphic file (type png)
<use images/0,25.png>
Package pdftex.def Info: images/0,25.png  used on input line 235.
(pdftex.def)             Requested size: 16.64824pt x 16.64986pt.
File: images/0,5.png Graphic file (type png)
<use images/0,5.png>
Package pdftex.def Info: images/0,5.png  used on input line 235.
(pdftex.def)             Requested size: 16.86679pt x 16.64986pt.
File: images/1,25.png Graphic file (type png)
<use images/1,25.png>
Package pdftex.def Info: images/1,25.png  used on input line 235.
(pdftex.def)             Requested size: 16.98984pt x 16.64986pt.
File: images/2,5.png Graphic file (type png)
<use images/2,5.png>
Package pdftex.def Info: images/2,5.png  used on input line 236.
(pdftex.def)             Requested size: 16.74654pt x 16.64986pt.
File: images/5.png Graphic file (type png)
<use images/5.png>
Package pdftex.def Info: images/5.png  used on input line 236.
(pdftex.def)             Requested size: 16.68773pt x 16.64986pt.
File: images/10.png Graphic file (type png)
<use images/10.png>
Package pdftex.def Info: images/10.png  used on input line 237.
(pdftex.def)             Requested size: 16.70654pt x 16.64986pt.
File: images/15.png Graphic file (type png)
<use images/15.png>
Package pdftex.def Info: images/15.png  used on input line 237.
(pdftex.def)             Requested size: 16.83969pt x 16.64986pt.
File: images/20.png Graphic file (type png)
<use images/20.png>
Package pdftex.def Info: images/20.png  used on input line 237.
(pdftex.def)             Requested size: 16.6702pt x 16.64986pt.
File: images/25.png Graphic file (type png)
<use images/25.png>
Package pdftex.def Info: images/25.png  used on input line 237.
(pdftex.def)             Requested size: 16.70886pt x 16.64986pt.
File: images/pusta.jpg Graphic file (type jpg)
<use images/pusta.jpg>
Package pdftex.def Info: images/pusta.jpg  used on input line 239.
(pdftex.def)             Requested size: 16.6479pt x 16.64986pt.

Overfull \hbox (42.28177pt too wide) in paragraph at lines 255--256
 [][] 
 []

File: images/0,25.png Graphic file (type png)
<use images/0,25.png>
Package pdftex.def Info: images/0,25.png  used on input line 261.
(pdftex.def)             Requested size: 17.99966pt x 18.00003pt.
File: images/0,5.png Graphic file (type png)
<use images/0,5.png>
Package pdftex.def Info: images/0,5.png  used on input line 261.
(pdftex.def)             Requested size: 18.23766pt x 18.00003pt.
File: images/1,25.png Graphic file (type png)
<use images/1,25.png>
Package pdftex.def Info: images/1,25.png  used on input line 261.
(pdftex.def)             Requested size: 18.36841pt x 18.00003pt.
File: images/2,5.png Graphic file (type png)
<use images/2,5.png>
Package pdftex.def Info: images/2,5.png  used on input line 261.
(pdftex.def)             Requested size: 18.10963pt x 18.00003pt.
File: images/5.png Graphic file (type png)
<use images/5.png>
Package pdftex.def Info: images/5.png  used on input line 261.
(pdftex.def)             Requested size: 18.03859pt x 18.00003pt.
File: images/0,25.png Graphic file (type png)
<use images/0,25.png>
Package pdftex.def Info: images/0,25.png  used on input line 261.
(pdftex.def)             Requested size: 17.99966pt x 18.00003pt.
File: images/0,5.png Graphic file (type png)
<use images/0,5.png>
Package pdftex.def Info: images/0,5.png  used on input line 261.
(pdftex.def)             Requested size: 18.23766pt x 18.00003pt.
File: images/1,25.png Graphic file (type png)
<use images/1,25.png>
Package pdftex.def Info: images/1,25.png  used on input line 261.
(pdftex.def)             Requested size: 18.36841pt x 18.00003pt.
File: images/2,5.png Graphic file (type png)
<use images/2,5.png>
Package pdftex.def Info: images/2,5.png  used on input line 261.
(pdftex.def)             Requested size: 18.10963pt x 18.00003pt.
File: images/5.png Graphic file (type png)
<use images/5.png>
Package pdftex.def Info: images/5.png  used on input line 261.
(pdftex.def)             Requested size: 18.03859pt x 18.00003pt.
File: images/0,25.png Graphic file (type png)
<use images/0,25.png>
Package pdftex.def Info: images/0,25.png  used on input line 264.
(pdftex.def)             Requested size: 17.99966pt x 18.00003pt.
File: images/0,5.png Graphic file (type png)
<use images/0,5.png>
Package pdftex.def Info: images/0,5.png  used on input line 264.
(pdftex.def)             Requested size: 18.23766pt x 18.00003pt.
File: images/1,25.png Graphic file (type png)
<use images/1,25.png>
Package pdftex.def Info: images/1,25.png  used on input line 264.
(pdftex.def)             Requested size: 18.36841pt x 18.00003pt.
File: images/10.png Graphic file (type png)
<use images/10.png>
Package pdftex.def Info: images/10.png  used on input line 264.
(pdftex.def)             Requested size: 18.05959pt x 18.00003pt.
File: images/15.png Graphic file (type png)
<use images/15.png>
Package pdftex.def Info: images/15.png  used on input line 264.
(pdftex.def)             Requested size: 18.21083pt x 18.00003pt.
File: images/20.png Graphic file (type png)
<use images/20.png>
Package pdftex.def Info: images/20.png  used on input line 264.
(pdftex.def)             Requested size: 18.01994pt x 18.00003pt.
File: images/25.png Graphic file (type png)
<use images/25.png>
Package pdftex.def Info: images/25.png  used on input line 264.
(pdftex.def)             Requested size: 18.06744pt x 18.00003pt.
File: images/0,25.png Graphic file (type png)
<use images/0,25.png>
Package pdftex.def Info: images/0,25.png  used on input line 264.
(pdftex.def)             Requested size: 17.99966pt x 18.00003pt.
File: images/0,5.png Graphic file (type png)
<use images/0,5.png>
Package pdftex.def Info: images/0,5.png  used on input line 264.
(pdftex.def)             Requested size: 18.23766pt x 18.00003pt.
File: images/1,25.png Graphic file (type png)
<use images/1,25.png>
Package pdftex.def Info: images/1,25.png  used on input line 264.
(pdftex.def)             Requested size: 18.36841pt x 18.00003pt.
File: images/10.png Graphic file (type png)
<use images/10.png>
Package pdftex.def Info: images/10.png  used on input line 264.
(pdftex.def)             Requested size: 18.05959pt x 18.00003pt.
File: images/15.png Graphic file (type png)
<use images/15.png>
Package pdftex.def Info: images/15.png  used on input line 264.
(pdftex.def)             Requested size: 18.21083pt x 18.00003pt.
File: images/20.png Graphic file (type png)
<use images/20.png>
Package pdftex.def Info: images/20.png  used on input line 264.
(pdftex.def)             Requested size: 18.01994pt x 18.00003pt.
File: images/25.png Graphic file (type png)
<use images/25.png>
Package pdftex.def Info: images/25.png  used on input line 264.
(pdftex.def)             Requested size: 18.06744pt x 18.00003pt.
File: images/2,5.png Graphic file (type png)
<use images/2,5.png>
Package pdftex.def Info: images/2,5.png  used on input line 267.
(pdftex.def)             Requested size: 18.10963pt x 18.00003pt.
File: images/5.png Graphic file (type png)
<use images/5.png>
Package pdftex.def Info: images/5.png  used on input line 267.
(pdftex.def)             Requested size: 18.03859pt x 18.00003pt.
File: images/10.png Graphic file (type png)
<use images/10.png>
Package pdftex.def Info: images/10.png  used on input line 267.
(pdftex.def)             Requested size: 18.05959pt x 18.00003pt.
File: images/15.png Graphic file (type png)
<use images/15.png>
Package pdftex.def Info: images/15.png  used on input line 267.
(pdftex.def)             Requested size: 18.21083pt x 18.00003pt.
File: images/20.png Graphic file (type png)
<use images/20.png>
Package pdftex.def Info: images/20.png  used on input line 267.
(pdftex.def)             Requested size: 18.01994pt x 18.00003pt.
File: images/25.png Graphic file (type png)
<use images/25.png>
Package pdftex.def Info: images/25.png  used on input line 267.
(pdftex.def)             Requested size: 18.06744pt x 18.00003pt.
File: images/2,5.png Graphic file (type png)
<use images/2,5.png>
Package pdftex.def Info: images/2,5.png  used on input line 267.
(pdftex.def)             Requested size: 18.10963pt x 18.00003pt.
File: images/5.png Graphic file (type png)
<use images/5.png>
Package pdftex.def Info: images/5.png  used on input line 267.
(pdftex.def)             Requested size: 18.03859pt x 18.00003pt.
File: images/10.png Graphic file (type png)
<use images/10.png>
Package pdftex.def Info: images/10.png  used on input line 267.
(pdftex.def)             Requested size: 18.05959pt x 18.00003pt.
File: images/15.png Graphic file (type png)
<use images/15.png>
Package pdftex.def Info: images/15.png  used on input line 267.
(pdftex.def)             Requested size: 18.21083pt x 18.00003pt.
File: images/20.png Graphic file (type png)
<use images/20.png>
Package pdftex.def Info: images/20.png  used on input line 267.
(pdftex.def)             Requested size: 18.01994pt x 18.00003pt.
File: images/25.png Graphic file (type png)
<use images/25.png>
Package pdftex.def Info: images/25.png  used on input line 267.
(pdftex.def)             Requested size: 18.06744pt x 18.00003pt.
File: images/0,25.png Graphic file (type png)
<use images/0,25.png>
Package pdftex.def Info: images/0,25.png  used on input line 270.
(pdftex.def)             Requested size: 17.99966pt x 18.00003pt.
File: images/0,5.png Graphic file (type png)
<use images/0,5.png>
Package pdftex.def Info: images/0,5.png  used on input line 270.
(pdftex.def)             Requested size: 18.23766pt x 18.00003pt.
File: images/1,25.png Graphic file (type png)
<use images/1,25.png>
Package pdftex.def Info: images/1,25.png  used on input line 270.
(pdftex.def)             Requested size: 18.36841pt x 18.00003pt.
File: images/2,5.png Graphic file (type png)
<use images/2,5.png>
Package pdftex.def Info: images/2,5.png  used on input line 270.
(pdftex.def)             Requested size: 18.10963pt x 18.00003pt.
File: images/5.png Graphic file (type png)
<use images/5.png>
Package pdftex.def Info: images/5.png  used on input line 270.
(pdftex.def)             Requested size: 18.03859pt x 18.00003pt.
File: images/10.png Graphic file (type png)
<use images/10.png>
Package pdftex.def Info: images/10.png  used on input line 270.
(pdftex.def)             Requested size: 18.05959pt x 18.00003pt.
File: images/15.png Graphic file (type png)
<use images/15.png>
Package pdftex.def Info: images/15.png  used on input line 270.
(pdftex.def)             Requested size: 18.21083pt x 18.00003pt.
File: images/20.png Graphic file (type png)
<use images/20.png>
Package pdftex.def Info: images/20.png  used on input line 270.
(pdftex.def)             Requested size: 18.01994pt x 18.00003pt.
File: images/25.png Graphic file (type png)
<use images/25.png>
Package pdftex.def Info: images/25.png  used on input line 270.
(pdftex.def)             Requested size: 18.06744pt x 18.00003pt.
File: images/0,25.png Graphic file (type png)
<use images/0,25.png>
Package pdftex.def Info: images/0,25.png  used on input line 270.
(pdftex.def)             Requested size: 17.99966pt x 18.00003pt.
File: images/0,5.png Graphic file (type png)
<use images/0,5.png>
Package pdftex.def Info: images/0,5.png  used on input line 270.
(pdftex.def)             Requested size: 18.23766pt x 18.00003pt.
File: images/1,25.png Graphic file (type png)
<use images/1,25.png>
Package pdftex.def Info: images/1,25.png  used on input line 270.
(pdftex.def)             Requested size: 18.36841pt x 18.00003pt.
File: images/2,5.png Graphic file (type png)
<use images/2,5.png>
Package pdftex.def Info: images/2,5.png  used on input line 270.
(pdftex.def)             Requested size: 18.10963pt x 18.00003pt.
File: images/5.png Graphic file (type png)
<use images/5.png>
Package pdftex.def Info: images/5.png  used on input line 270.
(pdftex.def)             Requested size: 18.03859pt x 18.00003pt.
File: images/10.png Graphic file (type png)
<use images/10.png>
Package pdftex.def Info: images/10.png  used on input line 270.
(pdftex.def)             Requested size: 18.05959pt x 18.00003pt.
File: images/15.png Graphic file (type png)
<use images/15.png>
Package pdftex.def Info: images/15.png  used on input line 270.
(pdftex.def)             Requested size: 18.21083pt x 18.00003pt.
File: images/20.png Graphic file (type png)
<use images/20.png>
Package pdftex.def Info: images/20.png  used on input line 270.
(pdftex.def)             Requested size: 18.01994pt x 18.00003pt.
File: images/25.png Graphic file (type png)
<use images/25.png>
Package pdftex.def Info: images/25.png  used on input line 270.
(pdftex.def)             Requested size: 18.06744pt x 18.00003pt.
File: images/0,5.png Graphic file (type png)
<use images/0,5.png>
Package pdftex.def Info: images/0,5.png  used on input line 295.
(pdftex.def)             Requested size: 18.23766pt x 18.00003pt.
File: images/0,25.png Graphic file (type png)
<use images/0,25.png>
Package pdftex.def Info: images/0,25.png  used on input line 295.
(pdftex.def)             Requested size: 17.99966pt x 18.00003pt.
File: images/1,25.png Graphic file (type png)
<use images/1,25.png>
Package pdftex.def Info: images/1,25.png  used on input line 296.
(pdftex.def)             Requested size: 18.36841pt x 18.00003pt.
File: images/0,5.png Graphic file (type png)
<use images/0,5.png>
Package pdftex.def Info: images/0,5.png  used on input line 296.
(pdftex.def)             Requested size: 18.23766pt x 18.00003pt.
File: images/0,25.png Graphic file (type png)
<use images/0,25.png>
Package pdftex.def Info: images/0,25.png  used on input line 297.
(pdftex.def)             Requested size: 17.99966pt x 18.00003pt.
File: images/1,25.png Graphic file (type png)
<use images/1,25.png>
Package pdftex.def Info: images/1,25.png  used on input line 297.
(pdftex.def)             Requested size: 18.36841pt x 18.00003pt.
File: images/5.png Graphic file (type png)
<use images/5.png>
Package pdftex.def Info: images/5.png  used on input line 298.
(pdftex.def)             Requested size: 18.03859pt x 18.00003pt.
File: images/2,5.png Graphic file (type png)
<use images/2,5.png>
Package pdftex.def Info: images/2,5.png  used on input line 298.
(pdftex.def)             Requested size: 18.10963pt x 18.00003pt.
File: images/2,5.png Graphic file (type png)
<use images/2,5.png>
Package pdftex.def Info: images/2,5.png  used on input line 299.
(pdftex.def)             Requested size: 18.10963pt x 18.00003pt.
File: images/5.png Graphic file (type png)
<use images/5.png>
Package pdftex.def Info: images/5.png  used on input line 299.
(pdftex.def)             Requested size: 18.03859pt x 18.00003pt.
File: images/15.png Graphic file (type png)
<use images/15.png>
Package pdftex.def Info: images/15.png  used on input line 300.
(pdftex.def)             Requested size: 18.21083pt x 18.00003pt.
File: images/10.png Graphic file (type png)
<use images/10.png>
Package pdftex.def Info: images/10.png  used on input line 300.
(pdftex.def)             Requested size: 18.05959pt x 18.00003pt.
File: images/20.png Graphic file (type png)
<use images/20.png>
Package pdftex.def Info: images/20.png  used on input line 301.
(pdftex.def)             Requested size: 18.01994pt x 18.00003pt.
File: images/15.png Graphic file (type png)
<use images/15.png>
Package pdftex.def Info: images/15.png  used on input line 301.
(pdftex.def)             Requested size: 18.21083pt x 18.00003pt.
File: images/25.png Graphic file (type png)
<use images/25.png>
Package pdftex.def Info: images/25.png  used on input line 302.
(pdftex.def)             Requested size: 18.06744pt x 18.00003pt.
File: images/20.png Graphic file (type png)
<use images/20.png>
Package pdftex.def Info: images/20.png  used on input line 302.
(pdftex.def)             Requested size: 18.01994pt x 18.00003pt.
File: images/10.png Graphic file (type png)
<use images/10.png>
Package pdftex.def Info: images/10.png  used on input line 303.
(pdftex.def)             Requested size: 18.05959pt x 18.00003pt.
File: images/25.png Graphic file (type png)
<use images/25.png>
Package pdftex.def Info: images/25.png  used on input line 303.
(pdftex.def)             Requested size: 18.06744pt x 18.00003pt.
[3]
File: images/0,25.png Graphic file (type png)
<use images/0,25.png>
Package pdftex.def Info: images/0,25.png  used on input line 311.
(pdftex.def)             Requested size: 17.99966pt x 18.00003pt.
File: images/0,5.png Graphic file (type png)
<use images/0,5.png>
Package pdftex.def Info: images/0,5.png  used on input line 312.
(pdftex.def)             Requested size: 18.23766pt x 18.00003pt.
File: images/1,25.png Graphic file (type png)
<use images/1,25.png>
Package pdftex.def Info: images/1,25.png  used on input line 313.
(pdftex.def)             Requested size: 18.36841pt x 18.00003pt.
File: images/2,5.png Graphic file (type png)
<use images/2,5.png>
Package pdftex.def Info: images/2,5.png  used on input line 319.
(pdftex.def)             Requested size: 18.10963pt x 18.00003pt.
File: images/5.png Graphic file (type png)
<use images/5.png>
Package pdftex.def Info: images/5.png  used on input line 320.
(pdftex.def)             Requested size: 18.03859pt x 18.00003pt.
File: images/10.png Graphic file (type png)
<use images/10.png>
Package pdftex.def Info: images/10.png  used on input line 325.
(pdftex.def)             Requested size: 18.05959pt x 18.00003pt.
File: images/15.png Graphic file (type png)
<use images/15.png>
Package pdftex.def Info: images/15.png  used on input line 326.
(pdftex.def)             Requested size: 18.21083pt x 18.00003pt.
File: images/20.png Graphic file (type png)
<use images/20.png>
Package pdftex.def Info: images/20.png  used on input line 327.
(pdftex.def)             Requested size: 18.01994pt x 18.00003pt.
File: images/25.png Graphic file (type png)
<use images/25.png>
Package pdftex.def Info: images/25.png  used on input line 328.
(pdftex.def)             Requested size: 18.06744pt x 18.00003pt.
File: images/0,25.png Graphic file (type png)
<use images/0,25.png>
Package pdftex.def Info: images/0,25.png  used on input line 358.
(pdftex.def)             Requested size: 12.24724pt x 12.25008pt.
File: images/0,5.png Graphic file (type png)
<use images/0,5.png>
Package pdftex.def Info: images/0,5.png  used on input line 358.
(pdftex.def)             Requested size: 12.41151pt x 12.25008pt.
File: images/1,25.png Graphic file (type png)
<use images/1,25.png>
Package pdftex.def Info: images/1,25.png  used on input line 358.
(pdftex.def)             Requested size: 12.4953pt x 12.25008pt.
File: images/2,5.png Graphic file (type png)
<use images/2,5.png>
Package pdftex.def Info: images/2,5.png  used on input line 358.
(pdftex.def)             Requested size: 12.32024pt x 12.25008pt.
File: images/5.png Graphic file (type png)
<use images/5.png>
Package pdftex.def Info: images/5.png  used on input line 358.
(pdftex.def)             Requested size: 12.27489pt x 12.25008pt.
File: images/10.png Graphic file (type png)
<use images/10.png>
Package pdftex.def Info: images/10.png  used on input line 358.
(pdftex.def)             Requested size: 12.29169pt x 12.25008pt.
File: images/15.png Graphic file (type png)
<use images/15.png>
Package pdftex.def Info: images/15.png  used on input line 358.
(pdftex.def)             Requested size: 12.38745pt x 12.25008pt.
File: images/20.png Graphic file (type png)
<use images/20.png>
Package pdftex.def Info: images/20.png  used on input line 358.
(pdftex.def)             Requested size: 12.26161pt x 12.25008pt.
File: images/25.png Graphic file (type png)
<use images/25.png>
Package pdftex.def Info: images/25.png  used on input line 358.
(pdftex.def)             Requested size: 12.29787pt x 12.25008pt.
File: images/0,25.png Graphic file (type png)
<use images/0,25.png>
Package pdftex.def Info: images/0,25.png  used on input line 374.
(pdftex.def)             Requested size: 12.24724pt x 12.25008pt.
File: images/0,5.png Graphic file (type png)
<use images/0,5.png>
Package pdftex.def Info: images/0,5.png  used on input line 374.
(pdftex.def)             Requested size: 12.41151pt x 12.25008pt.
File: images/1,25.png Graphic file (type png)
<use images/1,25.png>
Package pdftex.def Info: images/1,25.png  used on input line 374.
(pdftex.def)             Requested size: 12.4953pt x 12.25008pt.
File: images/2,5.png Graphic file (type png)
<use images/2,5.png>
Package pdftex.def Info: images/2,5.png  used on input line 374.
(pdftex.def)             Requested size: 12.32024pt x 12.25008pt.
File: images/5.png Graphic file (type png)
<use images/5.png>
Package pdftex.def Info: images/5.png  used on input line 374.
(pdftex.def)             Requested size: 12.27489pt x 12.25008pt.
File: images/10.png Graphic file (type png)
<use images/10.png>
Package pdftex.def Info: images/10.png  used on input line 374.
(pdftex.def)             Requested size: 12.29169pt x 12.25008pt.
File: images/15.png Graphic file (type png)
<use images/15.png>
Package pdftex.def Info: images/15.png  used on input line 374.
(pdftex.def)             Requested size: 12.38745pt x 12.25008pt.
File: images/20.png Graphic file (type png)
<use images/20.png>
Package pdftex.def Info: images/20.png  used on input line 374.
(pdftex.def)             Requested size: 12.26161pt x 12.25008pt.
File: images/25.png Graphic file (type png)
<use images/25.png>
Package pdftex.def Info: images/25.png  used on input line 374.
(pdftex.def)             Requested size: 12.29787pt x 12.25008pt.
File: images/pusta.jpg Graphic file (type jpg)
<use images/pusta.jpg>
Package pdftex.def Info: images/pusta.jpg  used on input line 394.
(pdftex.def)             Requested size: 17.99945pt x 18.00003pt.
File: images/pusta.jpg Graphic file (type jpg)
<use images/pusta.jpg>
Package pdftex.def Info: images/pusta.jpg  used on input line 394.
(pdftex.def)             Requested size: 17.99945pt x 18.00003pt.
File: images/0,5.png Graphic file (type png)
<use images/0,5.png>
Package pdftex.def Info: images/0,5.png  used on input line 397.
(pdftex.def)             Requested size: 18.23766pt x 18.00003pt.
File: images/0,25.png Graphic file (type png)
<use images/0,25.png>
Package pdftex.def Info: images/0,25.png  used on input line 397.
(pdftex.def)             Requested size: 17.99966pt x 18.00003pt.
File: images/0,5.png Graphic file (type png)
<use images/0,5.png>
Package pdftex.def Info: images/0,5.png  used on input line 397.
(pdftex.def)             Requested size: 18.23766pt x 18.00003pt.
File: images/1,25.png Graphic file (type png)
<use images/1,25.png>
Package pdftex.def Info: images/1,25.png  used on input line 397.
(pdftex.def)             Requested size: 18.36841pt x 18.00003pt.
File: images/5.png Graphic file (type png)
<use images/5.png>
Package pdftex.def Info: images/5.png  used on input line 400.
(pdftex.def)             Requested size: 18.03859pt x 18.00003pt.
File: images/2,5.png Graphic file (type png)
<use images/2,5.png>
Package pdftex.def Info: images/2,5.png  used on input line 400.
(pdftex.def)             Requested size: 18.10963pt x 18.00003pt.
File: images/5.png Graphic file (type png)
<use images/5.png>
Package pdftex.def Info: images/5.png  used on input line 400.
(pdftex.def)             Requested size: 18.03859pt x 18.00003pt.
File: images/20.png Graphic file (type png)
<use images/20.png>
Package pdftex.def Info: images/20.png  used on input line 403.
(pdftex.def)             Requested size: 18.01994pt x 18.00003pt.
File: images/10.png Graphic file (type png)
<use images/10.png>
Package pdftex.def Info: images/10.png  used on input line 403.
(pdftex.def)             Requested size: 18.05959pt x 18.00003pt.
File: images/15.png Graphic file (type png)
<use images/15.png>
Package pdftex.def Info: images/15.png  used on input line 403.
(pdftex.def)             Requested size: 18.21083pt x 18.00003pt.
File: images/20.png Graphic file (type png)
<use images/20.png>
Package pdftex.def Info: images/20.png  used on input line 403.
(pdftex.def)             Requested size: 18.01994pt x 18.00003pt.
File: images/25.png Graphic file (type png)
<use images/25.png>
Package pdftex.def Info: images/25.png  used on input line 403.
(pdftex.def)             Requested size: 18.06744pt x 18.00003pt.
 [4]
File: images/0,5.png Graphic file (type png)
<use images/0,5.png>
Package pdftex.def Info: images/0,5.png  used on input line 406.
(pdftex.def)             Requested size: 18.23766pt x 18.00003pt.
File: images/5.png Graphic file (type png)
<use images/5.png>
Package pdftex.def Info: images/5.png  used on input line 406.
(pdftex.def)             Requested size: 18.03859pt x 18.00003pt.
File: images/0,25.png Graphic file (type png)
<use images/0,25.png>
Package pdftex.def Info: images/0,25.png  used on input line 406.
(pdftex.def)             Requested size: 17.99966pt x 18.00003pt.
File: images/0,5.png Graphic file (type png)
<use images/0,5.png>
Package pdftex.def Info: images/0,5.png  used on input line 406.
(pdftex.def)             Requested size: 18.23766pt x 18.00003pt.
File: images/1,25.png Graphic file (type png)
<use images/1,25.png>
Package pdftex.def Info: images/1,25.png  used on input line 406.
(pdftex.def)             Requested size: 18.36841pt x 18.00003pt.
File: images/2,5.png Graphic file (type png)
<use images/2,5.png>
Package pdftex.def Info: images/2,5.png  used on input line 406.
(pdftex.def)             Requested size: 18.10963pt x 18.00003pt.
File: images/5.png Graphic file (type png)
<use images/5.png>
Package pdftex.def Info: images/5.png  used on input line 406.
(pdftex.def)             Requested size: 18.03859pt x 18.00003pt.
File: images/0,5.png Graphic file (type png)
<use images/0,5.png>
Package pdftex.def Info: images/0,5.png  used on input line 409.
(pdftex.def)             Requested size: 18.23766pt x 18.00003pt.
File: images/20.png Graphic file (type png)
<use images/20.png>
Package pdftex.def Info: images/20.png  used on input line 409.
(pdftex.def)             Requested size: 18.01994pt x 18.00003pt.
File: images/0,25.png Graphic file (type png)
<use images/0,25.png>
Package pdftex.def Info: images/0,25.png  used on input line 409.
(pdftex.def)             Requested size: 17.99966pt x 18.00003pt.
File: images/0,5.png Graphic file (type png)
<use images/0,5.png>
Package pdftex.def Info: images/0,5.png  used on input line 409.
(pdftex.def)             Requested size: 18.23766pt x 18.00003pt.
File: images/1,25.png Graphic file (type png)
<use images/1,25.png>
Package pdftex.def Info: images/1,25.png  used on input line 409.
(pdftex.def)             Requested size: 18.36841pt x 18.00003pt.
File: images/10.png Graphic file (type png)
<use images/10.png>
Package pdftex.def Info: images/10.png  used on input line 409.
(pdftex.def)             Requested size: 18.05959pt x 18.00003pt.
File: images/15.png Graphic file (type png)
<use images/15.png>
Package pdftex.def Info: images/15.png  used on input line 409.
(pdftex.def)             Requested size: 18.21083pt x 18.00003pt.
File: images/20.png Graphic file (type png)
<use images/20.png>
Package pdftex.def Info: images/20.png  used on input line 409.
(pdftex.def)             Requested size: 18.01994pt x 18.00003pt.
File: images/25.png Graphic file (type png)
<use images/25.png>
Package pdftex.def Info: images/25.png  used on input line 409.
(pdftex.def)             Requested size: 18.06744pt x 18.00003pt.
File: images/5.png Graphic file (type png)
<use images/5.png>
Package pdftex.def Info: images/5.png  used on input line 412.
(pdftex.def)             Requested size: 18.03859pt x 18.00003pt.
File: images/20.png Graphic file (type png)
<use images/20.png>
Package pdftex.def Info: images/20.png  used on input line 412.
(pdftex.def)             Requested size: 18.01994pt x 18.00003pt.
File: images/2,5.png Graphic file (type png)
<use images/2,5.png>
Package pdftex.def Info: images/2,5.png  used on input line 412.
(pdftex.def)             Requested size: 18.10963pt x 18.00003pt.
File: images/5.png Graphic file (type png)
<use images/5.png>
Package pdftex.def Info: images/5.png  used on input line 412.
(pdftex.def)             Requested size: 18.03859pt x 18.00003pt.
File: images/10.png Graphic file (type png)
<use images/10.png>
Package pdftex.def Info: images/10.png  used on input line 412.
(pdftex.def)             Requested size: 18.05959pt x 18.00003pt.
File: images/15.png Graphic file (type png)
<use images/15.png>
Package pdftex.def Info: images/15.png  used on input line 412.
(pdftex.def)             Requested size: 18.21083pt x 18.00003pt.
File: images/20.png Graphic file (type png)
<use images/20.png>
Package pdftex.def Info: images/20.png  used on input line 412.
(pdftex.def)             Requested size: 18.01994pt x 18.00003pt.
File: images/25.png Graphic file (type png)
<use images/25.png>
Package pdftex.def Info: images/25.png  used on input line 412.
(pdftex.def)             Requested size: 18.06744pt x 18.00003pt.
File: images/0,25.png Graphic file (type png)
<use images/0,25.png>
Package pdftex.def Info: images/0,25.png  used on input line 415.
(pdftex.def)             Requested size: 17.99966pt x 18.00003pt.
File: images/0,5.png Graphic file (type png)
<use images/0,5.png>
Package pdftex.def Info: images/0,5.png  used on input line 415.
(pdftex.def)             Requested size: 18.23766pt x 18.00003pt.
File: images/1,25.png Graphic file (type png)
<use images/1,25.png>
Package pdftex.def Info: images/1,25.png  used on input line 415.
(pdftex.def)             Requested size: 18.36841pt x 18.00003pt.
File: images/2,5.png Graphic file (type png)
<use images/2,5.png>
Package pdftex.def Info: images/2,5.png  used on input line 415.
(pdftex.def)             Requested size: 18.10963pt x 18.00003pt.
File: images/5.png Graphic file (type png)
<use images/5.png>
Package pdftex.def Info: images/5.png  used on input line 415.
(pdftex.def)             Requested size: 18.03859pt x 18.00003pt.
File: images/10.png Graphic file (type png)
<use images/10.png>
Package pdftex.def Info: images/10.png  used on input line 415.
(pdftex.def)             Requested size: 18.05959pt x 18.00003pt.
File: images/15.png Graphic file (type png)
<use images/15.png>
Package pdftex.def Info: images/15.png  used on input line 415.
(pdftex.def)             Requested size: 18.21083pt x 18.00003pt.
File: images/20.png Graphic file (type png)
<use images/20.png>
Package pdftex.def Info: images/20.png  used on input line 415.
(pdftex.def)             Requested size: 18.01994pt x 18.00003pt.
File: images/25.png Graphic file (type png)
<use images/25.png>
Package pdftex.def Info: images/25.png  used on input line 415.
(pdftex.def)             Requested size: 18.06744pt x 18.00003pt.
File: images/0,25.png Graphic file (type png)
<use images/0,25.png>
Package pdftex.def Info: images/0,25.png  used on input line 415.
(pdftex.def)             Requested size: 17.99966pt x 18.00003pt.
File: images/0,5.png Graphic file (type png)
<use images/0,5.png>
Package pdftex.def Info: images/0,5.png  used on input line 415.
(pdftex.def)             Requested size: 18.23766pt x 18.00003pt.
File: images/1,25.png Graphic file (type png)
<use images/1,25.png>
Package pdftex.def Info: images/1,25.png  used on input line 415.
(pdftex.def)             Requested size: 18.36841pt x 18.00003pt.
File: images/2,5.png Graphic file (type png)
<use images/2,5.png>
Package pdftex.def Info: images/2,5.png  used on input line 415.
(pdftex.def)             Requested size: 18.10963pt x 18.00003pt.
File: images/5.png Graphic file (type png)
<use images/5.png>
Package pdftex.def Info: images/5.png  used on input line 415.
(pdftex.def)             Requested size: 18.03859pt x 18.00003pt.
File: images/10.png Graphic file (type png)
<use images/10.png>
Package pdftex.def Info: images/10.png  used on input line 415.
(pdftex.def)             Requested size: 18.05959pt x 18.00003pt.
File: images/15.png Graphic file (type png)
<use images/15.png>
Package pdftex.def Info: images/15.png  used on input line 415.
(pdftex.def)             Requested size: 18.21083pt x 18.00003pt.
File: images/20.png Graphic file (type png)
<use images/20.png>
Package pdftex.def Info: images/20.png  used on input line 415.
(pdftex.def)             Requested size: 18.01994pt x 18.00003pt.
File: images/25.png Graphic file (type png)
<use images/25.png>
Package pdftex.def Info: images/25.png  used on input line 415.
(pdftex.def)             Requested size: 18.06744pt x 18.00003pt.
File: images/0,25.png Graphic file (type png)
<use images/0,25.png>
Package pdftex.def Info: images/0,25.png  used on input line 430.
(pdftex.def)             Requested size: 17.99966pt x 18.00003pt.
File: images/0,5.png Graphic file (type png)
<use images/0,5.png>
Package pdftex.def Info: images/0,5.png  used on input line 430.
(pdftex.def)             Requested size: 18.23766pt x 18.00003pt.
File: images/1,25.png Graphic file (type png)
<use images/1,25.png>
Package pdftex.def Info: images/1,25.png  used on input line 430.
(pdftex.def)             Requested size: 18.36841pt x 18.00003pt.
File: images/0,25.png Graphic file (type png)
<use images/0,25.png>
Package pdftex.def Info: images/0,25.png  used on input line 430.
(pdftex.def)             Requested size: 17.99966pt x 18.00003pt.
File: images/2,5.png Graphic file (type png)
<use images/2,5.png>
Package pdftex.def Info: images/2,5.png  used on input line 431.
(pdftex.def)             Requested size: 18.10963pt x 18.00003pt.
File: images/5.png Graphic file (type png)
<use images/5.png>
Package pdftex.def Info: images/5.png  used on input line 431.
(pdftex.def)             Requested size: 18.03859pt x 18.00003pt.
File: images/2,5.png Graphic file (type png)
<use images/2,5.png>
Package pdftex.def Info: images/2,5.png  used on input line 431.
(pdftex.def)             Requested size: 18.10963pt x 18.00003pt.
File: images/5.png Graphic file (type png)
<use images/5.png>
Package pdftex.def Info: images/5.png  used on input line 431.
(pdftex.def)             Requested size: 18.03859pt x 18.00003pt.
File: images/10.png Graphic file (type png)
<use images/10.png>
Package pdftex.def Info: images/10.png  used on input line 432.
(pdftex.def)             Requested size: 18.05959pt x 18.00003pt.
File: images/15.png Graphic file (type png)
<use images/15.png>
Package pdftex.def Info: images/15.png  used on input line 432.
(pdftex.def)             Requested size: 18.21083pt x 18.00003pt.
File: images/20.png Graphic file (type png)
<use images/20.png>
Package pdftex.def Info: images/20.png  used on input line 432.
(pdftex.def)             Requested size: 18.01994pt x 18.00003pt.
File: images/25.png Graphic file (type png)
<use images/25.png>
Package pdftex.def Info: images/25.png  used on input line 432.
(pdftex.def)             Requested size: 18.06744pt x 18.00003pt.
File: images/0,25.png Graphic file (type png)
<use images/0,25.png>
Package pdftex.def Info: images/0,25.png  used on input line 443.
(pdftex.def)             Requested size: 17.99966pt x 18.00003pt.
File: images/0,5.png Graphic file (type png)
<use images/0,5.png>
Package pdftex.def Info: images/0,5.png  used on input line 443.
(pdftex.def)             Requested size: 18.23766pt x 18.00003pt.
File: images/1,25.png Graphic file (type png)
<use images/1,25.png>
Package pdftex.def Info: images/1,25.png  used on input line 443.
(pdftex.def)             Requested size: 18.36841pt x 18.00003pt.
File: images/2,5.png Graphic file (type png)
<use images/2,5.png>
Package pdftex.def Info: images/2,5.png  used on input line 445.
(pdftex.def)             Requested size: 18.10963pt x 18.00003pt.
File: images/5.png Graphic file (type png)
<use images/5.png>
Package pdftex.def Info: images/5.png  used on input line 445.
(pdftex.def)             Requested size: 18.03859pt x 18.00003pt.
File: images/10.png Graphic file (type png)
<use images/10.png>
Package pdftex.def Info: images/10.png  used on input line 447.
(pdftex.def)             Requested size: 18.05959pt x 18.00003pt.
File: images/15.png Graphic file (type png)
<use images/15.png>
Package pdftex.def Info: images/15.png  used on input line 447.
(pdftex.def)             Requested size: 18.21083pt x 18.00003pt.
File: images/20.png Graphic file (type png)
<use images/20.png>
Package pdftex.def Info: images/20.png  used on input line 447.
(pdftex.def)             Requested size: 18.01994pt x 18.00003pt.
File: images/25.png Graphic file (type png)
<use images/25.png>
Package pdftex.def Info: images/25.png  used on input line 447.
(pdftex.def)             Requested size: 18.06744pt x 18.00003pt.
File: images/0,25.png Graphic file (type png)
<use images/0,25.png>
Package pdftex.def Info: images/0,25.png  used on input line 456.
(pdftex.def)             Requested size: 16.64824pt x 16.64986pt.
File: images/0,5.png Graphic file (type png)
<use images/0,5.png>
Package pdftex.def Info: images/0,5.png  used on input line 457.
(pdftex.def)             Requested size: 16.86679pt x 16.64986pt.
File: images/1,25.png Graphic file (type png)
<use images/1,25.png>
Package pdftex.def Info: images/1,25.png  used on input line 458.
(pdftex.def)             Requested size: 16.98984pt x 16.64986pt.
File: images/2,5.png Graphic file (type png)
<use images/2,5.png>
Package pdftex.def Info: images/2,5.png  used on input line 464.
(pdftex.def)             Requested size: 16.74654pt x 16.64986pt.
File: images/5.png Graphic file (type png)
<use images/5.png>
Package pdftex.def Info: images/5.png  used on input line 465.
(pdftex.def)             Requested size: 16.68773pt x 16.64986pt.
File: images/2,5.png Graphic file (type png)
<use images/2,5.png>
Package pdftex.def Info: images/2,5.png  used on input line 466.
(pdftex.def)             Requested size: 16.74654pt x 16.64986pt.
File: images/10.png Graphic file (type png)
<use images/10.png>
Package pdftex.def Info: images/10.png  used on input line 472.
(pdftex.def)             Requested size: 16.70654pt x 16.64986pt.
File: images/15.png Graphic file (type png)
<use images/15.png>
Package pdftex.def Info: images/15.png  used on input line 473.
(pdftex.def)             Requested size: 16.83969pt x 16.64986pt.
File: images/20.png Graphic file (type png)
<use images/20.png>
Package pdftex.def Info: images/20.png  used on input line 474.
(pdftex.def)             Requested size: 16.6702pt x 16.64986pt.
File: images/25.png Graphic file (type png)
<use images/25.png>
Package pdftex.def Info: images/25.png  used on input line 475.
(pdftex.def)             Requested size: 16.70886pt x 16.64986pt.
 [5]
File: images/0,25.png Graphic file (type png)
<use images/0,25.png>
Package pdftex.def Info: images/0,25.png  used on input line 517.
(pdftex.def)             Requested size: 17.99966pt x 18.00003pt.
File: images/0,5.png Graphic file (type png)
<use images/0,5.png>
Package pdftex.def Info: images/0,5.png  used on input line 517.
(pdftex.def)             Requested size: 18.23766pt x 18.00003pt.
File: images/1,25.png Graphic file (type png)
<use images/1,25.png>
Package pdftex.def Info: images/1,25.png  used on input line 517.
(pdftex.def)             Requested size: 18.36841pt x 18.00003pt.
File: images/2,5.png Graphic file (type png)
<use images/2,5.png>
Package pdftex.def Info: images/2,5.png  used on input line 517.
(pdftex.def)             Requested size: 18.10963pt x 18.00003pt.
File: images/5.png Graphic file (type png)
<use images/5.png>
Package pdftex.def Info: images/5.png  used on input line 517.
(pdftex.def)             Requested size: 18.03859pt x 18.00003pt.
File: images/10.png Graphic file (type png)
<use images/10.png>
Package pdftex.def Info: images/10.png  used on input line 517.
(pdftex.def)             Requested size: 18.05959pt x 18.00003pt.
File: images/15.png Graphic file (type png)
<use images/15.png>
Package pdftex.def Info: images/15.png  used on input line 517.
(pdftex.def)             Requested size: 18.21083pt x 18.00003pt.
File: images/20.png Graphic file (type png)
<use images/20.png>
Package pdftex.def Info: images/20.png  used on input line 517.
(pdftex.def)             Requested size: 18.01994pt x 18.00003pt.
File: images/25.png Graphic file (type png)
<use images/25.png>
Package pdftex.def Info: images/25.png  used on input line 517.
(pdftex.def)             Requested size: 18.06744pt x 18.00003pt.
File: images/pusta.jpg Graphic file (type jpg)
<use images/pusta.jpg>
Package pdftex.def Info: images/pusta.jpg  used on input line 520.
(pdftex.def)             Requested size: 17.99945pt x 18.00003pt.
File: images/0,25.png Graphic file (type png)
<use images/0,25.png>
Package pdftex.def Info: images/0,25.png  used on input line 521.
(pdftex.def)             Requested size: 17.99966pt x 18.00003pt.
File: images/0,5.png Graphic file (type png)
<use images/0,5.png>
Package pdftex.def Info: images/0,5.png  used on input line 521.
(pdftex.def)             Requested size: 18.23766pt x 18.00003pt.
File: images/1,25.png Graphic file (type png)
<use images/1,25.png>
Package pdftex.def Info: images/1,25.png  used on input line 521.
(pdftex.def)             Requested size: 18.36841pt x 18.00003pt.
File: images/2,5.png Graphic file (type png)
<use images/2,5.png>
Package pdftex.def Info: images/2,5.png  used on input line 522.
(pdftex.def)             Requested size: 18.10963pt x 18.00003pt.
File: images/5.png Graphic file (type png)
<use images/5.png>
Package pdftex.def Info: images/5.png  used on input line 522.
(pdftex.def)             Requested size: 18.03859pt x 18.00003pt.
File: images/10.png Graphic file (type png)
<use images/10.png>
Package pdftex.def Info: images/10.png  used on input line 523.
(pdftex.def)             Requested size: 18.05959pt x 18.00003pt.
File: images/15.png Graphic file (type png)
<use images/15.png>
Package pdftex.def Info: images/15.png  used on input line 523.
(pdftex.def)             Requested size: 18.21083pt x 18.00003pt.
File: images/20.png Graphic file (type png)
<use images/20.png>
Package pdftex.def Info: images/20.png  used on input line 523.
(pdftex.def)             Requested size: 18.01994pt x 18.00003pt.
File: images/25.png Graphic file (type png)
<use images/25.png>
Package pdftex.def Info: images/25.png  used on input line 523.
(pdftex.def)             Requested size: 18.06744pt x 18.00003pt.
File: images/0,25.png Graphic file (type png)
<use images/0,25.png>
Package pdftex.def Info: images/0,25.png  used on input line 524.
(pdftex.def)             Requested size: 17.99966pt x 18.00003pt.
File: images/0,5.png Graphic file (type png)
<use images/0,5.png>
Package pdftex.def Info: images/0,5.png  used on input line 524.
(pdftex.def)             Requested size: 18.23766pt x 18.00003pt.
File: images/1,25.png Graphic file (type png)
<use images/1,25.png>
Package pdftex.def Info: images/1,25.png  used on input line 524.
(pdftex.def)             Requested size: 18.36841pt x 18.00003pt.
File: images/2,5.png Graphic file (type png)
<use images/2,5.png>
Package pdftex.def Info: images/2,5.png  used on input line 524.
(pdftex.def)             Requested size: 18.10963pt x 18.00003pt.
File: images/5.png Graphic file (type png)
<use images/5.png>
Package pdftex.def Info: images/5.png  used on input line 524.
(pdftex.def)             Requested size: 18.03859pt x 18.00003pt.
File: images/10.png Graphic file (type png)
<use images/10.png>
Package pdftex.def Info: images/10.png  used on input line 524.
(pdftex.def)             Requested size: 18.05959pt x 18.00003pt.
File: images/15.png Graphic file (type png)
<use images/15.png>
Package pdftex.def Info: images/15.png  used on input line 524.
(pdftex.def)             Requested size: 18.21083pt x 18.00003pt.
File: images/20.png Graphic file (type png)
<use images/20.png>
Package pdftex.def Info: images/20.png  used on input line 524.
(pdftex.def)             Requested size: 18.01994pt x 18.00003pt.
File: images/25.png Graphic file (type png)
<use images/25.png>
Package pdftex.def Info: images/25.png  used on input line 524.
(pdftex.def)             Requested size: 18.06744pt x 18.00003pt.
File: images/0,25.png Graphic file (type png)
<use images/0,25.png>
Package pdftex.def Info: images/0,25.png  used on input line 531.
(pdftex.def)             Requested size: 17.99966pt x 18.00003pt.
File: images/0,5.png Graphic file (type png)
<use images/0,5.png>
Package pdftex.def Info: images/0,5.png  used on input line 531.
(pdftex.def)             Requested size: 18.23766pt x 18.00003pt.
File: images/1,25.png Graphic file (type png)
<use images/1,25.png>
Package pdftex.def Info: images/1,25.png  used on input line 531.
(pdftex.def)             Requested size: 18.36841pt x 18.00003pt.
File: images/2,5.png Graphic file (type png)
<use images/2,5.png>
Package pdftex.def Info: images/2,5.png  used on input line 532.
(pdftex.def)             Requested size: 18.10963pt x 18.00003pt.
File: images/5.png Graphic file (type png)
<use images/5.png>
Package pdftex.def Info: images/5.png  used on input line 532.
(pdftex.def)             Requested size: 18.03859pt x 18.00003pt.
File: images/10.png Graphic file (type png)
<use images/10.png>
Package pdftex.def Info: images/10.png  used on input line 532.
(pdftex.def)             Requested size: 18.05959pt x 18.00003pt.
File: images/15.png Graphic file (type png)
<use images/15.png>
Package pdftex.def Info: images/15.png  used on input line 532.
(pdftex.def)             Requested size: 18.21083pt x 18.00003pt.
File: images/20.png Graphic file (type png)
<use images/20.png>
Package pdftex.def Info: images/20.png  used on input line 532.
(pdftex.def)             Requested size: 18.01994pt x 18.00003pt.
File: images/25.png Graphic file (type png)
<use images/25.png>
Package pdftex.def Info: images/25.png  used on input line 532.
(pdftex.def)             Requested size: 18.06744pt x 18.00003pt.
File: images/pusta.jpg Graphic file (type jpg)
<use images/pusta.jpg>
Package pdftex.def Info: images/pusta.jpg  used on input line 540.
(pdftex.def)             Requested size: 17.99945pt x 18.00003pt.
File: images/0,25.png Graphic file (type png)
<use images/0,25.png>
Package pdftex.def Info: images/0,25.png  used on input line 541.
(pdftex.def)             Requested size: 17.99966pt x 18.00003pt.
File: images/0,5.png Graphic file (type png)
<use images/0,5.png>
Package pdftex.def Info: images/0,5.png  used on input line 541.
(pdftex.def)             Requested size: 18.23766pt x 18.00003pt.
File: images/1,25.png Graphic file (type png)
<use images/1,25.png>
Package pdftex.def Info: images/1,25.png  used on input line 541.
(pdftex.def)             Requested size: 18.36841pt x 18.00003pt.
File: images/2,5.png Graphic file (type png)
<use images/2,5.png>
Package pdftex.def Info: images/2,5.png  used on input line 541.
(pdftex.def)             Requested size: 18.10963pt x 18.00003pt.
File: images/5.png Graphic file (type png)
<use images/5.png>
Package pdftex.def Info: images/5.png  used on input line 541.
(pdftex.def)             Requested size: 18.03859pt x 18.00003pt.
File: images/10.png Graphic file (type png)
<use images/10.png>
Package pdftex.def Info: images/10.png  used on input line 541.
(pdftex.def)             Requested size: 18.05959pt x 18.00003pt.
File: images/15.png Graphic file (type png)
<use images/15.png>
Package pdftex.def Info: images/15.png  used on input line 541.
(pdftex.def)             Requested size: 18.21083pt x 18.00003pt.
File: images/20.png Graphic file (type png)
<use images/20.png>
Package pdftex.def Info: images/20.png  used on input line 541.
(pdftex.def)             Requested size: 18.01994pt x 18.00003pt.
File: images/25.png Graphic file (type png)
<use images/25.png>
Package pdftex.def Info: images/25.png  used on input line 541.
(pdftex.def)             Requested size: 18.06744pt x 18.00003pt.
File: images/0,25.png Graphic file (type png)
<use images/0,25.png>
Package pdftex.def Info: images/0,25.png  used on input line 542.
(pdftex.def)             Requested size: 17.99966pt x 18.00003pt.
File: images/0,5.png Graphic file (type png)
<use images/0,5.png>
Package pdftex.def Info: images/0,5.png  used on input line 542.
(pdftex.def)             Requested size: 18.23766pt x 18.00003pt.
File: images/1,25.png Graphic file (type png)
<use images/1,25.png>
Package pdftex.def Info: images/1,25.png  used on input line 542.
(pdftex.def)             Requested size: 18.36841pt x 18.00003pt.
File: images/2,5.png Graphic file (type png)
<use images/2,5.png>
Package pdftex.def Info: images/2,5.png  used on input line 542.
(pdftex.def)             Requested size: 18.10963pt x 18.00003pt.
File: images/5.png Graphic file (type png)
<use images/5.png>
Package pdftex.def Info: images/5.png  used on input line 542.
(pdftex.def)             Requested size: 18.03859pt x 18.00003pt.
File: images/0,25.png Graphic file (type png)
<use images/0,25.png>
Package pdftex.def Info: images/0,25.png  used on input line 542.
(pdftex.def)             Requested size: 17.99966pt x 18.00003pt.
File: images/0,5.png Graphic file (type png)
<use images/0,5.png>
Package pdftex.def Info: images/0,5.png  used on input line 542.
(pdftex.def)             Requested size: 18.23766pt x 18.00003pt.
File: images/1,25.png Graphic file (type png)
<use images/1,25.png>
Package pdftex.def Info: images/1,25.png  used on input line 542.
(pdftex.def)             Requested size: 18.36841pt x 18.00003pt.
File: images/10.png Graphic file (type png)
<use images/10.png>
Package pdftex.def Info: images/10.png  used on input line 542.
(pdftex.def)             Requested size: 18.05959pt x 18.00003pt.
File: images/15.png Graphic file (type png)
<use images/15.png>
Package pdftex.def Info: images/15.png  used on input line 542.
(pdftex.def)             Requested size: 18.21083pt x 18.00003pt.
File: images/20.png Graphic file (type png)
<use images/20.png>
Package pdftex.def Info: images/20.png  used on input line 542.
(pdftex.def)             Requested size: 18.01994pt x 18.00003pt.
File: images/25.png Graphic file (type png)
<use images/25.png>
Package pdftex.def Info: images/25.png  used on input line 542.
(pdftex.def)             Requested size: 18.06744pt x 18.00003pt.
File: images/2,5.png Graphic file (type png)
<use images/2,5.png>
Package pdftex.def Info: images/2,5.png  used on input line 542.
(pdftex.def)             Requested size: 18.10963pt x 18.00003pt.
File: images/5.png Graphic file (type png)
<use images/5.png>
Package pdftex.def Info: images/5.png  used on input line 542.
(pdftex.def)             Requested size: 18.03859pt x 18.00003pt.
File: images/10.png Graphic file (type png)
<use images/10.png>
Package pdftex.def Info: images/10.png  used on input line 542.
(pdftex.def)             Requested size: 18.05959pt x 18.00003pt.
File: images/15.png Graphic file (type png)
<use images/15.png>
Package pdftex.def Info: images/15.png  used on input line 542.
(pdftex.def)             Requested size: 18.21083pt x 18.00003pt.
File: images/20.png Graphic file (type png)
<use images/20.png>
Package pdftex.def Info: images/20.png  used on input line 542.
(pdftex.def)             Requested size: 18.01994pt x 18.00003pt.
File: images/25.png Graphic file (type png)
<use images/25.png>
Package pdftex.def Info: images/25.png  used on input line 542.
(pdftex.def)             Requested size: 18.06744pt x 18.00003pt.
File: images/0,25.png Graphic file (type png)
<use images/0,25.png>
Package pdftex.def Info: images/0,25.png  used on input line 543.
(pdftex.def)             Requested size: 17.99966pt x 18.00003pt.
File: images/0,5.png Graphic file (type png)
<use images/0,5.png>
Package pdftex.def Info: images/0,5.png  used on input line 543.
(pdftex.def)             Requested size: 18.23766pt x 18.00003pt.
File: images/1,25.png Graphic file (type png)
<use images/1,25.png>
Package pdftex.def Info: images/1,25.png  used on input line 543.
(pdftex.def)             Requested size: 18.36841pt x 18.00003pt.
File: images/2,5.png Graphic file (type png)
<use images/2,5.png>
Package pdftex.def Info: images/2,5.png  used on input line 543.
(pdftex.def)             Requested size: 18.10963pt x 18.00003pt.
File: images/5.png Graphic file (type png)
<use images/5.png>
Package pdftex.def Info: images/5.png  used on input line 543.
(pdftex.def)             Requested size: 18.03859pt x 18.00003pt.
File: images/10.png Graphic file (type png)
<use images/10.png>
Package pdftex.def Info: images/10.png  used on input line 543.
(pdftex.def)             Requested size: 18.05959pt x 18.00003pt.
File: images/15.png Graphic file (type png)
<use images/15.png>
Package pdftex.def Info: images/15.png  used on input line 543.
(pdftex.def)             Requested size: 18.21083pt x 18.00003pt.
File: images/20.png Graphic file (type png)
<use images/20.png>
Package pdftex.def Info: images/20.png  used on input line 543.
(pdftex.def)             Requested size: 18.01994pt x 18.00003pt.
File: images/25.png Graphic file (type png)
<use images/25.png>
Package pdftex.def Info: images/25.png  used on input line 543.
(pdftex.def)             Requested size: 18.06744pt x 18.00003pt.
File: images/pusta.jpg Graphic file (type jpg)
<use images/pusta.jpg>
Package pdftex.def Info: images/pusta.jpg  used on input line 551.
(pdftex.def)             Requested size: 17.99945pt x 18.00003pt.
File: images/0,25.png Graphic file (type png)
<use images/0,25.png>
Package pdftex.def Info: images/0,25.png  used on input line 557.
(pdftex.def)             Requested size: 17.99966pt x 18.00003pt.
File: images/0,5.png Graphic file (type png)
<use images/0,5.png>
Package pdftex.def Info: images/0,5.png  used on input line 557.
(pdftex.def)             Requested size: 18.23766pt x 18.00003pt.
File: images/1,25.png Graphic file (type png)
<use images/1,25.png>
Package pdftex.def Info: images/1,25.png  used on input line 557.
(pdftex.def)             Requested size: 18.36841pt x 18.00003pt.
File: images/2,5.png Graphic file (type png)
<use images/2,5.png>
Package pdftex.def Info: images/2,5.png  used on input line 557.
(pdftex.def)             Requested size: 18.10963pt x 18.00003pt.
File: images/5.png Graphic file (type png)
<use images/5.png>
Package pdftex.def Info: images/5.png  used on input line 557.
(pdftex.def)             Requested size: 18.03859pt x 18.00003pt.
File: images/10.png Graphic file (type png)
<use images/10.png>
Package pdftex.def Info: images/10.png  used on input line 557.
(pdftex.def)             Requested size: 18.05959pt x 18.00003pt.
File: images/15.png Graphic file (type png)
<use images/15.png>
Package pdftex.def Info: images/15.png  used on input line 557.
(pdftex.def)             Requested size: 18.21083pt x 18.00003pt.
File: images/20.png Graphic file (type png)
<use images/20.png>
Package pdftex.def Info: images/20.png  used on input line 557.
(pdftex.def)             Requested size: 18.01994pt x 18.00003pt.
File: images/25.png Graphic file (type png)
<use images/25.png>
Package pdftex.def Info: images/25.png  used on input line 557.
(pdftex.def)             Requested size: 18.06744pt x 18.00003pt.
File: images/2,5.png Graphic file (type png)
<use images/2,5.png>
Package pdftex.def Info: images/2,5.png  used on input line 558.
(pdftex.def)             Requested size: 18.10963pt x 18.00003pt.
File: images/5.png Graphic file (type png)
<use images/5.png>
Package pdftex.def Info: images/5.png  used on input line 558.
(pdftex.def)             Requested size: 18.03859pt x 18.00003pt.
File: images/0,25.png Graphic file (type png)
<use images/0,25.png>
Package pdftex.def Info: images/0,25.png  used on input line 558.
(pdftex.def)             Requested size: 17.99966pt x 18.00003pt.
File: images/0,5.png Graphic file (type png)
<use images/0,5.png>
Package pdftex.def Info: images/0,5.png  used on input line 558.
(pdftex.def)             Requested size: 18.23766pt x 18.00003pt.
File: images/1,25.png Graphic file (type png)
<use images/1,25.png>
Package pdftex.def Info: images/1,25.png  used on input line 558.
(pdftex.def)             Requested size: 18.36841pt x 18.00003pt.
File: images/10.png Graphic file (type png)
<use images/10.png>
Package pdftex.def Info: images/10.png  used on input line 558.
(pdftex.def)             Requested size: 18.05959pt x 18.00003pt.
File: images/15.png Graphic file (type png)
<use images/15.png>
Package pdftex.def Info: images/15.png  used on input line 558.
(pdftex.def)             Requested size: 18.21083pt x 18.00003pt.
File: images/20.png Graphic file (type png)
<use images/20.png>
Package pdftex.def Info: images/20.png  used on input line 558.
(pdftex.def)             Requested size: 18.01994pt x 18.00003pt.
File: images/25.png Graphic file (type png)
<use images/25.png>
Package pdftex.def Info: images/25.png  used on input line 558.
(pdftex.def)             Requested size: 18.06744pt x 18.00003pt.
File: images/10.png Graphic file (type png)
<use images/10.png>
Package pdftex.def Info: images/10.png  used on input line 559.
(pdftex.def)             Requested size: 18.05959pt x 18.00003pt.
File: images/15.png Graphic file (type png)
<use images/15.png>
Package pdftex.def Info: images/15.png  used on input line 559.
(pdftex.def)             Requested size: 18.21083pt x 18.00003pt.
File: images/20.png Graphic file (type png)
<use images/20.png>
Package pdftex.def Info: images/20.png  used on input line 559.
(pdftex.def)             Requested size: 18.01994pt x 18.00003pt.
File: images/25.png Graphic file (type png)
<use images/25.png>
Package pdftex.def Info: images/25.png  used on input line 559.
(pdftex.def)             Requested size: 18.06744pt x 18.00003pt.
File: images/0,25.png Graphic file (type png)
<use images/0,25.png>
Package pdftex.def Info: images/0,25.png  used on input line 559.
(pdftex.def)             Requested size: 17.99966pt x 18.00003pt.
File: images/0,5.png Graphic file (type png)
<use images/0,5.png>
Package pdftex.def Info: images/0,5.png  used on input line 559.
(pdftex.def)             Requested size: 18.23766pt x 18.00003pt.
File: images/1,25.png Graphic file (type png)
<use images/1,25.png>
Package pdftex.def Info: images/1,25.png  used on input line 559.
(pdftex.def)             Requested size: 18.36841pt x 18.00003pt.
File: images/2,5.png Graphic file (type png)
<use images/2,5.png>
Package pdftex.def Info: images/2,5.png  used on input line 559.
(pdftex.def)             Requested size: 18.10963pt x 18.00003pt.
File: images/5.png Graphic file (type png)
<use images/5.png>
Package pdftex.def Info: images/5.png  used on input line 559.
(pdftex.def)             Requested size: 18.03859pt x 18.00003pt.
File: images/0,25.png Graphic file (type png)
<use images/0,25.png>
Package pdftex.def Info: images/0,25.png  used on input line 564.
(pdftex.def)             Requested size: 17.99966pt x 18.00003pt.
File: images/0,5.png Graphic file (type png)
<use images/0,5.png>
Package pdftex.def Info: images/0,5.png  used on input line 564.
(pdftex.def)             Requested size: 18.23766pt x 18.00003pt.
File: images/1,25.png Graphic file (type png)
<use images/1,25.png>
Package pdftex.def Info: images/1,25.png  used on input line 564.
(pdftex.def)             Requested size: 18.36841pt x 18.00003pt.
File: images/2,5.png Graphic file (type png)
<use images/2,5.png>
Package pdftex.def Info: images/2,5.png  used on input line 564.
(pdftex.def)             Requested size: 18.10963pt x 18.00003pt.
File: images/5.png Graphic file (type png)
<use images/5.png>
Package pdftex.def Info: images/5.png  used on input line 564.
(pdftex.def)             Requested size: 18.03859pt x 18.00003pt.
File: images/10.png Graphic file (type png)
<use images/10.png>
Package pdftex.def Info: images/10.png  used on input line 564.
(pdftex.def)             Requested size: 18.05959pt x 18.00003pt.
File: images/15.png Graphic file (type png)
<use images/15.png>
Package pdftex.def Info: images/15.png  used on input line 564.
(pdftex.def)             Requested size: 18.21083pt x 18.00003pt.
File: images/20.png Graphic file (type png)
<use images/20.png>
Package pdftex.def Info: images/20.png  used on input line 564.
(pdftex.def)             Requested size: 18.01994pt x 18.00003pt.
File: images/25.png Graphic file (type png)
<use images/25.png>
Package pdftex.def Info: images/25.png  used on input line 564.
(pdftex.def)             Requested size: 18.06744pt x 18.00003pt.
File: images/0,25.png Graphic file (type png)
<use images/0,25.png>
Package pdftex.def Info: images/0,25.png  used on input line 565.
(pdftex.def)             Requested size: 17.99966pt x 18.00003pt.
File: images/0,5.png Graphic file (type png)
<use images/0,5.png>
Package pdftex.def Info: images/0,5.png  used on input line 565.
(pdftex.def)             Requested size: 18.23766pt x 18.00003pt.
File: images/1,25.png Graphic file (type png)
<use images/1,25.png>
Package pdftex.def Info: images/1,25.png  used on input line 565.
(pdftex.def)             Requested size: 18.36841pt x 18.00003pt.
File: images/10.png Graphic file (type png)
<use images/10.png>
Package pdftex.def Info: images/10.png  used on input line 565.
(pdftex.def)             Requested size: 18.05959pt x 18.00003pt.
File: images/15.png Graphic file (type png)
<use images/15.png>
Package pdftex.def Info: images/15.png  used on input line 565.
(pdftex.def)             Requested size: 18.21083pt x 18.00003pt.
File: images/20.png Graphic file (type png)
<use images/20.png>
Package pdftex.def Info: images/20.png  used on input line 565.
(pdftex.def)             Requested size: 18.01994pt x 18.00003pt.
File: images/25.png Graphic file (type png)
<use images/25.png>
Package pdftex.def Info: images/25.png  used on input line 565.
(pdftex.def)             Requested size: 18.06744pt x 18.00003pt.
File: images/2,5.png Graphic file (type png)
<use images/2,5.png>
Package pdftex.def Info: images/2,5.png  used on input line 565.
(pdftex.def)             Requested size: 18.10963pt x 18.00003pt.
File: images/5.png Graphic file (type png)
<use images/5.png>
Package pdftex.def Info: images/5.png  used on input line 565.
(pdftex.def)             Requested size: 18.03859pt x 18.00003pt.
File: images/2,5.png Graphic file (type png)
<use images/2,5.png>
Package pdftex.def Info: images/2,5.png  used on input line 566.
(pdftex.def)             Requested size: 18.10963pt x 18.00003pt.
File: images/5.png Graphic file (type png)
<use images/5.png>
Package pdftex.def Info: images/5.png  used on input line 566.
(pdftex.def)             Requested size: 18.03859pt x 18.00003pt.
File: images/10.png Graphic file (type png)
<use images/10.png>
Package pdftex.def Info: images/10.png  used on input line 566.
(pdftex.def)             Requested size: 18.05959pt x 18.00003pt.
File: images/15.png Graphic file (type png)
<use images/15.png>
Package pdftex.def Info: images/15.png  used on input line 566.
(pdftex.def)             Requested size: 18.21083pt x 18.00003pt.
File: images/20.png Graphic file (type png)
<use images/20.png>
Package pdftex.def Info: images/20.png  used on input line 566.
(pdftex.def)             Requested size: 18.01994pt x 18.00003pt.
File: images/25.png Graphic file (type png)
<use images/25.png>
Package pdftex.def Info: images/25.png  used on input line 566.
(pdftex.def)             Requested size: 18.06744pt x 18.00003pt.
File: images/0,25.png Graphic file (type png)
<use images/0,25.png>
Package pdftex.def Info: images/0,25.png  used on input line 566.
(pdftex.def)             Requested size: 17.99966pt x 18.00003pt.
File: images/0,5.png Graphic file (type png)
<use images/0,5.png>
Package pdftex.def Info: images/0,5.png  used on input line 566.
(pdftex.def)             Requested size: 18.23766pt x 18.00003pt.
File: images/1,25.png Graphic file (type png)
<use images/1,25.png>
Package pdftex.def Info: images/1,25.png  used on input line 566.
(pdftex.def)             Requested size: 18.36841pt x 18.00003pt.
File: images/0,25.png Graphic file (type png)
<use images/0,25.png>
Package pdftex.def Info: images/0,25.png  used on input line 579.
(pdftex.def)             Requested size: 17.99966pt x 18.00003pt.
File: images/0,5.png Graphic file (type png)
<use images/0,5.png>
Package pdftex.def Info: images/0,5.png  used on input line 579.
(pdftex.def)             Requested size: 18.23766pt x 18.00003pt.
File: images/1,25.png Graphic file (type png)
<use images/1,25.png>
Package pdftex.def Info: images/1,25.png  used on input line 579.
(pdftex.def)             Requested size: 18.36841pt x 18.00003pt.
File: images/2,5.png Graphic file (type png)
<use images/2,5.png>
Package pdftex.def Info: images/2,5.png  used on input line 579.
(pdftex.def)             Requested size: 18.10963pt x 18.00003pt.
File: images/5.png Graphic file (type png)
<use images/5.png>
Package pdftex.def Info: images/5.png  used on input line 579.
(pdftex.def)             Requested size: 18.03859pt x 18.00003pt.
File: images/10.png Graphic file (type png)
<use images/10.png>
Package pdftex.def Info: images/10.png  used on input line 579.
(pdftex.def)             Requested size: 18.05959pt x 18.00003pt.
File: images/15.png Graphic file (type png)
<use images/15.png>
Package pdftex.def Info: images/15.png  used on input line 579.
(pdftex.def)             Requested size: 18.21083pt x 18.00003pt.
File: images/20.png Graphic file (type png)
<use images/20.png>
Package pdftex.def Info: images/20.png  used on input line 579.
(pdftex.def)             Requested size: 18.01994pt x 18.00003pt.
File: images/25.png Graphic file (type png)
<use images/25.png>
Package pdftex.def Info: images/25.png  used on input line 579.
(pdftex.def)             Requested size: 18.06744pt x 18.00003pt.
File: images/0,25.png Graphic file (type png)
<use images/0,25.png>
Package pdftex.def Info: images/0,25.png  used on input line 581.
(pdftex.def)             Requested size: 17.99966pt x 18.00003pt.
File: images/0,5.png Graphic file (type png)
<use images/0,5.png>
Package pdftex.def Info: images/0,5.png  used on input line 581.
(pdftex.def)             Requested size: 18.23766pt x 18.00003pt.
File: images/1,25.png Graphic file (type png)
<use images/1,25.png>
Package pdftex.def Info: images/1,25.png  used on input line 581.
(pdftex.def)             Requested size: 18.36841pt x 18.00003pt.
File: images/2,5.png Graphic file (type png)
<use images/2,5.png>
Package pdftex.def Info: images/2,5.png  used on input line 581.
(pdftex.def)             Requested size: 18.10963pt x 18.00003pt.
File: images/5.png Graphic file (type png)
<use images/5.png>
Package pdftex.def Info: images/5.png  used on input line 581.
(pdftex.def)             Requested size: 18.03859pt x 18.00003pt.
File: images/10.png Graphic file (type png)
<use images/10.png>
Package pdftex.def Info: images/10.png  used on input line 581.
(pdftex.def)             Requested size: 18.05959pt x 18.00003pt.
File: images/15.png Graphic file (type png)
<use images/15.png>
Package pdftex.def Info: images/15.png  used on input line 581.
(pdftex.def)             Requested size: 18.21083pt x 18.00003pt.
File: images/20.png Graphic file (type png)
<use images/20.png>
Package pdftex.def Info: images/20.png  used on input line 581.
(pdftex.def)             Requested size: 18.01994pt x 18.00003pt.
File: images/25.png Graphic file (type png)
<use images/25.png>
Package pdftex.def Info: images/25.png  used on input line 581.
(pdftex.def)             Requested size: 18.06744pt x 18.00003pt.
 [6]
File: images/0,5.png Graphic file (type png)
<use images/0,5.png>
Package pdftex.def Info: images/0,5.png  used on input line 618.
(pdftex.def)             Requested size: 18.23766pt x 18.00003pt.
File: images/0,25.png Graphic file (type png)
<use images/0,25.png>
Package pdftex.def Info: images/0,25.png  used on input line 618.
(pdftex.def)             Requested size: 17.99966pt x 18.00003pt.
File: images/1,25.png Graphic file (type png)
<use images/1,25.png>
Package pdftex.def Info: images/1,25.png  used on input line 619.
(pdftex.def)             Requested size: 18.36841pt x 18.00003pt.
File: images/0,5.png Graphic file (type png)
<use images/0,5.png>
Package pdftex.def Info: images/0,5.png  used on input line 619.
(pdftex.def)             Requested size: 18.23766pt x 18.00003pt.
File: images/0,25.png Graphic file (type png)
<use images/0,25.png>
Package pdftex.def Info: images/0,25.png  used on input line 620.
(pdftex.def)             Requested size: 17.99966pt x 18.00003pt.
File: images/1,25.png Graphic file (type png)
<use images/1,25.png>
Package pdftex.def Info: images/1,25.png  used on input line 620.
(pdftex.def)             Requested size: 18.36841pt x 18.00003pt.
File: images/5.png Graphic file (type png)
<use images/5.png>
Package pdftex.def Info: images/5.png  used on input line 621.
(pdftex.def)             Requested size: 18.03859pt x 18.00003pt.
File: images/2,5.png Graphic file (type png)
<use images/2,5.png>
Package pdftex.def Info: images/2,5.png  used on input line 621.
(pdftex.def)             Requested size: 18.10963pt x 18.00003pt.
File: images/2,5.png Graphic file (type png)
<use images/2,5.png>
Package pdftex.def Info: images/2,5.png  used on input line 622.
(pdftex.def)             Requested size: 18.10963pt x 18.00003pt.
File: images/5.png Graphic file (type png)
<use images/5.png>
Package pdftex.def Info: images/5.png  used on input line 622.
(pdftex.def)             Requested size: 18.03859pt x 18.00003pt.
File: images/15.png Graphic file (type png)
<use images/15.png>
Package pdftex.def Info: images/15.png  used on input line 623.
(pdftex.def)             Requested size: 18.21083pt x 18.00003pt.
File: images/10.png Graphic file (type png)
<use images/10.png>
Package pdftex.def Info: images/10.png  used on input line 623.
(pdftex.def)             Requested size: 18.05959pt x 18.00003pt.
File: images/20.png Graphic file (type png)
<use images/20.png>
Package pdftex.def Info: images/20.png  used on input line 624.
(pdftex.def)             Requested size: 18.01994pt x 18.00003pt.
File: images/15.png Graphic file (type png)
<use images/15.png>
Package pdftex.def Info: images/15.png  used on input line 624.
(pdftex.def)             Requested size: 18.21083pt x 18.00003pt.
File: images/25.png Graphic file (type png)
<use images/25.png>
Package pdftex.def Info: images/25.png  used on input line 625.
(pdftex.def)             Requested size: 18.06744pt x 18.00003pt.
File: images/20.png Graphic file (type png)
<use images/20.png>
Package pdftex.def Info: images/20.png  used on input line 625.
(pdftex.def)             Requested size: 18.01994pt x 18.00003pt.
File: images/10.png Graphic file (type png)
<use images/10.png>
Package pdftex.def Info: images/10.png  used on input line 626.
(pdftex.def)             Requested size: 18.05959pt x 18.00003pt.
File: images/25.png Graphic file (type png)
<use images/25.png>
Package pdftex.def Info: images/25.png  used on input line 626.
(pdftex.def)             Requested size: 18.06744pt x 18.00003pt.
File: images/0,25.png Graphic file (type png)
<use images/0,25.png>
Package pdftex.def Info: images/0,25.png  used on input line 632.
(pdftex.def)             Requested size: 17.99966pt x 18.00003pt.
File: images/0,5.png Graphic file (type png)
<use images/0,5.png>
Package pdftex.def Info: images/0,5.png  used on input line 632.
(pdftex.def)             Requested size: 18.23766pt x 18.00003pt.
File: images/1,25.png Graphic file (type png)
<use images/1,25.png>
Package pdftex.def Info: images/1,25.png  used on input line 632.
(pdftex.def)             Requested size: 18.36841pt x 18.00003pt.
File: images/2,5.png Graphic file (type png)
<use images/2,5.png>
Package pdftex.def Info: images/2,5.png  used on input line 632.
(pdftex.def)             Requested size: 18.10963pt x 18.00003pt.
File: images/5.png Graphic file (type png)
<use images/5.png>
Package pdftex.def Info: images/5.png  used on input line 632.
(pdftex.def)             Requested size: 18.03859pt x 18.00003pt.
File: images/10.png Graphic file (type png)
<use images/10.png>
Package pdftex.def Info: images/10.png  used on input line 632.
(pdftex.def)             Requested size: 18.05959pt x 18.00003pt.
File: images/15.png Graphic file (type png)
<use images/15.png>
Package pdftex.def Info: images/15.png  used on input line 632.
(pdftex.def)             Requested size: 18.21083pt x 18.00003pt.
File: images/20.png Graphic file (type png)
<use images/20.png>
Package pdftex.def Info: images/20.png  used on input line 632.
(pdftex.def)             Requested size: 18.01994pt x 18.00003pt.
File: images/25.png Graphic file (type png)
<use images/25.png>
Package pdftex.def Info: images/25.png  used on input line 632.
(pdftex.def)             Requested size: 18.06744pt x 18.00003pt.
File: images/pusta.jpg Graphic file (type jpg)
<use images/pusta.jpg>
Package pdftex.def Info: images/pusta.jpg  used on input line 636.
(pdftex.def)             Requested size: 17.99945pt x 18.00003pt.
File: images/pusta.jpg Graphic file (type jpg)
<use images/pusta.jpg>
Package pdftex.def Info: images/pusta.jpg  used on input line 636.
(pdftex.def)             Requested size: 17.99945pt x 18.00003pt.
File: images/0,25.png Graphic file (type png)
<use images/0,25.png>
Package pdftex.def Info: images/0,25.png  used on input line 637.
(pdftex.def)             Requested size: 17.99966pt x 18.00003pt.
File: images/0,5.png Graphic file (type png)
<use images/0,5.png>
Package pdftex.def Info: images/0,5.png  used on input line 637.
(pdftex.def)             Requested size: 18.23766pt x 18.00003pt.
File: images/1,25.png Graphic file (type png)
<use images/1,25.png>
Package pdftex.def Info: images/1,25.png  used on input line 637.
(pdftex.def)             Requested size: 18.36841pt x 18.00003pt.
File: images/0,25.png Graphic file (type png)
<use images/0,25.png>
Package pdftex.def Info: images/0,25.png  used on input line 637.
(pdftex.def)             Requested size: 17.99966pt x 18.00003pt.
File: images/0,5.png Graphic file (type png)
<use images/0,5.png>
Package pdftex.def Info: images/0,5.png  used on input line 637.
(pdftex.def)             Requested size: 18.23766pt x 18.00003pt.
File: images/1,25.png Graphic file (type png)
<use images/1,25.png>
Package pdftex.def Info: images/1,25.png  used on input line 637.
(pdftex.def)             Requested size: 18.36841pt x 18.00003pt.
File: images/2,5.png Graphic file (type png)
<use images/2,5.png>
Package pdftex.def Info: images/2,5.png  used on input line 638.
(pdftex.def)             Requested size: 18.10963pt x 18.00003pt.
File: images/5.png Graphic file (type png)
<use images/5.png>
Package pdftex.def Info: images/5.png  used on input line 638.
(pdftex.def)             Requested size: 18.03859pt x 18.00003pt.
File: images/2,5.png Graphic file (type png)
<use images/2,5.png>
Package pdftex.def Info: images/2,5.png  used on input line 638.
(pdftex.def)             Requested size: 18.10963pt x 18.00003pt.
File: images/5.png Graphic file (type png)
<use images/5.png>
Package pdftex.def Info: images/5.png  used on input line 638.
(pdftex.def)             Requested size: 18.03859pt x 18.00003pt.
File: images/10.png Graphic file (type png)
<use images/10.png>
Package pdftex.def Info: images/10.png  used on input line 639.
(pdftex.def)             Requested size: 18.05959pt x 18.00003pt.
File: images/15.png Graphic file (type png)
<use images/15.png>
Package pdftex.def Info: images/15.png  used on input line 639.
(pdftex.def)             Requested size: 18.21083pt x 18.00003pt.
File: images/20.png Graphic file (type png)
<use images/20.png>
Package pdftex.def Info: images/20.png  used on input line 639.
(pdftex.def)             Requested size: 18.01994pt x 18.00003pt.
File: images/25.png Graphic file (type png)
<use images/25.png>
Package pdftex.def Info: images/25.png  used on input line 639.
(pdftex.def)             Requested size: 18.06744pt x 18.00003pt.
File: images/10.png Graphic file (type png)
<use images/10.png>
Package pdftex.def Info: images/10.png  used on input line 639.
(pdftex.def)             Requested size: 18.05959pt x 18.00003pt.
File: images/15.png Graphic file (type png)
<use images/15.png>
Package pdftex.def Info: images/15.png  used on input line 639.
(pdftex.def)             Requested size: 18.21083pt x 18.00003pt.
File: images/20.png Graphic file (type png)
<use images/20.png>
Package pdftex.def Info: images/20.png  used on input line 639.
(pdftex.def)             Requested size: 18.01994pt x 18.00003pt.
File: images/25.png Graphic file (type png)
<use images/25.png>
Package pdftex.def Info: images/25.png  used on input line 639.
(pdftex.def)             Requested size: 18.06744pt x 18.00003pt.
File: images/0,25.png Graphic file (type png)
<use images/0,25.png>
Package pdftex.def Info: images/0,25.png  used on input line 640.
(pdftex.def)             Requested size: 17.99966pt x 18.00003pt.
File: images/0,5.png Graphic file (type png)
<use images/0,5.png>
Package pdftex.def Info: images/0,5.png  used on input line 640.
(pdftex.def)             Requested size: 18.23766pt x 18.00003pt.
File: images/1,25.png Graphic file (type png)
<use images/1,25.png>
Package pdftex.def Info: images/1,25.png  used on input line 640.
(pdftex.def)             Requested size: 18.36841pt x 18.00003pt.
File: images/2,5.png Graphic file (type png)
<use images/2,5.png>
Package pdftex.def Info: images/2,5.png  used on input line 640.
(pdftex.def)             Requested size: 18.10963pt x 18.00003pt.
File: images/5.png Graphic file (type png)
<use images/5.png>
Package pdftex.def Info: images/5.png  used on input line 640.
(pdftex.def)             Requested size: 18.03859pt x 18.00003pt.
File: images/0,25.png Graphic file (type png)
<use images/0,25.png>
Package pdftex.def Info: images/0,25.png  used on input line 640.
(pdftex.def)             Requested size: 17.99966pt x 18.00003pt.
File: images/0,5.png Graphic file (type png)
<use images/0,5.png>
Package pdftex.def Info: images/0,5.png  used on input line 640.
(pdftex.def)             Requested size: 18.23766pt x 18.00003pt.
File: images/1,25.png Graphic file (type png)
<use images/1,25.png>
Package pdftex.def Info: images/1,25.png  used on input line 640.
(pdftex.def)             Requested size: 18.36841pt x 18.00003pt.
File: images/2,5.png Graphic file (type png)
<use images/2,5.png>
Package pdftex.def Info: images/2,5.png  used on input line 640.
(pdftex.def)             Requested size: 18.10963pt x 18.00003pt.
File: images/5.png Graphic file (type png)
<use images/5.png>
Package pdftex.def Info: images/5.png  used on input line 640.
(pdftex.def)             Requested size: 18.03859pt x 18.00003pt.
File: images/0,25.png Graphic file (type png)
<use images/0,25.png>
Package pdftex.def Info: images/0,25.png  used on input line 641.
(pdftex.def)             Requested size: 17.99966pt x 18.00003pt.
File: images/0,5.png Graphic file (type png)
<use images/0,5.png>
Package pdftex.def Info: images/0,5.png  used on input line 641.
(pdftex.def)             Requested size: 18.23766pt x 18.00003pt.
File: images/1,25.png Graphic file (type png)
<use images/1,25.png>
Package pdftex.def Info: images/1,25.png  used on input line 641.
(pdftex.def)             Requested size: 18.36841pt x 18.00003pt.
File: images/10.png Graphic file (type png)
<use images/10.png>
Package pdftex.def Info: images/10.png  used on input line 641.
(pdftex.def)             Requested size: 18.05959pt x 18.00003pt.
File: images/15.png Graphic file (type png)
<use images/15.png>
Package pdftex.def Info: images/15.png  used on input line 641.
(pdftex.def)             Requested size: 18.21083pt x 18.00003pt.
File: images/20.png Graphic file (type png)
<use images/20.png>
Package pdftex.def Info: images/20.png  used on input line 641.
(pdftex.def)             Requested size: 18.01994pt x 18.00003pt.
File: images/25.png Graphic file (type png)
<use images/25.png>
Package pdftex.def Info: images/25.png  used on input line 641.
(pdftex.def)             Requested size: 18.06744pt x 18.00003pt.
File: images/0,25.png Graphic file (type png)
<use images/0,25.png>
Package pdftex.def Info: images/0,25.png  used on input line 641.
(pdftex.def)             Requested size: 17.99966pt x 18.00003pt.
File: images/0,5.png Graphic file (type png)
<use images/0,5.png>
Package pdftex.def Info: images/0,5.png  used on input line 641.
(pdftex.def)             Requested size: 18.23766pt x 18.00003pt.
File: images/1,25.png Graphic file (type png)
<use images/1,25.png>
Package pdftex.def Info: images/1,25.png  used on input line 641.
(pdftex.def)             Requested size: 18.36841pt x 18.00003pt.
File: images/10.png Graphic file (type png)
<use images/10.png>
Package pdftex.def Info: images/10.png  used on input line 641.
(pdftex.def)             Requested size: 18.05959pt x 18.00003pt.
File: images/15.png Graphic file (type png)
<use images/15.png>
Package pdftex.def Info: images/15.png  used on input line 641.
(pdftex.def)             Requested size: 18.21083pt x 18.00003pt.
File: images/20.png Graphic file (type png)
<use images/20.png>
Package pdftex.def Info: images/20.png  used on input line 641.
(pdftex.def)             Requested size: 18.01994pt x 18.00003pt.
File: images/25.png Graphic file (type png)
<use images/25.png>
Package pdftex.def Info: images/25.png  used on input line 641.
(pdftex.def)             Requested size: 18.06744pt x 18.00003pt.
File: images/2,5.png Graphic file (type png)
<use images/2,5.png>
Package pdftex.def Info: images/2,5.png  used on input line 642.
(pdftex.def)             Requested size: 18.10963pt x 18.00003pt.
File: images/5.png Graphic file (type png)
<use images/5.png>
Package pdftex.def Info: images/5.png  used on input line 642.
(pdftex.def)             Requested size: 18.03859pt x 18.00003pt.
File: images/10.png Graphic file (type png)
<use images/10.png>
Package pdftex.def Info: images/10.png  used on input line 642.
(pdftex.def)             Requested size: 18.05959pt x 18.00003pt.
File: images/15.png Graphic file (type png)
<use images/15.png>
Package pdftex.def Info: images/15.png  used on input line 642.
(pdftex.def)             Requested size: 18.21083pt x 18.00003pt.
File: images/20.png Graphic file (type png)
<use images/20.png>
Package pdftex.def Info: images/20.png  used on input line 642.
(pdftex.def)             Requested size: 18.01994pt x 18.00003pt.
File: images/25.png Graphic file (type png)
<use images/25.png>
Package pdftex.def Info: images/25.png  used on input line 642.
(pdftex.def)             Requested size: 18.06744pt x 18.00003pt.
File: images/2,5.png Graphic file (type png)
<use images/2,5.png>
Package pdftex.def Info: images/2,5.png  used on input line 642.
(pdftex.def)             Requested size: 18.10963pt x 18.00003pt.
File: images/5.png Graphic file (type png)
<use images/5.png>
Package pdftex.def Info: images/5.png  used on input line 642.
(pdftex.def)             Requested size: 18.03859pt x 18.00003pt.
File: images/10.png Graphic file (type png)
<use images/10.png>
Package pdftex.def Info: images/10.png  used on input line 642.
(pdftex.def)             Requested size: 18.05959pt x 18.00003pt.
File: images/15.png Graphic file (type png)
<use images/15.png>
Package pdftex.def Info: images/15.png  used on input line 642.
(pdftex.def)             Requested size: 18.21083pt x 18.00003pt.
File: images/20.png Graphic file (type png)
<use images/20.png>
Package pdftex.def Info: images/20.png  used on input line 642.
(pdftex.def)             Requested size: 18.01994pt x 18.00003pt.
File: images/25.png Graphic file (type png)
<use images/25.png>
Package pdftex.def Info: images/25.png  used on input line 642.
(pdftex.def)             Requested size: 18.06744pt x 18.00003pt.
File: images/0,25.png Graphic file (type png)
<use images/0,25.png>
Package pdftex.def Info: images/0,25.png  used on input line 643.
(pdftex.def)             Requested size: 17.99966pt x 18.00003pt.
File: images/0,5.png Graphic file (type png)
<use images/0,5.png>
Package pdftex.def Info: images/0,5.png  used on input line 643.
(pdftex.def)             Requested size: 18.23766pt x 18.00003pt.
File: images/1,25.png Graphic file (type png)
<use images/1,25.png>
Package pdftex.def Info: images/1,25.png  used on input line 643.
(pdftex.def)             Requested size: 18.36841pt x 18.00003pt.
File: images/2,5.png Graphic file (type png)
<use images/2,5.png>
Package pdftex.def Info: images/2,5.png  used on input line 643.
(pdftex.def)             Requested size: 18.10963pt x 18.00003pt.
File: images/5.png Graphic file (type png)
<use images/5.png>
Package pdftex.def Info: images/5.png  used on input line 643.
(pdftex.def)             Requested size: 18.03859pt x 18.00003pt.
File: images/10.png Graphic file (type png)
<use images/10.png>
Package pdftex.def Info: images/10.png  used on input line 643.
(pdftex.def)             Requested size: 18.05959pt x 18.00003pt.
File: images/15.png Graphic file (type png)
<use images/15.png>
Package pdftex.def Info: images/15.png  used on input line 643.
(pdftex.def)             Requested size: 18.21083pt x 18.00003pt.
File: images/20.png Graphic file (type png)
<use images/20.png>
Package pdftex.def Info: images/20.png  used on input line 643.
(pdftex.def)             Requested size: 18.01994pt x 18.00003pt.
File: images/25.png Graphic file (type png)
<use images/25.png>
Package pdftex.def Info: images/25.png  used on input line 643.
(pdftex.def)             Requested size: 18.06744pt x 18.00003pt.
File: images/0,25.png Graphic file (type png)
<use images/0,25.png>
Package pdftex.def Info: images/0,25.png  used on input line 643.
(pdftex.def)             Requested size: 17.99966pt x 18.00003pt.
File: images/0,5.png Graphic file (type png)
<use images/0,5.png>
Package pdftex.def Info: images/0,5.png  used on input line 643.
(pdftex.def)             Requested size: 18.23766pt x 18.00003pt.
File: images/1,25.png Graphic file (type png)
<use images/1,25.png>
Package pdftex.def Info: images/1,25.png  used on input line 643.
(pdftex.def)             Requested size: 18.36841pt x 18.00003pt.
File: images/2,5.png Graphic file (type png)
<use images/2,5.png>
Package pdftex.def Info: images/2,5.png  used on input line 643.
(pdftex.def)             Requested size: 18.10963pt x 18.00003pt.
File: images/5.png Graphic file (type png)
<use images/5.png>
Package pdftex.def Info: images/5.png  used on input line 643.
(pdftex.def)             Requested size: 18.03859pt x 18.00003pt.
File: images/10.png Graphic file (type png)
<use images/10.png>
Package pdftex.def Info: images/10.png  used on input line 643.
(pdftex.def)             Requested size: 18.05959pt x 18.00003pt.
File: images/15.png Graphic file (type png)
<use images/15.png>
Package pdftex.def Info: images/15.png  used on input line 643.
(pdftex.def)             Requested size: 18.21083pt x 18.00003pt.
File: images/20.png Graphic file (type png)
<use images/20.png>
Package pdftex.def Info: images/20.png  used on input line 643.
(pdftex.def)             Requested size: 18.01994pt x 18.00003pt.
File: images/25.png Graphic file (type png)
<use images/25.png>
Package pdftex.def Info: images/25.png  used on input line 643.
(pdftex.def)             Requested size: 18.06744pt x 18.00003pt.
 [7]
File: images/0,25.png Graphic file (type png)
<use images/0,25.png>
Package pdftex.def Info: images/0,25.png  used on input line 671.
(pdftex.def)             Requested size: 17.99966pt x 18.00003pt.
File: images/0,5.png Graphic file (type png)
<use images/0,5.png>
Package pdftex.def Info: images/0,5.png  used on input line 671.
(pdftex.def)             Requested size: 18.23766pt x 18.00003pt.
File: images/1,25.png Graphic file (type png)
<use images/1,25.png>
Package pdftex.def Info: images/1,25.png  used on input line 671.
(pdftex.def)             Requested size: 18.36841pt x 18.00003pt.
File: images/2,5.png Graphic file (type png)
<use images/2,5.png>
Package pdftex.def Info: images/2,5.png  used on input line 671.
(pdftex.def)             Requested size: 18.10963pt x 18.00003pt.
File: images/5.png Graphic file (type png)
<use images/5.png>
Package pdftex.def Info: images/5.png  used on input line 671.
(pdftex.def)             Requested size: 18.03859pt x 18.00003pt.
File: images/10.png Graphic file (type png)
<use images/10.png>
Package pdftex.def Info: images/10.png  used on input line 671.
(pdftex.def)             Requested size: 18.05959pt x 18.00003pt.
File: images/15.png Graphic file (type png)
<use images/15.png>
Package pdftex.def Info: images/15.png  used on input line 671.
(pdftex.def)             Requested size: 18.21083pt x 18.00003pt.
File: images/20.png Graphic file (type png)
<use images/20.png>
Package pdftex.def Info: images/20.png  used on input line 671.
(pdftex.def)             Requested size: 18.01994pt x 18.00003pt.
File: images/25.png Graphic file (type png)
<use images/25.png>
Package pdftex.def Info: images/25.png  used on input line 671.
(pdftex.def)             Requested size: 18.06744pt x 18.00003pt.
File: images/0,25.png Graphic file (type png)
<use images/0,25.png>
Package pdftex.def Info: images/0,25.png  used on input line 674.
(pdftex.def)             Requested size: 17.99966pt x 18.00003pt.
File: images/0,5.png Graphic file (type png)
<use images/0,5.png>
Package pdftex.def Info: images/0,5.png  used on input line 674.
(pdftex.def)             Requested size: 18.23766pt x 18.00003pt.
File: images/1,25.png Graphic file (type png)
<use images/1,25.png>
Package pdftex.def Info: images/1,25.png  used on input line 674.
(pdftex.def)             Requested size: 18.36841pt x 18.00003pt.
File: images/2,5.png Graphic file (type png)
<use images/2,5.png>
Package pdftex.def Info: images/2,5.png  used on input line 675.
(pdftex.def)             Requested size: 18.10963pt x 18.00003pt.
File: images/5.png Graphic file (type png)
<use images/5.png>
Package pdftex.def Info: images/5.png  used on input line 675.
(pdftex.def)             Requested size: 18.03859pt x 18.00003pt.
File: images/10.png Graphic file (type png)
<use images/10.png>
Package pdftex.def Info: images/10.png  used on input line 676.
(pdftex.def)             Requested size: 18.05959pt x 18.00003pt.
File: images/15.png Graphic file (type png)
<use images/15.png>
Package pdftex.def Info: images/15.png  used on input line 676.
(pdftex.def)             Requested size: 18.21083pt x 18.00003pt.
File: images/20.png Graphic file (type png)
<use images/20.png>
Package pdftex.def Info: images/20.png  used on input line 676.
(pdftex.def)             Requested size: 18.01994pt x 18.00003pt.
File: images/25.png Graphic file (type png)
<use images/25.png>
Package pdftex.def Info: images/25.png  used on input line 676.
(pdftex.def)             Requested size: 18.06744pt x 18.00003pt.
File: images/pusta.jpg Graphic file (type jpg)
<use images/pusta.jpg>
Package pdftex.def Info: images/pusta.jpg  used on input line 685.
(pdftex.def)             Requested size: 17.99945pt x 18.00003pt.
File: images/0,25.png Graphic file (type png)
<use images/0,25.png>
Package pdftex.def Info: images/0,25.png  used on input line 686.
(pdftex.def)             Requested size: 17.99966pt x 18.00003pt.
File: images/0,5.png Graphic file (type png)
<use images/0,5.png>
Package pdftex.def Info: images/0,5.png  used on input line 686.
(pdftex.def)             Requested size: 18.23766pt x 18.00003pt.
File: images/1,25.png Graphic file (type png)
<use images/1,25.png>
Package pdftex.def Info: images/1,25.png  used on input line 686.
(pdftex.def)             Requested size: 18.36841pt x 18.00003pt.
File: images/2,5.png Graphic file (type png)
<use images/2,5.png>
Package pdftex.def Info: images/2,5.png  used on input line 687.
(pdftex.def)             Requested size: 18.10963pt x 18.00003pt.
File: images/5.png Graphic file (type png)
<use images/5.png>
Package pdftex.def Info: images/5.png  used on input line 687.
(pdftex.def)             Requested size: 18.03859pt x 18.00003pt.
File: images/10.png Graphic file (type png)
<use images/10.png>
Package pdftex.def Info: images/10.png  used on input line 688.
(pdftex.def)             Requested size: 18.05959pt x 18.00003pt.
File: images/15.png Graphic file (type png)
<use images/15.png>
Package pdftex.def Info: images/15.png  used on input line 688.
(pdftex.def)             Requested size: 18.21083pt x 18.00003pt.
File: images/20.png Graphic file (type png)
<use images/20.png>
Package pdftex.def Info: images/20.png  used on input line 688.
(pdftex.def)             Requested size: 18.01994pt x 18.00003pt.
File: images/25.png Graphic file (type png)
<use images/25.png>
Package pdftex.def Info: images/25.png  used on input line 688.
(pdftex.def)             Requested size: 18.06744pt x 18.00003pt.
File: images/0,25.png Graphic file (type png)
<use images/0,25.png>
Package pdftex.def Info: images/0,25.png  used on input line 689.
(pdftex.def)             Requested size: 17.99966pt x 18.00003pt.
File: images/0,5.png Graphic file (type png)
<use images/0,5.png>
Package pdftex.def Info: images/0,5.png  used on input line 689.
(pdftex.def)             Requested size: 18.23766pt x 18.00003pt.
File: images/1,25.png Graphic file (type png)
<use images/1,25.png>
Package pdftex.def Info: images/1,25.png  used on input line 689.
(pdftex.def)             Requested size: 18.36841pt x 18.00003pt.
File: images/2,5.png Graphic file (type png)
<use images/2,5.png>
Package pdftex.def Info: images/2,5.png  used on input line 689.
(pdftex.def)             Requested size: 18.10963pt x 18.00003pt.
File: images/5.png Graphic file (type png)
<use images/5.png>
Package pdftex.def Info: images/5.png  used on input line 689.
(pdftex.def)             Requested size: 18.03859pt x 18.00003pt.
File: images/0,25.png Graphic file (type png)
<use images/0,25.png>
Package pdftex.def Info: images/0,25.png  used on input line 689.
(pdftex.def)             Requested size: 17.99966pt x 18.00003pt.
File: images/0,5.png Graphic file (type png)
<use images/0,5.png>
Package pdftex.def Info: images/0,5.png  used on input line 689.
(pdftex.def)             Requested size: 18.23766pt x 18.00003pt.
File: images/1,25.png Graphic file (type png)
<use images/1,25.png>
Package pdftex.def Info: images/1,25.png  used on input line 689.
(pdftex.def)             Requested size: 18.36841pt x 18.00003pt.
File: images/2,5.png Graphic file (type png)
<use images/2,5.png>
Package pdftex.def Info: images/2,5.png  used on input line 689.
(pdftex.def)             Requested size: 18.10963pt x 18.00003pt.
File: images/5.png Graphic file (type png)
<use images/5.png>
Package pdftex.def Info: images/5.png  used on input line 689.
(pdftex.def)             Requested size: 18.03859pt x 18.00003pt.
File: images/0,25.png Graphic file (type png)
<use images/0,25.png>
Package pdftex.def Info: images/0,25.png  used on input line 690.
(pdftex.def)             Requested size: 17.99966pt x 18.00003pt.
File: images/0,5.png Graphic file (type png)
<use images/0,5.png>
Package pdftex.def Info: images/0,5.png  used on input line 690.
(pdftex.def)             Requested size: 18.23766pt x 18.00003pt.
File: images/1,25.png Graphic file (type png)
<use images/1,25.png>
Package pdftex.def Info: images/1,25.png  used on input line 690.
(pdftex.def)             Requested size: 18.36841pt x 18.00003pt.
File: images/10.png Graphic file (type png)
<use images/10.png>
Package pdftex.def Info: images/10.png  used on input line 690.
(pdftex.def)             Requested size: 18.05959pt x 18.00003pt.
File: images/15.png Graphic file (type png)
<use images/15.png>
Package pdftex.def Info: images/15.png  used on input line 690.
(pdftex.def)             Requested size: 18.21083pt x 18.00003pt.
File: images/20.png Graphic file (type png)
<use images/20.png>
Package pdftex.def Info: images/20.png  used on input line 690.
(pdftex.def)             Requested size: 18.01994pt x 18.00003pt.
File: images/25.png Graphic file (type png)
<use images/25.png>
Package pdftex.def Info: images/25.png  used on input line 690.
(pdftex.def)             Requested size: 18.06744pt x 18.00003pt.
File: images/0,25.png Graphic file (type png)
<use images/0,25.png>
Package pdftex.def Info: images/0,25.png  used on input line 690.
(pdftex.def)             Requested size: 17.99966pt x 18.00003pt.
File: images/0,5.png Graphic file (type png)
<use images/0,5.png>
Package pdftex.def Info: images/0,5.png  used on input line 690.
(pdftex.def)             Requested size: 18.23766pt x 18.00003pt.
File: images/1,25.png Graphic file (type png)
<use images/1,25.png>
Package pdftex.def Info: images/1,25.png  used on input line 690.
(pdftex.def)             Requested size: 18.36841pt x 18.00003pt.
File: images/10.png Graphic file (type png)
<use images/10.png>
Package pdftex.def Info: images/10.png  used on input line 690.
(pdftex.def)             Requested size: 18.05959pt x 18.00003pt.
File: images/15.png Graphic file (type png)
<use images/15.png>
Package pdftex.def Info: images/15.png  used on input line 690.
(pdftex.def)             Requested size: 18.21083pt x 18.00003pt.
File: images/20.png Graphic file (type png)
<use images/20.png>
Package pdftex.def Info: images/20.png  used on input line 690.
(pdftex.def)             Requested size: 18.01994pt x 18.00003pt.
File: images/25.png Graphic file (type png)
<use images/25.png>
Package pdftex.def Info: images/25.png  used on input line 690.
(pdftex.def)             Requested size: 18.06744pt x 18.00003pt.
File: images/2,5.png Graphic file (type png)
<use images/2,5.png>
Package pdftex.def Info: images/2,5.png  used on input line 691.
(pdftex.def)             Requested size: 18.10963pt x 18.00003pt.
File: images/5.png Graphic file (type png)
<use images/5.png>
Package pdftex.def Info: images/5.png  used on input line 691.
(pdftex.def)             Requested size: 18.03859pt x 18.00003pt.
File: images/10.png Graphic file (type png)
<use images/10.png>
Package pdftex.def Info: images/10.png  used on input line 691.
(pdftex.def)             Requested size: 18.05959pt x 18.00003pt.
File: images/15.png Graphic file (type png)
<use images/15.png>
Package pdftex.def Info: images/15.png  used on input line 691.
(pdftex.def)             Requested size: 18.21083pt x 18.00003pt.
File: images/20.png Graphic file (type png)
<use images/20.png>
Package pdftex.def Info: images/20.png  used on input line 691.
(pdftex.def)             Requested size: 18.01994pt x 18.00003pt.
File: images/25.png Graphic file (type png)
<use images/25.png>
Package pdftex.def Info: images/25.png  used on input line 691.
(pdftex.def)             Requested size: 18.06744pt x 18.00003pt.
File: images/2,5.png Graphic file (type png)
<use images/2,5.png>
Package pdftex.def Info: images/2,5.png  used on input line 691.
(pdftex.def)             Requested size: 18.10963pt x 18.00003pt.
File: images/5.png Graphic file (type png)
<use images/5.png>
Package pdftex.def Info: images/5.png  used on input line 691.
(pdftex.def)             Requested size: 18.03859pt x 18.00003pt.
File: images/10.png Graphic file (type png)
<use images/10.png>
Package pdftex.def Info: images/10.png  used on input line 691.
(pdftex.def)             Requested size: 18.05959pt x 18.00003pt.
File: images/15.png Graphic file (type png)
<use images/15.png>
Package pdftex.def Info: images/15.png  used on input line 691.
(pdftex.def)             Requested size: 18.21083pt x 18.00003pt.
File: images/20.png Graphic file (type png)
<use images/20.png>
Package pdftex.def Info: images/20.png  used on input line 691.
(pdftex.def)             Requested size: 18.01994pt x 18.00003pt.
File: images/25.png Graphic file (type png)
<use images/25.png>
Package pdftex.def Info: images/25.png  used on input line 691.
(pdftex.def)             Requested size: 18.06744pt x 18.00003pt.
File: images/0,25.png Graphic file (type png)
<use images/0,25.png>
Package pdftex.def Info: images/0,25.png  used on input line 692.
(pdftex.def)             Requested size: 17.99966pt x 18.00003pt.
File: images/0,5.png Graphic file (type png)
<use images/0,5.png>
Package pdftex.def Info: images/0,5.png  used on input line 692.
(pdftex.def)             Requested size: 18.23766pt x 18.00003pt.
File: images/1,25.png Graphic file (type png)
<use images/1,25.png>
Package pdftex.def Info: images/1,25.png  used on input line 692.
(pdftex.def)             Requested size: 18.36841pt x 18.00003pt.
File: images/2,5.png Graphic file (type png)
<use images/2,5.png>
Package pdftex.def Info: images/2,5.png  used on input line 692.
(pdftex.def)             Requested size: 18.10963pt x 18.00003pt.
File: images/5.png Graphic file (type png)
<use images/5.png>
Package pdftex.def Info: images/5.png  used on input line 692.
(pdftex.def)             Requested size: 18.03859pt x 18.00003pt.
File: images/10.png Graphic file (type png)
<use images/10.png>
Package pdftex.def Info: images/10.png  used on input line 692.
(pdftex.def)             Requested size: 18.05959pt x 18.00003pt.
File: images/15.png Graphic file (type png)
<use images/15.png>
Package pdftex.def Info: images/15.png  used on input line 692.
(pdftex.def)             Requested size: 18.21083pt x 18.00003pt.
File: images/20.png Graphic file (type png)
<use images/20.png>
Package pdftex.def Info: images/20.png  used on input line 692.
(pdftex.def)             Requested size: 18.01994pt x 18.00003pt.
File: images/25.png Graphic file (type png)
<use images/25.png>
Package pdftex.def Info: images/25.png  used on input line 692.
(pdftex.def)             Requested size: 18.06744pt x 18.00003pt.
File: images/0,25.png Graphic file (type png)
<use images/0,25.png>
Package pdftex.def Info: images/0,25.png  used on input line 692.
(pdftex.def)             Requested size: 17.99966pt x 18.00003pt.
File: images/0,5.png Graphic file (type png)
<use images/0,5.png>
Package pdftex.def Info: images/0,5.png  used on input line 692.
(pdftex.def)             Requested size: 18.23766pt x 18.00003pt.
File: images/1,25.png Graphic file (type png)
<use images/1,25.png>
Package pdftex.def Info: images/1,25.png  used on input line 692.
(pdftex.def)             Requested size: 18.36841pt x 18.00003pt.
File: images/2,5.png Graphic file (type png)
<use images/2,5.png>
Package pdftex.def Info: images/2,5.png  used on input line 692.
(pdftex.def)             Requested size: 18.10963pt x 18.00003pt.
File: images/5.png Graphic file (type png)
<use images/5.png>
Package pdftex.def Info: images/5.png  used on input line 692.
(pdftex.def)             Requested size: 18.03859pt x 18.00003pt.
File: images/10.png Graphic file (type png)
<use images/10.png>
Package pdftex.def Info: images/10.png  used on input line 692.
(pdftex.def)             Requested size: 18.05959pt x 18.00003pt.
File: images/15.png Graphic file (type png)
<use images/15.png>
Package pdftex.def Info: images/15.png  used on input line 692.
(pdftex.def)             Requested size: 18.21083pt x 18.00003pt.
File: images/20.png Graphic file (type png)
<use images/20.png>
Package pdftex.def Info: images/20.png  used on input line 692.
(pdftex.def)             Requested size: 18.01994pt x 18.00003pt.
File: images/25.png Graphic file (type png)
<use images/25.png>
Package pdftex.def Info: images/25.png  used on input line 692.
(pdftex.def)             Requested size: 18.06744pt x 18.00003pt.

Overfull \hbox (19.19981pt too wide) detected at line 695
[][]
 []

File: images/pusta.jpg Graphic file (type jpg)
<use images/pusta.jpg>
Package pdftex.def Info: images/pusta.jpg  used on input line 701.
(pdftex.def)             Requested size: 17.99945pt x 18.00003pt.
File: images/0,25.png Graphic file (type png)
<use images/0,25.png>
Package pdftex.def Info: images/0,25.png  used on input line 702.
(pdftex.def)             Requested size: 17.99966pt x 18.00003pt.
File: images/0,5.png Graphic file (type png)
<use images/0,5.png>
Package pdftex.def Info: images/0,5.png  used on input line 702.
(pdftex.def)             Requested size: 18.23766pt x 18.00003pt.
File: images/1,25.png Graphic file (type png)
<use images/1,25.png>
Package pdftex.def Info: images/1,25.png  used on input line 702.
(pdftex.def)             Requested size: 18.36841pt x 18.00003pt.
File: images/2,5.png Graphic file (type png)
<use images/2,5.png>
Package pdftex.def Info: images/2,5.png  used on input line 702.
(pdftex.def)             Requested size: 18.10963pt x 18.00003pt.
File: images/5.png Graphic file (type png)
<use images/5.png>
Package pdftex.def Info: images/5.png  used on input line 702.
(pdftex.def)             Requested size: 18.03859pt x 18.00003pt.
File: images/10.png Graphic file (type png)
<use images/10.png>
Package pdftex.def Info: images/10.png  used on input line 702.
(pdftex.def)             Requested size: 18.05959pt x 18.00003pt.
File: images/15.png Graphic file (type png)
<use images/15.png>
Package pdftex.def Info: images/15.png  used on input line 702.
(pdftex.def)             Requested size: 18.21083pt x 18.00003pt.
File: images/20.png Graphic file (type png)
<use images/20.png>
Package pdftex.def Info: images/20.png  used on input line 702.
(pdftex.def)             Requested size: 18.01994pt x 18.00003pt.
File: images/25.png Graphic file (type png)
<use images/25.png>
Package pdftex.def Info: images/25.png  used on input line 702.
(pdftex.def)             Requested size: 18.06744pt x 18.00003pt.
[8]
File: images/0,25.png Graphic file (type png)
<use images/0,25.png>
Package pdftex.def Info: images/0,25.png  used on input line 761.
(pdftex.def)             Requested size: 17.99966pt x 18.00003pt.
File: images/0,5.png Graphic file (type png)
<use images/0,5.png>
Package pdftex.def Info: images/0,5.png  used on input line 761.
(pdftex.def)             Requested size: 18.23766pt x 18.00003pt.
File: images/1,25.png Graphic file (type png)
<use images/1,25.png>
Package pdftex.def Info: images/1,25.png  used on input line 761.
(pdftex.def)             Requested size: 18.36841pt x 18.00003pt.
File: images/2,5.png Graphic file (type png)
<use images/2,5.png>
Package pdftex.def Info: images/2,5.png  used on input line 762.
(pdftex.def)             Requested size: 18.10963pt x 18.00003pt.
File: images/5.png Graphic file (type png)
<use images/5.png>
Package pdftex.def Info: images/5.png  used on input line 762.
(pdftex.def)             Requested size: 18.03859pt x 18.00003pt.
File: images/10.png Graphic file (type png)
<use images/10.png>
Package pdftex.def Info: images/10.png  used on input line 763.
(pdftex.def)             Requested size: 18.05959pt x 18.00003pt.
File: images/15.png Graphic file (type png)
<use images/15.png>
Package pdftex.def Info: images/15.png  used on input line 763.
(pdftex.def)             Requested size: 18.21083pt x 18.00003pt.
File: images/20.png Graphic file (type png)
<use images/20.png>
Package pdftex.def Info: images/20.png  used on input line 763.
(pdftex.def)             Requested size: 18.01994pt x 18.00003pt.
File: images/25.png Graphic file (type png)
<use images/25.png>
Package pdftex.def Info: images/25.png  used on input line 763.
(pdftex.def)             Requested size: 18.06744pt x 18.00003pt.
 [9]
File: images/pusta.jpg Graphic file (type jpg)
<use images/pusta.jpg>
Package pdftex.def Info: images/pusta.jpg  used on input line 832.
(pdftex.def)             Requested size: 17.99945pt x 18.00003pt.
File: images/0,25.png Graphic file (type png)
<use images/0,25.png>
Package pdftex.def Info: images/0,25.png  used on input line 833.
(pdftex.def)             Requested size: 17.99966pt x 18.00003pt.
File: images/0,5.png Graphic file (type png)
<use images/0,5.png>
Package pdftex.def Info: images/0,5.png  used on input line 833.
(pdftex.def)             Requested size: 18.23766pt x 18.00003pt.
File: images/1,25.png Graphic file (type png)
<use images/1,25.png>
Package pdftex.def Info: images/1,25.png  used on input line 833.
(pdftex.def)             Requested size: 18.36841pt x 18.00003pt.
File: images/2,5.png Graphic file (type png)
<use images/2,5.png>
Package pdftex.def Info: images/2,5.png  used on input line 833.
(pdftex.def)             Requested size: 18.10963pt x 18.00003pt.
File: images/5.png Graphic file (type png)
<use images/5.png>
Package pdftex.def Info: images/5.png  used on input line 833.
(pdftex.def)             Requested size: 18.03859pt x 18.00003pt.
File: images/10.png Graphic file (type png)
<use images/10.png>
Package pdftex.def Info: images/10.png  used on input line 833.
(pdftex.def)             Requested size: 18.05959pt x 18.00003pt.
File: images/15.png Graphic file (type png)
<use images/15.png>
Package pdftex.def Info: images/15.png  used on input line 833.
(pdftex.def)             Requested size: 18.21083pt x 18.00003pt.
File: images/20.png Graphic file (type png)
<use images/20.png>
Package pdftex.def Info: images/20.png  used on input line 833.
(pdftex.def)             Requested size: 18.01994pt x 18.00003pt.
File: images/25.png Graphic file (type png)
<use images/25.png>
Package pdftex.def Info: images/25.png  used on input line 833.
(pdftex.def)             Requested size: 18.06744pt x 18.00003pt.
File: images/0,25.png Graphic file (type png)
<use images/0,25.png>
Package pdftex.def Info: images/0,25.png  used on input line 834.
(pdftex.def)             Requested size: 17.99966pt x 18.00003pt.
File: images/0,5.png Graphic file (type png)
<use images/0,5.png>
Package pdftex.def Info: images/0,5.png  used on input line 834.
(pdftex.def)             Requested size: 18.23766pt x 18.00003pt.
File: images/1,25.png Graphic file (type png)
<use images/1,25.png>
Package pdftex.def Info: images/1,25.png  used on input line 834.
(pdftex.def)             Requested size: 18.36841pt x 18.00003pt.
File: images/2,5.png Graphic file (type png)
<use images/2,5.png>
Package pdftex.def Info: images/2,5.png  used on input line 834.
(pdftex.def)             Requested size: 18.10963pt x 18.00003pt.
File: images/5.png Graphic file (type png)
<use images/5.png>
Package pdftex.def Info: images/5.png  used on input line 834.
(pdftex.def)             Requested size: 18.03859pt x 18.00003pt.
File: images/0,25.png Graphic file (type png)
<use images/0,25.png>
Package pdftex.def Info: images/0,25.png  used on input line 834.
(pdftex.def)             Requested size: 17.99966pt x 18.00003pt.
File: images/0,5.png Graphic file (type png)
<use images/0,5.png>
Package pdftex.def Info: images/0,5.png  used on input line 834.
(pdftex.def)             Requested size: 18.23766pt x 18.00003pt.
File: images/1,25.png Graphic file (type png)
<use images/1,25.png>
Package pdftex.def Info: images/1,25.png  used on input line 834.
(pdftex.def)             Requested size: 18.36841pt x 18.00003pt.
File: images/10.png Graphic file (type png)
<use images/10.png>
Package pdftex.def Info: images/10.png  used on input line 834.
(pdftex.def)             Requested size: 18.05959pt x 18.00003pt.
File: images/15.png Graphic file (type png)
<use images/15.png>
Package pdftex.def Info: images/15.png  used on input line 834.
(pdftex.def)             Requested size: 18.21083pt x 18.00003pt.
File: images/20.png Graphic file (type png)
<use images/20.png>
Package pdftex.def Info: images/20.png  used on input line 834.
(pdftex.def)             Requested size: 18.01994pt x 18.00003pt.
File: images/25.png Graphic file (type png)
<use images/25.png>
Package pdftex.def Info: images/25.png  used on input line 834.
(pdftex.def)             Requested size: 18.06744pt x 18.00003pt.
File: images/2,5.png Graphic file (type png)
<use images/2,5.png>
Package pdftex.def Info: images/2,5.png  used on input line 834.
(pdftex.def)             Requested size: 18.10963pt x 18.00003pt.
File: images/5.png Graphic file (type png)
<use images/5.png>
Package pdftex.def Info: images/5.png  used on input line 834.
(pdftex.def)             Requested size: 18.03859pt x 18.00003pt.
File: images/10.png Graphic file (type png)
<use images/10.png>
Package pdftex.def Info: images/10.png  used on input line 834.
(pdftex.def)             Requested size: 18.05959pt x 18.00003pt.
File: images/15.png Graphic file (type png)
<use images/15.png>
Package pdftex.def Info: images/15.png  used on input line 834.
(pdftex.def)             Requested size: 18.21083pt x 18.00003pt.
File: images/20.png Graphic file (type png)
<use images/20.png>
Package pdftex.def Info: images/20.png  used on input line 834.
(pdftex.def)             Requested size: 18.01994pt x 18.00003pt.
File: images/25.png Graphic file (type png)
<use images/25.png>
Package pdftex.def Info: images/25.png  used on input line 834.
(pdftex.def)             Requested size: 18.06744pt x 18.00003pt.
File: images/0,25.png Graphic file (type png)
<use images/0,25.png>
Package pdftex.def Info: images/0,25.png  used on input line 835.
(pdftex.def)             Requested size: 17.99966pt x 18.00003pt.
File: images/0,5.png Graphic file (type png)
<use images/0,5.png>
Package pdftex.def Info: images/0,5.png  used on input line 835.
(pdftex.def)             Requested size: 18.23766pt x 18.00003pt.
File: images/1,25.png Graphic file (type png)
<use images/1,25.png>
Package pdftex.def Info: images/1,25.png  used on input line 835.
(pdftex.def)             Requested size: 18.36841pt x 18.00003pt.
File: images/2,5.png Graphic file (type png)
<use images/2,5.png>
Package pdftex.def Info: images/2,5.png  used on input line 835.
(pdftex.def)             Requested size: 18.10963pt x 18.00003pt.
File: images/5.png Graphic file (type png)
<use images/5.png>
Package pdftex.def Info: images/5.png  used on input line 835.
(pdftex.def)             Requested size: 18.03859pt x 18.00003pt.
File: images/10.png Graphic file (type png)
<use images/10.png>
Package pdftex.def Info: images/10.png  used on input line 835.
(pdftex.def)             Requested size: 18.05959pt x 18.00003pt.
File: images/15.png Graphic file (type png)
<use images/15.png>
Package pdftex.def Info: images/15.png  used on input line 835.
(pdftex.def)             Requested size: 18.21083pt x 18.00003pt.
File: images/20.png Graphic file (type png)
<use images/20.png>
Package pdftex.def Info: images/20.png  used on input line 835.
(pdftex.def)             Requested size: 18.01994pt x 18.00003pt.
File: images/25.png Graphic file (type png)
<use images/25.png>
Package pdftex.def Info: images/25.png  used on input line 835.
(pdftex.def)             Requested size: 18.06744pt x 18.00003pt.
File: images/0,25.png Graphic file (type png)
<use images/0,25.png>
Package pdftex.def Info: images/0,25.png  used on input line 847.
(pdftex.def)             Requested size: 17.99966pt x 18.00003pt.
File: images/0,25.png Graphic file (type png)
<use images/0,25.png>
Package pdftex.def Info: images/0,25.png  used on input line 849.
(pdftex.def)             Requested size: 17.99966pt x 18.00003pt.
File: images/20.png Graphic file (type png)
<use images/20.png>
Package pdftex.def Info: images/20.png  used on input line 874.
(pdftex.def)             Requested size: 18.01994pt x 18.00003pt.
File: images/20.png Graphic file (type png)
<use images/20.png>
Package pdftex.def Info: images/20.png  used on input line 876.
(pdftex.def)             Requested size: 18.01994pt x 18.00003pt.
File: images/20.png Graphic file (type png)
<use images/20.png>
Package pdftex.def Info: images/20.png  used on input line 882.
(pdftex.def)             Requested size: 18.01994pt x 18.00003pt.
File: images/15.png Graphic file (type png)
<use images/15.png>
Package pdftex.def Info: images/15.png  used on input line 884.
(pdftex.def)             Requested size: 18.21083pt x 18.00003pt.
File: images/20.png Graphic file (type png)
<use images/20.png>
Package pdftex.def Info: images/20.png  used on input line 884.
(pdftex.def)             Requested size: 18.01994pt x 18.00003pt.
File: images/25.png Graphic file (type png)
<use images/25.png>
Package pdftex.def Info: images/25.png  used on input line 884.
(pdftex.def)             Requested size: 18.06744pt x 18.00003pt.
File: images/5.png Graphic file (type png)
<use images/5.png>
Package pdftex.def Info: images/5.png  used on input line 890.
(pdftex.def)             Requested size: 18.03859pt x 18.00003pt.
File: images/2,5.png Graphic file (type png)
<use images/2,5.png>
Package pdftex.def Info: images/2,5.png  used on input line 892.
(pdftex.def)             Requested size: 18.10963pt x 18.00003pt.
File: images/5.png Graphic file (type png)
<use images/5.png>
Package pdftex.def Info: images/5.png  used on input line 892.
(pdftex.def)             Requested size: 18.03859pt x 18.00003pt.
File: images/5.png Graphic file (type png)
<use images/5.png>
Package pdftex.def Info: images/5.png  used on input line 898.
(pdftex.def)             Requested size: 18.03859pt x 18.00003pt.
File: images/0,25.png Graphic file (type png)
<use images/0,25.png>
Package pdftex.def Info: images/0,25.png  used on input line 900.
(pdftex.def)             Requested size: 17.99966pt x 18.00003pt.
File: images/0,5.png Graphic file (type png)
<use images/0,5.png>
Package pdftex.def Info: images/0,5.png  used on input line 900.
(pdftex.def)             Requested size: 18.23766pt x 18.00003pt.
File: images/1,25.png Graphic file (type png)
<use images/1,25.png>
Package pdftex.def Info: images/1,25.png  used on input line 900.
(pdftex.def)             Requested size: 18.36841pt x 18.00003pt.
File: images/2,5.png Graphic file (type png)
<use images/2,5.png>
Package pdftex.def Info: images/2,5.png  used on input line 900.
(pdftex.def)             Requested size: 18.10963pt x 18.00003pt.
File: images/5.png Graphic file (type png)
<use images/5.png>
Package pdftex.def Info: images/5.png  used on input line 900.
(pdftex.def)             Requested size: 18.03859pt x 18.00003pt.
File: images/10.png Graphic file (type png)
<use images/10.png>
Package pdftex.def Info: images/10.png  used on input line 900.
(pdftex.def)             Requested size: 18.05959pt x 18.00003pt.
File: images/0,25.png Graphic file (type png)
<use images/0,25.png>
Package pdftex.def Info: images/0,25.png  used on input line 927.
(pdftex.def)             Requested size: 12.24724pt x 12.25008pt.
File: images/0,5.png Graphic file (type png)
<use images/0,5.png>
Package pdftex.def Info: images/0,5.png  used on input line 927.
(pdftex.def)             Requested size: 12.41151pt x 12.25008pt.
File: images/1,25.png Graphic file (type png)
<use images/1,25.png>
Package pdftex.def Info: images/1,25.png  used on input line 927.
(pdftex.def)             Requested size: 12.4953pt x 12.25008pt.
File: images/2,5.png Graphic file (type png)
<use images/2,5.png>
Package pdftex.def Info: images/2,5.png  used on input line 927.
(pdftex.def)             Requested size: 12.32024pt x 12.25008pt.
File: images/5.png Graphic file (type png)
<use images/5.png>
Package pdftex.def Info: images/5.png  used on input line 927.
(pdftex.def)             Requested size: 12.27489pt x 12.25008pt.
File: images/10.png Graphic file (type png)
<use images/10.png>
Package pdftex.def Info: images/10.png  used on input line 927.
(pdftex.def)             Requested size: 12.29169pt x 12.25008pt.
File: images/15.png Graphic file (type png)
<use images/15.png>
Package pdftex.def Info: images/15.png  used on input line 927.
(pdftex.def)             Requested size: 12.38745pt x 12.25008pt.
File: images/20.png Graphic file (type png)
<use images/20.png>
Package pdftex.def Info: images/20.png  used on input line 927.
(pdftex.def)             Requested size: 12.26161pt x 12.25008pt.
File: images/25.png Graphic file (type png)
<use images/25.png>
Package pdftex.def Info: images/25.png  used on input line 927.
(pdftex.def)             Requested size: 12.29787pt x 12.25008pt.
 [10] [11] (./main.aux)
 ***********
LaTeX2e <2023-11-01> patch level 1
L3 programming layer <2024-01-22>
 ***********
Package rerunfilecheck Info: File `main.out' has not changed.
(rerunfilecheck)             Checksum: DD9BA79E5DF3183FE0CC8E592AEA898F;2634.
Package logreq Info: Writing requests to 'main.run.xml'.
\openout1 = `main.run.xml'.

 ) 
Here is how much of TeX's memory you used:
 31775 strings out of 474222
 591001 string characters out of 5748733
 1966975 words of memory out of 5000000
 53477 multiletter control sequences out of 15000+600000
 621364 words of font info for 84 fonts, out of 8000000 for 9000
 1141 hyphenation exceptions out of 8191
 84i,17n,87p,677b,1663s stack positions out of 10000i,1000n,20000p,200000b,200000s
</usr/share/texmf/fonts/type1/public/lm/lmbx10.pfb></usr/share/texmf/fonts/ty
pe1/public/lm/lmbx12.pfb></usr/share/texmf/fonts/type1/public/lm/lmex10.pfb></u
sr/share/texmf/fonts/type1/public/lm/lmmi10.pfb></usr/share/texmf/fonts/type1/p
ublic/lm/lmmi6.pfb></usr/share/texmf/fonts/type1/public/lm/lmmi7.pfb></usr/shar
e/texmf/fonts/type1/public/lm/lmmi9.pfb></usr/share/texmf/fonts/type1/public/lm
/lmr10.pfb></usr/share/texmf/fonts/type1/public/lm/lmr12.pfb></usr/share/texmf/
fonts/type1/public/lm/lmr17.pfb></usr/share/texmf/fonts/type1/public/lm/lmr7.pf
b></usr/share/texmf/fonts/type1/public/lm/lmr9.pfb></usr/share/texmf/fonts/type
1/public/lm/lmri10.pfb></usr/share/texmf/fonts/type1/public/lm/lmsy10.pfb></usr
/share/texmf/fonts/type1/public/lm/lmsy7.pfb></usr/share/texmf/fonts/type1/publ
ic/lm/lmsy9.pfb></usr/share/texlive/texmf-dist/fonts/type1/public/amsfonts/symb
ols/msam10.pfb></usr/share/texlive/texmf-dist/fonts/type1/public/amsfonts/symbo
ls/msbm10.pfb></usr/share/texlive/texmf-dist/fonts/type1/public/amsfonts/symbol
s/msbm7.pfb>
Output written on main.pdf (11 pages, 5498140 bytes).
PDF statistics:
 302 PDF objects out of 1000 (max. 8388607)
 227 compressed objects within 3 object streams
 68 named destinations out of 1000 (max. 500000)
 183 words of extra memory for PDF output out of 10000 (max. 10000000)

