a_re,a_im,r_norm,cx_px,cy_px,r_px
-0.02887007524763996,-0.4700969002004743,0.04778184348225724,964.8740858928334,61.600385587023005,97.85721545166282
0.09877662136130139,-0.4962345391674425,0.004707458901270672,1226.2945205479452,7.756849315068493,9.640875829802336
0.139946118108779,-0.4815682799417577,0.020873192809343653,1310.6096498867794,37.969343319979096,42.7482988735358
0.22926341953562268,-0.48141245381104186,0.018039417076383554,1493.5314832089553,38.29034514925373,36.94472617243352
0.29932884653662417,-0.49750479252983737,0.0034517945408342825,1637.0254777070063,5.140127388535032,7.069275219628611
0.4524407689811162,-0.44671132343770314,0.04218222575658022,1950.598694873326,109.77467371833148,86.38919834947629
0.49457078455438064,-0.48137975537500366,0.01120712227725997,2036.8809667673715,38.357703927492445,22.95218642382842
-0.23532335069444443,-0.49015749730312835,0.004132247926375168,542.0577777777778,20.275555555555556,8.462843753216344
-0.1267136494824841,-0.4950683321996166,0.0034517945408342825,764.4904458598726,10.159235668789808,7.069275219628611
0.19068545386904767,-0.4971644321158884,0.0021865800737702074,1414.5238095238096,5.841269841269841,4.478115991081385
0.2873707371628631,-0.4900092656004512,0.004276649246487089,1612.5352697095436,20.58091286307054,8.758577656805558
-0.14838915532178215,-0.4945784869749111,0.0027685718463803435,720.0990099009902,11.168316831683168,5.670035141386943
-0.18250983488475175,-0.49048750258211116,0.003271181697748788,650.2198581560284,19.595744680851062,6.699380116989518
0.20718661221590906,-0.4943623124448367,0.002584261439649037,1448.3181818181818,11.613636363636363,5.292567428401227
-0.2644124348958333,-0.4931148867313916,0.0021338836535001546,482.48333333333335,14.183333333333334,4.370193722368317
-0.22415771484375002,-0.492754854368932,0.002463996603535313,564.925,14.925,5.046265044040321
0.07508200966850831,-0.49185485168696025,0.003706247338050096,1177.767955801105,16.77900552486188,7.590394548326596
0.3100732421875,-0.4905728155339806,0.0027548319509167786,1659.03,19.42,5.641895835477563
-0.29471342744883045,-0.488130926020553,0.003602410224144972,420.4269005847953,24.450292397660817,7.377736139048903
0.08514244518979053,-0.48551822294515323,0.0038072535033252795,1198.371727748691,29.832460732984295,7.797255174810172
0.09471679687500001,-0.4865825242718447,0.0027548319509167786,1217.98,27.64,5.641895835477563
0.178373954665493,-0.48676329823601805,0.0032827611381982336,1389.3098591549297,27.267605633802816,6.723094811029982
0.1086419600474684,-0.45194666338945555,0.012242740983390562,1246.4987341772153,98.98987341772153,25.07313353398387
-0.21407303155637253,-0.4832476679992385,0.0027822438892641643,585.5784313725491,34.509803921568626,5.698035485213008
-0.2603182307260479,-0.48266089180861577,0.0035600274521290633,490.8682634730539,35.7185628742515,7.2909362219603215
-0.17236328125,-0.48561893203883494,0.002203865560733423,671.0,29.625,4.51351666838205
0.28467597336065575,-0.4819062019205263,0.003726667588122029,1607.016393442623,37.27322404371585,7.632215220473915
-0.12726259903169013,-0.481854232189252,0.004020544868011902,763.3661971830986,37.38028169014085,8.234075889688375
0.3241218118106618,-0.4826741861793261,0.0032126585168357133,1687.8014705882354,35.69117647058823,6.579524642479541
-0.14210012335526317,-0.4809708737864078,0.0037972737915252697,732.978947368421,39.2,7.776816725043752
-0.11215849550898205,-0.4827946049648276,0.0035600274521290633,794.2994011976048,35.44311377245509,7.2909362219603215
0.38436734951036866,-0.4798129837591159,0.004058120870404001,1811.184331797235,41.585253456221196,8.311031542587394
-0.21968332926432294,-0.4772906553398058,0.003817207124241562,574.0885416666666,46.78125,7.817640190446719
0.045831495715725756,-0.48143203883495145,0.003067651032379989,1117.8629032258063,38.25,6.282549314314218
0.07674370247148288,-0.47849126951899296,0.004467586661117254,1181.171102661597,44.30798479087453,9.149617481968136
0.04288663398508141,-0.4703628926069629,0.006478249601565955,1111.8318264014467,61.05244122965642,13.267455184007076
-0.18841408880471383,-0.4744810565198915,0.004747591416817803,638.1279461279461,52.56902356902357,9.72306722164286
0.06501353870738635,-0.4775595763459841,0.002584261439649037,1157.1477272727273,46.22727272727273,5.292567428401227
0.09267078746448865,-0.4770741394527802,0.0036546975766694875,1213.7897727272727,47.22727272727273,7.48482063701911
0.27756679205246915,-0.47773582644132806,0.002479348755825101,1592.4567901234568,45.864197530864196,5.077706251929807
-0.1638515506986405,-0.4750931276215059,0.005011977448821108,688.4320241691843,51.30815709969789,10.264529815185629
0.3396108774038461,-0.4765272591486184,0.002221016524153921,1719.5230769230768,48.353846153846156,4.54864184146723
-0.2006116365131579,-0.47441747572815535,0.0037972737915252697,613.1473684210526,52.7,7.776816725043752
0.48696390787760413,-0.47576860841423946,0.0026991730427448086,2021.3020833333333,49.916666666666664,5.527906391541368
0.2714740953947369,-0.46760858456821663,0.0037972737915252697,1579.9789473684211,66.72631578947369,7.776816725043752
0.03849417264344257,-0.47572815533980584,0.0021515925351825067,1102.8360655737704,50.0,4.406461512053774
-0.13856233016304348,-0.4610510764035458,0.006605854955817884,740.224347826087,80.23478260869565,13.528790949515026
0.28545587713068177,-0.4715467784642542,0.002584261439649037,1608.6136363636363,58.61363636363637,5.292567428401227
-0.12581036181213556,-0.45415204223159444,0.010204040344260968,766.3403790087464,94.44679300291546,20.897874625046462
-0.25402316241197187,-0.4695200328182688,0.0023212626618356403,503.76056338028167,62.7887323943662,4.753945931439391
-0.1442977241847826,-0.470873786407767,0.002642341982327153,728.4782608695652,60.0,5.4115163798060095
0.058012309827302655,-0.46953244762391416,0.003396384930811547,1142.8092105263158,62.76315789473684,6.955796338302048
0.07697046582943923,-0.4692360039923782,0.0028496203279099095,1181.6355140186915,63.373831775700936,5.836022431559495
0.06853205983231703,-0.4695299550082879,0.0024946064306397907,1164.3536585365853,62.76829268292683,5.108953969950291
-0.2026870570231959,-0.46639475527975177,0.00271319481524239,608.8969072164948,69.22680412371135,5.556622981616415
-0.16095589900362317,-0.46671943154636275,0.003236194791317866,694.3623188405797,68.55797101449275,6.627726932618989
0.3314295296717171,-0.4666666666666667,0.0027410231825021154,1702.7676767676767,68.66666666666667,5.613615477764332
0.07563821132745263,-0.4597429941680731,0.006640230842521306,1178.907056798623,82.92943201376936,13.599192765483634
0.21135432545731703,-0.4658418186123609,0.0024946064306397907,1456.8536585365853,70.36585365853658,5.108953969950291
-0.22271592881944446,-0.46366774541531824,0.003695994905302969,567.8777777777777,74.84444444444445,7.569397566060481
-0.186431884765625,-0.46481341019417477,0.003116736565636193,642.1875,72.484375,6.383076486422923
-0.14447021484375,-0.46403974514563107,0.002203865560733423,728.125,74.078125,4.51351666838205
0.2923255333533654,-0.4638629574309186,0.002809388374878707,1622.6826923076924,74.4423076923077,5.753627391751592
-0.17178199404761907,-0.4627215287409462,0.0021865800737702074,672.1904761904761,76.7936507936508,4.478115991081385
0.15713778409090906,-0.46345248602530154,0.0031650609445452024,1345.8181818181818,75.28787878787878,6.4820448144285745
0.281658047241784,-0.4584666575504809,0.004020544868011902,1600.8356807511736,85.55868544600939,8.234075889688375
0.2586656507554945,-0.46276538994985594,0.0026279421912954386,1553.7472527472528,76.7032967032967,5.382025607773058
0.1931358080231742,-0.4576429038944038,0.005197806529387115,1419.5421348314608,87.25561797752809,10.645107772184812
-0.24709356398809523,-0.4565302820157189,0.00309229119554059,517.952380952381,89.54761904761905,6.333012368467128
0.30666676425321204,-0.4582160454044614,0.005953242200119896,1652.0535331905783,86.07494646680942,12.192240025845548
-0.1056270815617914,-0.4475243819210532,0.005785147096925235,807.6757369614512,108.09977324263039,11.847981254502882
0.05470842633928574,-0.4569382801664355,0.0032595611221311258,1136.0428571428572,88.70714285714286,6.6755811781245455
0.16204889979931192,-0.45164224637035716,0.0057522579896222385,1355.8761467889908,99.61697247706422,11.780624362746345
0.21897350902288737,-0.4569738821277178,0.0032827611381982336,1472.4577464788733,88.63380281690141,6.723094811029982
0.2029840997139295,-0.38545417469956966,0.047938033874431886,1439.7114362141276,235.96440011888643,98.1770933748365
-0.11139891670539032,-0.4516620348648356,0.004518260342129516,795.8550185873606,99.57620817843866,9.25339718068125
0.1775948660714286,-0.45400759179502154,0.003177027191174682,1387.7142857142858,94.74436090225564,6.506551687525748
0.13608197084407214,-0.45252477229506555,0.003837036905076152,1302.6958762886597,97.79896907216495,7.858251581595959
0.3373953683035714,-0.45309292649098476,0.0023048577731509512,1714.9857142857143,96.62857142857143,4.720348719413148
0.06311515748031493,-0.45072624417093493,0.0031045379412717395,1153.259842519685,101.50393700787401,6.358093703724522
0.24178562242798352,-0.44947460945303447,0.0042943580147717575,1519.1769547325102,104.08230452674897,8.79484521425256
0.27556152343749996,-0.45015776699029125,0.0030177672033061685,1588.35,102.675,6.180387232371033
0.29345703125,-0.451732740021575,0.0033057983411001347,1625.0,99.43055555555556,6.770275002573076
0.04942822638358779,-0.45074483065293114,0.0031530492847254145,1125.2290076335878,101.46564885496183,6.457444935117649
0.3794310625991062,-0.42728754350877735,0.022944624708772798,1801.0748162029695,149.7876603719187,46.99059140356669
-0.24223876953125,-0.4493519417475728,0.003895920707045241,527.895,104.335,7.978845608028654
-0.17976888020833331,-0.45015507011866235,0.0023375524242271444,655.8333333333334,102.68055555555556,4.787307364817192
-0.16109751506024095,-0.449988302725465,0.0025097713510531822,694.0722891566265,103.02409638554217,5.140011726956917
0.038803317535545,-0.4493673215846869,0.004001624551871528,1103.4691943127962,104.30331753554502,8.19532708223289
0.12746027702294682,-0.44746025045729565,0.00396351297349073,1285.038647342995,108.23188405797102,8.117274569709014
0.2182054558899177,-0.4494806025010987,0.0042943580147717575,1470.8847736625514,104.06995884773663,8.79484521425256
0.3536896102729885,-0.4499832607967861,0.002569536183376096,1748.3563218390805,103.03448275862068,5.262410103554244
-0.22545604773687722,-0.43761704038973154,0.013061506316989742,562.2660142348755,128.50889679715303,26.749964937194992
-0.20852457682291664,-0.44752022653721685,0.0030177672033061685,596.9416666666667,108.10833333333333,6.180387232371033
0.19119740681475905,-0.4456983272897415,0.0035493526831148563,1415.5722891566265,111.86144578313252,7.269074295019226
-0.18573374807098764,-0.44726717008270406,0.002479348755825101,643.6172839506173,108.62962962962963,5.077706251929807
-0.1680385044642857,-0.44633148404993067,0.0032595611221311258,679.8571428571429,110.55714285714286,6.6755811781245455
-0.1484285407110092,-0.44604079451322703,0.0028761289948111193,720.0183486238532,111.1559633027523,5.890312181373172
0.08648437499999995,-0.4442233009708738,0.0033739663034310107,1201.12,114.9,6.90988298942671
0.14771777908236994,-0.442477131152141,0.003623415709600551,1326.5260115606936,118.4971098265896,7.420755373261929
0.17802682613736753,-0.4383649524855055,0.006553953065158646,1388.5989399293287,126.96819787985866,13.422495877444907
0.22238853717672413,-0.44049213257448944,0.004691309766536062,1479.451724137931,122.58620689655173,9.607802401865856
-0.09419991629464286,-0.44107142857142856,0.0032595611221311258,831.0785714285714,121.39285714285714,6.6755811781245455
0.06611378549913938,-0.43717728055077454,0.006640230842521306,1159.4010327022374,129.41480206540447,13.599192765483634
0.07857951712101063,-0.4426926254906011,0.0037772352675268794,1184.9308510638298,118.05319148936171,7.735777827895049
0.2835824148995536,-0.44253207350901524,0.0029154400983602766,1604.7767857142858,118.38392857142857,5.970821321441846
-0.15740855823863636,-0.44284201235657544,0.002889292125343358,701.6272727272727,117.74545454545455,5.917270272703197
0.31865907866379306,-0.4336011605847562,0.005745657576674315,1676.6137931034482,136.7816091954023,11.767106717028996
0.2015848948543233,-0.43897547266223813,0.004492994941787335,1436.845864661654,125.71052631578948,9.201653640780462
-0.25253255208333336,-0.44049838187702267,0.002385754452650976,506.81333333333333,122.57333333333334,4.886025119029199
0.03105725740131582,-0.4391568727644354,0.0037972737915252697,1087.6052631578948,125.33684210526316,7.776816725043752
0.34536698935688404,-0.4371394399887435,0.003236194791317866,1731.3115942028985,129.4927536231884,6.627726932618989
0.30365483337073607,-0.4340363598333653,0.006501636860306882,1645.8850987432675,135.8850987432675,13.315352289908494
-0.080737067657767,-0.4386935620699406,0.002795849074990584,858.6504854368932,126.29126213592232,5.725898905580716
-0.06652018229166667,-0.4389482200647249,0.0021338836535001546,887.7666666666667,125.76666666666667,4.370193722368317
0.14822804901109365,-0.42123998555221437,0.013012025223828085,1327.5710443747198,162.24562976243837,26.648627658399917
-0.14860233406732104,-0.3925520904331319,0.029591050194199508,719.6624198301265,221.3426937077483,60.60247079772059
-0.1622314453125,-0.4356911696717522,0.002524845188391802,691.75,132.47619047619048,5.170882945826411
-0.07413423978365385,-0.43441000746825986,0.002809388374878707,872.1730769230769,135.1153846153846,5.753627391751592
0.04527726958069622,-0.43440764409487526,0.0034627700678663714,1116.7278481012659,135.12025316455697,7.091753098990329
-0.1173161489520958,-0.43179756990872625,0.0035600274521290633,783.7365269461078,140.49700598802394,7.2909362219603215
-0.10055051813471505,-0.4276950550832537,0.0054123860209963695,818.0725388601036,148.94818652849742,11.084566571000565
0.10350082859848486,-0.4354957340394234,0.0022380360567566117,1235.969696969697,132.87878787878788,4.583497844237541
-0.13657226562500002,-0.43400755124056095,0.002613463060770661,744.3,135.94444444444446,5.352372348458314
0.05699896043346775,-0.42887175070466643,0.003067651032379989,1140.733870967742,146.5241935483871,6.282549314314218
0.2780245078873185,-0.40158333108385746,0.015673517063764766,1593.3941921532282,202.73833796725364,32.09936294659024
0.03572100903614461,-0.43218505088314424,0.0025097713510531822,1097.1566265060242,139.6987951807229,5.140011726956917
-0.2616471354166667,-0.4307799352750809,0.0033739663034310107,488.14666666666665,142.59333333333333,6.90988298942671
-0.27642873555672265,-0.42825324304479073,0.0030051668676751406,457.87394957983196,147.7983193277311,6.154581744998688
-0.15949846178756477,-0.42738316816741284,0.003827134857845808,697.3471502590673,149.59067357512953,7.837972188868215
0.10472539645522383,-0.42905376032459064,0.0022549271345479443,1238.4776119402984,146.1492537313433,4.61809077155419
0.3321803902981172,-0.42433988706991105,0.00602294725129197,1704.305439330544,155.85983263598325,12.334995970645954
-0.06889204545454547,-0.4293836422477199,0.0022380360567566117,882.9090909090909,145.46969696969697,4.583497844237541
0.13177252435064934,-0.42847686294288234,0.0024173552262544695,1293.8701298701299,147.33766233766235,4.950743503369154
-0.2142237746369295,-0.4247955525117834,0.004276649246487089,585.2697095435684,154.92116182572613,8.758577656805558
-0.09306530486372183,-0.42117672822833785,0.004492994941787335,833.4022556390977,162.37593984962405,9.201653640780462
0.1742270865091463,-0.4250947193937959,0.0024946064306397907,1380.8170731707316,154.3048780487805,5.108953969950291
-0.06557561063218392,-0.42554960383885726,0.002569536183376096,889.7011494252873,153.367816091954,5.262410103554244
-0.07869124212184875,-0.42390878681569716,0.0030051668676751406,862.8403361344538,156.74789915966386,6.154581744998688
-0.03719395915354329,-0.4219516856509441,0.0043904796614483415,947.8267716535433,160.7795275590551,8.991702346646203
0.06903820503048785,-0.4234489699265925,0.0024946064306397907,1165.3902439024391,157.6951219512195,5.108953969950291
0.11121205814549184,-0.42242161387872035,0.003042811343955812,1251.7622950819673,159.81147540983608,6.231677632421503
0.013269372888513487,-0.42184466019417477,0.002369796049782774,1051.1756756756756,161.0,4.853342309955121
0.03715274208470398,-0.42118995912110374,0.004803213632193296,1100.0888157894738,162.34868421052633,9.83698151873187
-0.05811264935661764,-0.4203419474585951,0.0032126585168357133,904.9852941176471,164.09558823529412,6.579524642479541
0.09103538876488093,-0.41977577438742486,0.002524845188391802,1210.4404761904761,165.26190476190476,5.170882945826411
0.30739062500000003,-0.41972038834951453,0.0030799957544191407,1653.536,165.376,6.3078313050504
0.18360627003205132,-0.4199029126213592,0.0024330017017416402,1400.025641025641,165.0,4.982787485166879
0.1329466432005495,-0.41775312066574205,0.0026279421912954386,1296.2747252747254,169.42857142857142,5.382025607773058
0.17082031249999996,-0.41680258899676376,0.0033739663034310107,1373.84,171.38666666666666,6.90988298942671
0.3169428759282178,-0.41835528213015477,0.0027685718463803435,1673.09900990099,168.1881188118812,5.670035141386943
-0.33292528609154926,-0.4168603856146588,0.0023212626618356403,342.16901408450707,171.26760563380282,4.753945931439391
0.08054718257874016,-0.4143987462732207,0.0031045379412717395,1188.9606299212599,176.33858267716536,6.358093703724522
0.045471964003164556,-0.4122280938920978,0.0034627700678663714,1117.126582278481,180.81012658227849,7.091753098990329
0.019093639445754707,-0.41458142516944496,0.0028362730867212806,1063.1037735849056,175.96226415094338,5.808687281605183
0.1621005373303167,-0.40945174186179323,0.007093357941466129,1355.9819004524886,186.52941176470588,14.527197064122632
0.3418854019121813,-0.4078137462526472,0.005175859324267379,1724.1813031161473,189.90368271954674,10.600159896099592
-0.09518565302309784,-0.41147636133389615,0.003736835867834869,829.0597826086956,182.3586956521739,7.653039857325812
-0.041836503623188415,-0.41132451573565965,0.00396351297349073,938.3188405797101,182.67149758454107,8.117274569709014
0.31379189260957063,-0.3989907428313389,0.014564179318598247,1666.6457960644007,208.07906976744187,29.82743924448921
-0.32499302455357143,-0.4125381414701803,0.0023048577731509512,358.4142857142857,180.17142857142858,4.720348719413148
0.05963134765625,-0.4127203628002044,0.003396384930811547,1146.125,179.79605263157896,6.955796338302048
0.09471070921266234,-0.4121832051443702,0.0034186565460425527,1217.9675324675325,180.9025974025974,7.001408606295148
0.3956783234126984,-0.4149637848666975,0.0021865800737702074,1834.3492063492063,175.17460317460316,4.478115991081385
-0.2624310134747706,-0.4120557584394763,0.0028761289948111193,486.54128440366975,181.1651376146789,5.890312181373172
-0.05420405321782179,-0.4130875708930116,0.0027685718463803435,912.990099009901,179.03960396039605,5.670035141386943
0.02956814236111116,-0.41166589613191557,0.0021865800737702074,1084.5555555555557,181.96825396825398,4.478115991081385
0.0706619561887255,-0.41127450980392155,0.0027822438892641643,1168.7156862745098,182.77450980392157,5.698035485213008
-0.11036455857889732,-0.40497434382959874,0.004467586661117254,797.9733840304183,195.7528517110266,9.149617481968136
0.1281377736023207,-0.407338904592192,0.004241009881427643,1286.4261603375528,190.88185654008439,8.685588237163813
0.11600327765804597,-0.4084644570918424,0.002569536183376096,1261.5747126436781,188.5632183908046,5.262410103554244
-0.02754505893640352,-0.40586888945665134,0.005882711262226906,967.5877192982456,193.91008771929825,12.047792665040703
-0.06634947311046513,-0.4058177165650636,0.003128887631467709,888.1162790697674,194.015503875969,6.407961869245868
-0.09029565815462753,-0.39794976878739396,0.0057982505046452,839.0744920993228,210.2234762979684,11.87481703351337
0.41550058861301364,-0.40444872988429315,0.004076778995771584,1874.945205479452,196.83561643835617,8.349243383340204
0.08538219975490191,-0.4016530236690145,0.0034075389343368734,1198.862745098039,202.59477124183007,6.978639737521917
0.389672550154321,-0.40300851012825123,0.002479348755825101,1822.0493827160494,199.80246913580248,5.077706251929807
0.1021554129464286,-0.401776378960845,0.0037164714880624796,1233.2142857142858,202.34065934065933,7.611333607551958
-0.30110965154867253,-0.4011727811667669,0.0029284265327825625,407.3274336283186,203.58407079646017,5.997417539138688
0.04964717741935487,-0.39801127466332603,0.00265666372398663,1125.6774193548388,210.09677419354838,5.440847306724618
0.36908274101174865,-0.3028720862723985,0.07055973829319274,1779.8814535920612,406.0835022788592,144.50634402445874
0.03139175907258063,-0.3970717193861572,0.0021691568473098037,1088.2903225806451,212.03225806451613,4.442433223290478
0.40498666914682535,-0.3981969486823856,0.0021865800737702074,1853.4126984126983,209.71428571428572,4.478115991081385
0.4379030257936508,-0.39643242410232704,0.0021865800737702074,1920.8253968253969,213.34920634920636,4.478115991081385
0.08132527275749513,-0.37688572358578554,0.015343202188366878,1190.55415860735,253.61540941328175,31.422878081775366
0.41591070506198347,-0.3968145711305464,0.0030303151460084566,1875.7851239669421,212.56198347107437,6.206085419025319
-0.34615492546695403,-0.39421939515679055,0.003633872919538875,315.07471264367814,217.90804597701148,7.442171739215616
0.0031297063253011848,-0.39678909814013336,0.0025097713510531822,1030.4096385542168,212.6144578313253,5.140011726956917
0.062623789612676,-0.3963352933132777,0.0023212626618356403,1152.2535211267605,213.54929577464787,4.753945931439391
0.46011013454861116,-0.3963727076591154,0.0023375524242271444,1966.3055555555557,213.47222222222223,4.787307364817192
0.4311222956730769,-0.3946975354742345,0.002221016524153921,1906.9384615384615,216.92307692307693,4.54864184146723
0.3412790009469697,-0.39289864666078256,0.0031650609445452024,1722.939393939394,220.62878787878788,6.4820448144285745
0.3900656098300971,-0.39133283061551516,0.002795849074990584,1822.8543689320388,223.85436893203882,5.725898905580716
0.10525841346153841,-0.3919566840926064,0.002221016524153921,1239.5692307692307,222.56923076923076,4.54864184146723
-0.32401367187499996,-0.3888592233009709,0.0027548319509167786,360.42,228.95,5.641895835477563
0.03684303977272729,-0.38841255831547095,0.0024173552262544695,1099.4545454545455,229.87012987012986,4.950743503369154
0.04872406506147542,-0.3875616743593825,0.0021515925351825067,1123.7868852459017,231.62295081967213,4.406461512053774
0.42294921875,-0.3858876560332871,0.0023048577731509512,1890.2,235.07142857142858,4.720348719413148
-0.08547056437841533,-0.381105098413709,0.003726667588122029,848.9562841530054,244.92349726775956,7.632215220473915
0.48040231717687076,-0.38552605508222704,0.0033400562337113668,2007.8639455782313,235.81632653061226,6.840435166640879
0.41122834578804346,-0.38468763191219923,0.002642341982327153,1866.195652173913,237.54347826086956,5.4115163798060095
0.014721160239361653,-0.3842078083040694,0.0026709086718052395,1054.1489361702127,238.53191489361703,5.4700209598571305
-0.09587110513848396,-0.3585892609470973,0.008836958159371307,827.6559766763849,291.3061224489796,18.098090310392436
-0.3329524403994846,-0.3810729656691022,0.00271319481524239,342.11340206185565,244.98969072164948,5.556622981616415
-0.033459739963503654,-0.3809687477854157,0.003224448128994319,955.4744525547445,245.20437956204378,6.6036697681803656
0.44863229580026454,-0.3789078954127498,0.003787267782587703,1942.7989417989418,249.44973544973544,7.756324418739616
-0.2408540212563452,-0.37897343649894044,0.0038665908993905903,530.730964467005,249.31472081218274,7.918778161951929
0.42549883868243243,-0.38085279454211496,0.0037469765536916693,1895.4216216216216,245.44324324324324,7.673807981960539
0.469542456454918,-0.38051090243514246,0.0021515925351825067,1985.622950819672,246.14754098360655,4.406461512053774
0.42007410563000613,-0.36179794100580853,0.011098246619739682,1884.3117683302526,284.6962415280345,22.72920907722687
0.2991103684971098,-0.37527639036982996,0.003623415709600551,1636.578034682081,256.9306358381503,7.420755373261929
0.10918584600225223,-0.3767733753170646,0.0029023955582154993,1247.6126126126126,253.84684684684686,5.944106103225343
0.036339962121212155,-0.3752059429243895,0.0022380360567566117,1098.4242424242425,257.07575757575756,4.583497844237541
-0.31518229166666667,-0.37437540453074436,0.002385754452650976,378.50666666666666,258.7866666666667,4.886025119029199
-0.11628417968749999,-0.3749919093851133,0.0021338836535001546,785.85,257.51666666666665,4.370193722368317
-0.2564748555672269,-0.37233417638900224,0.0030051668676751406,498.73949579831935,262.99159663865544,6.154581744998688
-0.05566044560185185,-0.36962243797195254,0.0032008254802502315,910.0074074074074,268.5777777777778,6.555290583552474
-0.3376762576219512,-0.36948259531139,0.0024946064306397907,332.4390243902439,268.8658536585366,5.108953969950291
0.027030375466417955,-0.3711346181712796,0.0022549271345479443,1079.358208955224,265.46268656716416,4.61809077155419
0.12854766845703125,-0.36944528721682846,0.003817207124241562,1287.265625,268.9427083333333,7.817640190446719
0.4415188445348174,-0.3658753380325398,0.0057654361466179405,1928.230593607306,276.29680365296804,11.807613228273542
0.11641339557926833,-0.36916883731944117,0.003055256432066561,1262.4146341463415,269.5121951219512,6.257165172872317
0.03923882378472221,-0.3685275080906149,0.0023375524242271444,1104.361111111111,270.8333333333333,4.787307364817192
0.45799046240482233,-0.36619190774234883,0.0038665908993905903,1961.9644670050761,275.6446700507614,7.918778161951929
-0.008093979779411786,-0.36837806967447173,0.002539829564384814,1007.4235294117647,271.1411764705882,5.201570947860099
0.0031399197048611605,-0.3685005393743258,0.0023375524242271444,1030.4305555555557,270.8888888888889,4.787307364817192
-0.08629519440406974,-0.36481711447279297,0.002554726053200435,847.2674418604652,278.4767441860465,5.232078956954491
0.4849262852822581,-0.36799770330932247,0.00265666372398663,2017.1290322580646,271.9247311827957,5.440847306724618
-0.1230685763888889,-0.3649568500539374,0.002613463060770661,771.9555555555555,278.18888888888887,5.352372348458314
0.057632606907894735,-0.3650281042411855,0.0037972737915252697,1142.0315789473684,278.0421052631579,7.776816725043752
-0.28519870923913043,-0.36517517940059097,0.002288335282181447,439.9130434782609,277.7391304347826,4.686510657907603
-0.03840767320736432,-0.3650259652291714,0.003128887631467709,945.3410852713179,278.04651162790697,6.407961869245868
0.13544921875000004,-0.36339520274129067,0.003591861416069154,1301.4,281.40588235294115,7.356132180109627
0.49699218749999996,-0.36523624595469256,0.002385754452650976,2041.84,277.61333333333334,4.886025119029199
0.10933652511640402,-0.35806325979914877,0.007278180511844137,1247.9212034383954,292.3896848137536,14.905713688256792
-0.0772181919642857,-0.36180179044256716,0.0024173552262544695,865.8571428571429,284.68831168831167,4.950743503369154
-0.12593917159346846,-0.35656651797428496,0.0041046071617997885,766.0765765765766,295.47297297297297,8.406235467365967
-0.3141763572868663,-0.35528835398863584,0.004058120870404001,380.5668202764977,298.10599078341016,8.311031542587394
0.014774206912878785,-0.3607310973815828,0.0022380360567566117,1054.2575757575758,286.8939393939394,4.583497844237541
-0.3390931086753731,-0.3579263874800753,0.0022549271345479443,329.53731343283584,292.67164179104475,4.61809077155419
-0.26564991230867346,-0.3584307509411532,0.0027271444949316685,479.94897959183675,291.6326530612245,5.585191925620057
0.08588187302215189,-0.35608332309204865,0.0034627700678663714,1199.886075949367,296.46835443037975,7.091753098990329
-0.00385199652777779,-0.35559151384394105,0.002862905343181171,1016.1111111111111,297.48148148148147,5.863230142835039
0.029918510372899165,-0.35324712409235537,0.004249947741460456,1085.2731092436975,302.3109243697479,8.703892974511014
0.1182485451796188,-0.35050251971642515,0.005087123731075403,1266.1730205278593,307.9648093841642,10.418429401242426
-0.1480054237859712,-0.34696340015366345,0.004593222772331167,720.884892086331,315.25539568345323,9.40692023773423
0.07427593305999158,-0.32382396071292596,0.03147749633621639,1176.1171109068628,362.92264093137254,64.46591249657116
-0.08582221137152779,-0.3504247572815534,0.0023375524242271444,848.2361111111111,308.125,4.787307364817192
0.4065382624246988,-0.3518657152883378,0.0025097713510531822,1856.5903614457832,305.1566265060241,5.140011726956917
0.47592964385474856,-0.34824537614579376,0.0036857139538015674,1998.703910614525,312.6145251396648,7.54834217738561
0.4919615788246269,-0.349695696275902,0.0022549271345479443,2031.5373134328358,309.6268656716418,4.61809077155419
-0.07534027099609375,-0.34921875,0.002203865560733423,869.703125,310.609375,4.51351666838205
-0.12722935267857144,-0.34510957004160886,0.0036443001229503457,763.4342857142857,319.07428571428574,7.463526651802308
0.007902298850574696,-0.3487334002901462,0.002569536183376096,1040.183908045977,311.60919540229884,5.262410103554244
-0.161376953125,-0.34701891959173514,0.0024330017017416402,693.5,315.14102564102564,4.982787485166879
0.2368998467167721,-0.34797222563598373,0.0034627700678663714,1509.1708860759493,313.17721518987344,7.091753098990329
-0.21142181148373984,-0.3464717025811035,0.003055256432066561,591.0081300813008,316.2682926829268,6.257165172872317
-0.332315565664557,-0.34570480521076563,0.0024485481966781126,343.4177215189873,317.8481012658228,5.014626706796775
0.41960652669270837,-0.345555218446602,0.0026991730427448086,1883.3541666666667,318.15625,5.527906391541368
0.0234375,-0.3419560089956667,0.003665065533887729,1072.0,325.57062146892656,7.506054213402069
-0.28302001953125,-0.3430078416728902,0.002809388374878707,444.375,323.40384615384613,5.753627391751592
-0.23917118195564518,-0.34254619480112747,0.0021691568473098037,534.1774193548387,324.35483870967744,4.442433223290478
-0.2515785530821918,-0.34354967415879767,0.002353729450635336,508.7671232876712,322.28767123287673,4.820437914901168
-0.20309315557065216,-0.34415892781764457,0.002642341982327153,608.0652173913044,321.0326086956522,5.4115163798060095
0.4324576500618812,-0.3428770546957608,0.0027685718463803435,1909.6732673267327,323.6732673267327,5.670035141386943
-0.043168048469387765,-0.34272340003962753,0.0027271444949316685,935.5918367346939,323.98979591836735,5.585191925620057
0.15999857982310395,-0.30569813340215735,0.03115518852534181,1351.6770914777169,400.2618451915559,63.805826099900024
0.4080526383196721,-0.3392471749164412,0.006803933007792689,1859.6918032786884,331.15081967213115,13.934454799959427
0.46909066133720934,-0.3391736283585459,0.006996405437920107,1984.6976744186047,331.30232558139534,14.32863833686038
-0.13478265806686046,-0.34178144050575754,0.002554726053200435,747.9651162790698,325.93023255813955,5.232078956954491
0.4901889534883721,-0.34208060510273197,0.002554726053200435,2027.906976744186,325.3139534883721,5.232078956954491
-0.11632002160904253,-0.341339599256352,0.0026709086718052395,785.7765957446809,326.8404255319149,5.4700209598571305
0.43839033181567333,-0.3374686555648428,0.005863328305868392,1921.823399558499,334.81456953642385,12.008096370418468
-0.169892723880597,-0.34150847703231413,0.0022549271345479443,676.0597014925373,326.4925373134328,4.61809077155419
-0.07400242286392406,-0.3417291385031338,0.0024485481966781126,872.4430379746835,326.0379746835443,5.014626706796775
-0.02327339167097997,-0.3234286116303845,0.010486469646034613,976.336093857833,363.73706004140786,21.476289835078887
-0.058878238795518234,-0.33371814745315603,0.005205101700035961,903.4173669467787,342.5406162464986,10.660048281673648
0.2807683171452703,-0.3382904749409604,0.002369796049782774,1599.0135135135135,333.1216216216216,4.853342309955121
-0.04770688657407407,-0.33614407287546444,0.002479348755825101,926.2962962962963,337.5432098765432,5.077706251929807
-0.039220010080645185,-0.3366818039461322,0.0021691568473098037,943.6774193548387,336.43548387096774,4.442433223290478
0.0008408308889891192,-0.3301040972976762,0.004584954137773211,1025.7220216606497,349.985559566787,9.389986074159536
-0.16132918648097827,-0.3286460531869987,0.004576670564362894,693.5978260869565,352.9891304347826,9.373021315815206
-0.1055805448651661,-0.23117638253595696,0.07199393722501614,807.7710441161398,553.7766519759286,147.44358343683305
0.02203640407986107,-0.3301982200647249,0.005226926121541322,1069.1305555555555,349.7916666666667,10.704744696916627
0.20495954241071423,-0.3357697642163662,0.0023048577731509512,1443.7571428571428,338.3142857142857,4.720348719413148
0.24388212316176472,-0.33349514563106797,0.002539829564384814,1523.4705882352941,343.0,5.201570947860099
-0.1514555641968326,-0.3312173263629574,0.00409535211696384,713.8190045248869,347.6923076923077,8.387281135541944
-0.1406956516278135,-0.32798676364998597,0.004858199062608793,735.855305466238,354.34726688102893,9.949591680222808
0.3921724207261029,-0.33264206167904053,0.0032126585168357133,1827.1691176470588,344.75735294117646,6.579524642479541
0.4709997313753582,-0.33257990931092996,0.0051464507946247665,1988.6074498567336,344.88538681948427,10.539931227391522
-0.07948626893939392,-0.33203147984701387,0.0022380360567566117,861.2121212121212,346.0151515151515,4.583497844237541
0.24209339868843682,-0.3242531340304775,0.005953242200119896,1519.8072805139186,362.0385438972163,12.192240025845548
0.2518618574766355,-0.33076853280101626,0.0028496203279099095,1539.8130841121495,348.61682242990656,5.836022431559495
0.011263020833333304,-0.3306472491909385,0.0021338836535001546,1047.0666666666666,348.8666666666667,4.370193722368317
0.19019191576086958,-0.3284339383706205,0.0029542281461425314,1413.513043478261,353.4260869565217,6.050259243299904
-0.06265611713435376,-0.32010215089271954,0.005785147096925235,895.6802721088435,370.5895691609977,11.847981254502882
-0.18271636962890625,-0.328246359223301,0.002203865560733423,649.796875,353.8125,4.51351666838205
-0.1063232421875,-0.326713306681896,0.002271692622891249,806.25,356.97058823529414,4.652426491681278
0.4629550137362637,-0.3266510188840286,0.0026279421912954386,1972.131868131868,357.0989010989011,5.382025607773058
0.47295032848011365,-0.3256123124448367,0.002584261439649037,1992.6022727272727,359.2386363636364,5.292567428401227
-0.2360208918539326,-0.3216101232682448,0.003675404244225343,540.629213483146,367.4831460674157,7.527227892173502
-0.010902887658227833,-0.3196847732579575,0.0034627700678663714,1001.6708860759494,371.4493670886076,7.091753098990329
-0.2053742955942623,-0.31896387076237465,0.003042811343955812,603.3934426229508,372.9344262295082,6.231677632421503
-0.044041724721337605,-0.3135242100055655,0.006903589081668565,933.8025477707006,384.140127388535,14.138550439257221
-0.14214283551356588,-0.3188680665311959,0.003128887631467709,732.8914728682171,373.13178294573646,6.407961869245868
0.012619225313346916,-0.3138382403241508,0.0074838192919193715,1049.8441734417345,383.49322493224935,15.326861909850873
0.21451394599780704,-0.31869357860671094,0.002941355631113453,1463.3245614035088,373.49122807017545,6.023896332520351
0.23025709957224338,-0.31819373177304444,0.004467586661117254,1495.5665399239545,374.5209125475285,9.149617481968136
0.48849024197470814,-0.317893166106305,0.004416331580613632,2024.4280155642023,375.1400778210117,9.044647077096718
0.4711155567354369,-0.31657554906211705,0.002795849074990584,1988.8446601941748,377.8543689320388,5.725898905580716
-0.1484319290058725,-0.3023946048087574,0.010633794066987567,720.0114093959731,407.06711409395973,21.778010249190537
-0.05216761997767855,-0.3139736477115118,0.0029154400983602766,917.1607142857143,383.2142857142857,5.970821321441846
0.25732421875,-0.31607916355489174,0.002221016524153921,1551.0,378.87692307692305,4.54864184146723
0.29981119791666666,-0.31357928802588997,0.0033739663034310107,1638.0133333333333,384.02666666666664,6.90988298942671
-0.19509128970994477,-0.3143860966582631,0.003706247338050096,624.4530386740331,382.3646408839779,7.590394548326596
0.280286287006579,-0.3123019928461932,0.002941355631113453,1598.0263157894738,386.6578947368421,6.023896332520351
0.21407135547858946,-0.3053923846323152,0.005488963776418462,1462.4181360201512,400.89168765743074,11.24139781410501
0.04048069267515919,-0.3101385195720735,0.0034517945408342825,1106.904458598726,391.11464968152865,7.069275219628611
0.0016338641826922906,-0.30511066603299614,0.004658843564929495,1027.3461538461538,401.47202797202794,9.541311620975605
0.2923502604166667,-0.3059408229311142,0.002822862736953666,1622.7333333333333,399.76190476190476,5.781222885281108
-0.17739285634793445,-0.2977228722374353,0.007299005105224921,660.6994301994303,416.6908831908832,14.948362455500638
0.1188591247775801,-0.30351034792523235,0.004617939844627187,1267.423487544484,404.7686832740213,9.45754080179648
-0.19700147284836067,-0.3046275664491485,0.003042811343955812,620.5409836065573,402.4672131147541,6.231677632421503
0.2333101606638418,-0.3014828222990145,0.006348079717763099,1501.819209039548,408.9453860640301,13.000867261978827
-0.3012574749228395,-0.30375164808821764,0.002479348755825101,407.0246913580247,404.2716049382716,5.077706251929807
-0.20979239371827413,-0.3022054112660786,0.0038665908993905903,594.3451776649746,407.4568527918782,7.918778161951929
0.02716581700211862,-0.3045293730459108,0.0029925134772953816,1079.635593220339,402.6694915254237,6.128667601500942
0.04111830096378499,-0.3028831322021595,0.004029971715344261,1108.2102803738317,406.0607476635514,8.253382073025046
0.12908801893248179,-0.3034476649422436,0.003224448128994319,1288.3722627737227,404.8978102189781,6.6036697681803656
-0.18632105777138158,-0.30213017373530915,0.003396384930811547,642.4144736842105,407.6118421052632,6.955796338302048
0.05560302734375,-0.303486319505737,0.002584261439649037,1137.875,404.8181818181818,5.292567428401227
-0.31915837568584693,-0.27533996973190333,0.025967122541048215,370.3636465953855,462.79966235227914,53.180666964066745
-0.23061197916666665,-0.30277669902912624,0.002385754452650976,551.7066666666667,406.28,4.886025119029199
-0.02348356426886794,-0.3003419429687977,0.0034737109168278806,975.9056603773585,411.29559748427675,7.1141599576634995
0.4396888469827587,-0.3018789755607633,0.002967044814329345,1924.4827586206898,408.12931034482756,6.076507779746499
0.2829207454819277,-0.30191250438647793,0.0025097713510531822,1603.421686746988,408.06024096385545,5.140011726956917
0.07693701675257736,-0.3000650585526974,0.00271319481524239,1181.5670103092784,411.8659793814433,5.556622981616415
0.26988966921542556,-0.3008262755629002,0.0026709086718052395,1576.7340425531916,410.29787234042556,5.4700209598571305
0.4645118464052288,-0.3009550098356495,0.0034075389343368734,1975.3202614379086,410.0326797385621,6.978639737521917
0.25994938676075274,-0.297651111807078,0.004601476548569984,1556.3763440860216,416.83870967741933,9.423823971471327
-0.013546965843023229,-0.29728305862873483,0.003128887631467709,996.2558139534884,417.5968992248062,6.407961869245868
0.01078033447265625,-0.29832372572815535,0.002203865560733423,1046.078125,415.453125,4.51351666838205
-0.24176682692307694,-0.2988200149365198,0.002221016524153921,528.8615384615384,414.4307692307692,4.54864184146723
0.02569830907534243,-0.2987697832158531,0.002353729450635336,1076.6301369863013,414.5342465753425,4.820437914901168
0.2415408572635135,-0.2981566517974285,0.002369796049782774,1518.6756756756756,415.7972972972973,4.853342309955121
-0.32193244485294115,-0.29707595659623076,0.002539829564384814,364.6823529411765,418.0235294117647,5.201570947860099
-0.26290760869565216,-0.2973955255382018,0.0029542281461425314,485.5652173913044,417.3652173913043,6.050259243299904
-0.19837740384615382,-0.2967886482449589,0.002221016524153921,617.723076923077,418.61538461538464,4.54864184146723
0.007150361032197017,-0.28779696234186525,0.006330121889090405,1038.6439393939395,437.13825757575756,12.964089628857149
0.11151982060185184,-0.28687882056814096,0.007840389182311983,1252.3925925925926,439.02962962962965,16.05711704537494
0.2054996688473183,-0.2856342594147882,0.00662306520197691,1444.8633217993079,441.5934256055363,13.564037533648712
0.04351074218749995,-0.2932815533980583,0.0027548319509167786,1113.11,425.84,5.641895835477563
-0.1716859879032258,-0.2932873995197829,0.00265666372398663,672.3870967741935,425.8279569892473,5.440847306724618
0.19696451822916672,-0.29448220064724917,0.0021338836535001546,1427.3833333333334,423.3666666666667,4.370193722368317
0.07144983803353655,-0.29273620648827847,0.0024946064306397907,1170.3292682926829,426.9634146341463,5.108953969950291
0.28260216346153844,-0.29272259563521696,0.0029798063562950826,1602.7692307692307,426.991452991453,6.102643417692329
0.4684586063508065,-0.2917945505793924,0.0021691568473098037,1983.4032258064517,428.9032258064516,4.442433223290478
-0.24758818655303028,-0.2912032950867902,0.0022380360567566117,516.939393939394,430.1212121212121,4.583497844237541
-0.02048211348684209,-0.29040623403168114,0.002941355631113453,982.0526315789474,431.7631578947368,6.023896332520351
0.48798044543683683,-0.2828300842110685,0.010697832214663985,2023.3839522546418,447.37002652519897,21.909160375631842
0.07566108433067376,-0.2871221510707154,0.004626149521942982,1178.9539007092199,438.52836879432624,9.474354220939228
0.4456014827806123,-0.2868172511723136,0.0033400562337113668,1936.591836734694,439.15646258503403,6.840435166640879
-0.08901562499999999,-0.2878174757281553,0.0030799957544191407,841.696,437.096,6.3078313050504
-0.008797234571129686,-0.2852926839176179,0.00602294725129197,1005.9832635983264,442.2970711297071,12.334995970645954
-0.24049637957317072,-0.28618872839213827,0.0024946064306397907,531.4634146341464,440.4512195121951,5.108953969950291
-0.17336170708955223,-0.28642225764381973,0.0022549271345479443,668.955223880597,439.97014925373134,4.61809077155419
-0.3637103456439394,-0.28592968520152984,0.0022380360567566117,279.1212121212121,440.9848484848485,4.583497844237541
-0.1379935245385906,-0.2836384961230208,0.003362700942086584,741.3892617449665,445.7046979865772,6.886811529393324
0.0608978271484375,-0.2856416868932039,0.002203865560733423,1148.71875,441.578125,4.51351666838205
-0.1969006725193299,-0.2851966770093084,0.003837036905076152,620.7474226804123,442.49484536082474,7.858251581595959
0.2388973057827103,-0.28515561201342887,0.0028496203279099095,1513.2616822429907,442.57943925233644,5.836022431559495
0.2982831401209678,-0.28215471343564047,0.0034297381198245317,1634.883870967742,448.76129032258063,7.024103669400641
-0.22719810748922414,-0.28180030130565786,0.002967044814329345,558.698275862069,449.4913793103448,6.076507779746499
0.023473193073830445,-0.2749616760347471,0.0050945773962173205,1072.0730994152048,463.57894736842104,10.433694507453072
0.229461669921875,-0.2825773665048544,0.002203865560733423,1493.9375,447.890625,4.51351666838205
-0.33420281661184215,-0.2812595809913132,0.002401606816096648,339.55263157894734,450.60526315789474,4.918490759365935
0.10296077724142128,-0.1962040390367351,0.059206459647846696,1234.8636717904308,625.8196795843256,121.25482935879003
-0.1719001066600177,-0.2755362184121738,0.006542363395497576,671.9485815602837,462.39539007092196,13.398760233979036
-0.24456958235981308,-0.2783277379548135,0.0028496203279099095,523.1214953271028,456.6448598130841,5.836022431559495
-0.20790678879310343,-0.27702544358888515,0.002967044814329345,598.2068965517242,459.32758620689657,6.076507779746499
0.05534002130681814,-0.2779655781112092,0.002889292125343358,1137.3363636363636,457.3909090909091,5.917270272703197
0.19224835824275366,-0.27781764457577035,0.002288335282181447,1417.7246376811595,457.69565217391306,4.686510657907603
-0.0027661008883248517,-0.2763836183529643,0.0038665908993905903,1018.3350253807107,460.6497461928934,7.918778161951929
0.23321418042452835,-0.2760075105330647,0.0028362730867212806,1501.622641509434,461.42452830188677,5.808687281605183
0.2805587254213483,-0.275460892331188,0.0025989032646935575,1598.5842696629213,462.55056179775283,5.322553886092406
-0.1891930621603261,-0.27573870831574504,0.002642341982327153,636.5326086956521,461.9782608695652,5.4115163798060095
0.19022692664194918,-0.2691802424441885,0.0051831853850102146,1413.584745762712,475.48870056497174,10.61516366850092
0.20546624599358976,-0.2720375902414738,0.0034407840038798475,1444.7948717948718,469.6025641025641,7.046725639945928
-0.22024356617647056,-0.27388839030757933,0.0030051668676751406,572.9411764705883,465.78991596638656,6.154581744998688
-0.15174340420081966,-0.27514722266433234,0.0021515925351825067,713.2295081967213,463.1967213114754,4.406461512053774
0.25349934895833337,-0.2736695433297375,0.003506328636340717,1543.1666666666667,466.24074074074076,7.1809610472257885
0.11592086943069302,-0.2742622320484476,0.0027685718463803435,1261.4059405940593,465.019801980198,5.670035141386943
-0.20174393641085792,-0.26742106770087715,0.0053204642241221735,610.828418230563,479.11260053619304,10.896310731002211
-0.1517966396837349,-0.26202845362030647,0.007098705366229713,713.1204819277109,490.22138554216866,14.538148590038452
0.0779613738364362,-0.2697505680644495,0.0037772352675268794,1183.6648936170213,474.31382978723406,7.735777827895049
-0.16155450994318182,-0.26669363538295576,0.0038763921594735552,693.1363636363636,480.6111111111111,7.938851142601841
0.005481885051169644,-0.25979163118151366,0.00805523414402841,1035.2269005847954,494.82923976608186,16.497119526970184
0.12206022404442152,-0.267121680173313,0.008571025555499531,1273.9793388429753,479.7293388429752,17.55346033766304
0.21477272727272723,-0.269126213592233,0.002889292125343358,1463.8545454545454,475.6,5.917270272703197
0.03750887784090906,-0.2688746690203001,0.002889292125343358,1100.8181818181818,476.1181818181818,5.917270272703197
0.2771952066076807,-0.25846955784302256,0.007098705366229713,1591.69578313253,497.5527108433735,14.538148590038452
0.48485610064338236,-0.26630139920045687,0.0032126585168357133,2016.985294117647,481.41911764705884,6.579524642479541
0.01626309481534094,-0.2683031774051191,0.002584261439649037,1057.3068181818182,477.29545454545456,5.292567428401227
0.04864908854166672,-0.26800431499460625,0.002613463060770661,1123.6333333333334,477.9111111111111,5.352372348458314
0.4960402397260274,-0.26796781486899857,0.002353729450635336,2039.890410958904,477.986301369863,4.820437914901168
-0.24378188775510207,-0.26582127996829796,0.0033400562337113668,524.734693877551,482.40816326530614,6.840435166640879
-0.1903751383685286,-0.26232507076532363,0.005277498802983895,634.1117166212534,489.61035422343326,10.808317548511017
0.22022026049920762,-0.2620689920452972,0.006920058900101008,1475.0110935023772,490.1378763866878,14.172280627406865
0.2575619904891304,-0.2658801181933305,0.0029542281461425314,1551.486956521739,482.2869565217391,6.050259243299904
-0.17377446771978022,-0.26208524485223517,0.0037164714880624796,668.1098901098901,490.1043956043956,7.611333607551958
0.024991383272058854,-0.2640633923472302,0.003591861416069154,1075.1823529411765,486.02941176470586,7.356132180109627
-0.3944791034587379,-0.26455839381657087,0.002795849074990584,216.10679611650485,485.00970873786406,5.725898905580716
0.24592314570783136,-0.2618259445549187,0.0025097713510531822,1527.6506024096386,490.6385542168675,5.140011726956917
0.3155004198306075,-0.2560566191815625,0.004029971715344261,1670.1448598130842,502.5233644859813,8.253382073025046
0.2945295806623932,-0.257260808231682,0.004214082562318061,1627.1965811965813,500.04273504273505,8.63044108762739
-0.2622349330357143,-0.2599167822468793,0.0023048577731509512,486.9428571428571,494.57142857142856,4.720348719413148
0.04844933712121213,-0.25818770226537213,0.0035386457124663823,1123.2242424242424,498.1333333333333,7.247146419131151
0.12023523351648346,-0.2579579643657314,0.005876257380676356,1270.2417582417581,498.6065934065934,12.034575115625177
0.0227231626157407,-0.2575332614167566,0.002862905343181171,1070.537037037037,499.48148148148147,5.863230142835039
0.08380500637755106,-0.2555973845849019,0.0027271444949316685,1195.6326530612246,503.46938775510205,5.585191925620057
-0.4264012025983146,-0.2559506927020836,0.0025989032646935575,150.73033707865167,502.7415730337079,5.322553886092406
0.2367030552455357,-0.2531813453536754,0.003570670308316139,1508.767857142857,508.44642857142856,7.312732791431452
0.032345793968023284,-0.25741702415895235,0.002554726053200435,1090.2441860465117,499.72093023255815,5.232078956954491
0.2466689287605932,-0.25569359881520487,0.0029925134772953816,1529.177966101695,503.271186440678,6.128667601500942
0.4732071314102564,-0.2540204132437142,0.0038469134642846194,1993.128205128205,506.71794871794873,7.878478774854901
-0.39873201884920634,-0.2561796887039606,0.0021865800737702074,207.3968253968254,502.26984126984127,4.478115991081385
-0.2458304360274869,-0.25552533929751436,0.0038072535033252795,520.5392670157069,503.6178010471204,7.797255174810172
0.06798598345588236,-0.2538263849229012,0.003591861416069154,1163.235294117647,507.11764705882354,7.356132180109627
-0.004461115056818177,-0.254727493380406,0.002584261439649037,1014.8636363636364,505.2613636363636,5.292567428401227
0.03799933667452826,-0.2498342187213775,0.00634209942466194,1101.8226415094339,515.3415094339623,12.988619621707652
0.19389585568669532,-0.24670402933455565,0.004205068471648855,1421.098712446352,521.7896995708154,8.611980229936854
0.3331916360294118,-0.2520331239291833,0.002539829564384814,1706.3764705882354,510.81176470588235,5.201570947860099
-0.1802212027616279,-0.25016933845111766,0.003612928232583945,654.9069767441861,514.6511627906976,7.399277020331919
0.06057012648809523,-0.25153721682847896,0.002524845188391802,1148.047619047619,511.8333333333333,5.170882945826411
-0.31999183768656714,-0.2526010723083611,0.0022549271345479443,368.65671641791045,509.64179104477614,4.61809077155419
-0.30787474244505497,-0.25220313666915606,0.0026279421912954386,393.4725274725275,510.46153846153845,5.382025607773058
0.3085474917763158,-0.2518344404701073,0.0026850780480094706,1655.9052631578948,511.22105263157897,5.499039842323396
-0.21298014322916664,-0.251084142394822,0.0021338836535001546,587.8166666666667,512.7666666666667,4.370193722368317
0.20161132812500004,-0.24988349514563107,0.0027548319509167786,1436.9,515.24,5.641895835477563
-0.19789017078488375,-0.24844584932640928,0.003128887631467709,618.7209302325581,518.2015503875969,6.407961869245868
-0.15302835051546393,-0.2471599439495546,0.003837036905076152,710.5979381443299,520.8505154639175,7.858251581595959
0.22621452945402298,-0.24766209128445482,0.002569536183376096,1487.287356321839,519.816091954023,5.262410103554244
0.3257097271126761,-0.24304799671817312,0.005190501105496598,1691.0535211267606,529.3211267605634,10.630146264057032
-0.45573687130177515,-0.23561689741674807,0.006202961576892539,90.6508875739645,544.629191321499,12.70366530947592
0.48303787215763105,-0.23147706522715256,0.012152525171906917,2013.2615621788284,553.1572456320657,24.888371552065365
-0.34997871594551283,-0.24888909634055267,0.0034407840038798475,307.2435897435897,517.2884615384615,7.046725639945928
0.24331525618654826,-0.2441747572815534,0.0038665908993905903,1522.3096446700508,527.0,7.918778161951929
0.3466684626436781,-0.245109362794331,0.003633872919538875,1733.9770114942528,525.0747126436781,7.442171739215616
0.3384531478435673,-0.24254811786748426,0.003602410224144972,1717.1520467836258,530.3508771929825,7.377736139048903
0.4359577458079268,-0.24538834951456312,0.0024946064306397907,1916.841463414634,524.5,5.108953969950291
0.3046167676693925,-0.24169086289810365,0.004029971715344261,1647.8551401869158,532.1168224299065,8.253382073025046
0.4448699951171875,-0.24611650485436892,0.002203865560733423,1935.09375,523.0,4.51351666838205
-0.43401164836711714,-0.2437418000524797,0.0029023955582154993,135.14414414414415,527.8918918918919,5.944106103225343
-0.16898360906862747,-0.24210292531251987,0.0034075389343368734,677.9215686274509,531.2679738562091,6.978639737521917
-0.18189312024714827,-0.23705193990180512,0.004467586661117254,651.4828897338404,541.6730038022814,9.149617481968136
0.2154579254518072,-0.23567610246812493,0.007936593875566089,1465.2578313253011,544.5072289156626,16.25414425715935
0.3121446292833011,-0.2346140870412715,0.006269891005668462,1663.2722007722007,546.6949806949807,12.84073677960901
-0.0008370535714285476,-0.2432847896440129,0.002524845188391802,1022.2857142857143,528.8333333333334,5.170882945826411
0.2519637398097826,-0.24291895314478684,0.002642341982327153,1540.0217391304348,529.5869565217391,5.4115163798060095
0.42758984375,-0.2421825242718446,0.0030799957544191407,1899.704,531.104,6.3078313050504
-0.14210515037225707,-0.23587667772468573,0.00492028719265007,732.9686520376175,544.0940438871473,10.076748170547344
0.00555027952981646,-0.23805335352275764,0.004067460631596382,1035.366972477064,539.6100917431193,8.33015937350939
-0.38616723808453235,-0.23969406998672904,0.0032478989698158413,233.1294964028777,536.2302158273382,6.651697090182843
0.4605060270948753,-0.23863324637603206,0.00523418070674188,1967.1163434903046,538.4155124653739,10.71960208740737
0.2743422564338235,-0.23837806967447173,0.0027822438892641643,1585.8529411764705,538.9411764705883,5.698035485213008
0.25985440340909094,-0.2383164165931156,0.002584261439649037,1556.1818181818182,539.0681818181819,5.292567428401227
-0.3322862758757962,-0.23812689382227442,0.0034517945408342825,343.4777070063694,539.4585987261147,7.069275219628611
0.16443417677238803,-0.23569772496739605,0.0022549271345479443,1360.7611940298507,544.4626865671642,4.61809077155419
0.02305492912371132,-0.23779901911720547,0.00271319481524239,1071.2164948453608,540.1340206185567,5.556622981616415
0.17160373263888884,-0.23230852211434733,0.00309229119554059,1375.4444444444443,551.4444444444445,6.333012368467128
0.2503567351598174,-0.23424657534246573,0.004076778995771584,1536.730593607306,547.4520547945206,8.349243383340204
0.06648516414141414,-0.2355594782779249,0.0027410231825021154,1160.1616161616162,544.7474747474747,5.613615477764332
0.1951018602858744,-0.19754799947755675,0.00919882898620146,1423.5686098654708,623.0511210762331,18.83920176374059
0.23283948396381582,-0.2336963464486459,0.003396384930811547,1500.8552631578948,548.5855263157895,6.955796338302048
0.3320171378251445,-0.2280978169369774,0.005124283638632832,1703.971098265896,560.1184971098265,10.49453289192004
-0.2548872921444954,-0.23472432528725395,0.0028761289948111193,501.9908256880734,546.4678899082569,5.890312181373172
0.013905982448630172,-0.23363479186061975,0.002353729450635336,1052.4794520547946,548.7123287671233,4.820437914901168
0.42758037860576925,-0.23355862584017928,0.003140991690713226,1899.6846153846154,548.8692307692307,6.432750982580687
-0.16636456459832133,-0.22889339014225513,0.005625526033571653,683.2853717026379,558.4796163069544,11.521077316754745
0.18763070626195033,-0.194818448458297,0.008909656354411417,1408.2676864244743,628.6739961759082,18.246976213834582
0.029627719772196248,-0.23019236003992377,0.004029971715344261,1084.677570093458,555.803738317757,8.253382073025046
-0.4526409100053648,-0.22695945664402684,0.004205068471648855,96.99141630901288,562.4635193133047,8.611980229936854
-0.41883370535714287,-0.2307975034674064,0.0023048577731509512,166.22857142857143,554.5571428571428,4.720348719413148
0.2243526785714286,-0.22879334257975031,0.0036443001229503457,1483.4742857142858,558.6857142857143,7.463526651802308
0.44540364583333336,-0.2313948220064725,0.0033739663034310107,1936.1866666666667,553.3266666666667,6.90988298942671
-0.3985120985243056,-0.23139158576051777,0.0023375524242271444,207.84722222222223,553.3333333333334,4.787307364817192
0.00648328993055558,-0.22758899676375405,0.003695994905302969,1037.2777777777778,561.1666666666666,7.569397566060481
0.2575081168831169,-0.229309040474089,0.0024173552262544695,1551.3766233766235,557.6233766233767,4.950743503369154
0.26389973958333335,-0.2301359223300971,0.002385754452650976,1564.4666666666667,555.92,4.886025119029199
0.2027329612680958,-0.19790905356023097,0.0082553079723637,1439.1971046770602,622.3073496659242,16.906870727400857
-0.1466192593232044,-0.2242396609987663,0.003706247338050096,723.7237569060774,568.0662983425415,7.590394548326596
0.16465393926056338,-0.2250649528237385,0.0023212626618356403,1361.2112676056338,566.3661971830986,4.753945931439391
0.42550933786078093,-0.21919989450607413,0.006685790422096296,1895.4431239388794,578.4482173174873,13.692498784453214
-0.1731336373256972,-0.2183789115383128,0.004364474617323119,669.4223107569721,580.1394422310757,8.938444016277748
0.32545950930210443,-0.20516625967427476,0.01223343916542103,1690.5410750507099,607.357505070994,25.05408341078227
0.4459195523648649,-0.22327473104172135,0.002369796049782774,1937.2432432432433,570.0540540540541,4.853342309955121
0.1524299172794118,-0.22362221587664188,0.002271692622891249,1336.1764705882354,569.3382352941177,4.652426491681278
0.014608226102941213,-0.22394060536836097,0.002539829564384814,1053.9176470588236,568.6823529411764,5.201570947860099
0.21406139026988635,-0.22210944395410415,0.002584261439649037,1462.3977272727273,572.4545454545455,5.292567428401227
0.46440825591216217,-0.22203489897664652,0.0033513977136609852,1975.1081081081081,572.6081081081081,6.863662517577698
0.2744399889380531,-0.22168141592920354,0.0029284265327825625,1586.0530973451328,573.3362831858407,5.997417539138688
-0.45024797028186275,-0.21755663430420707,0.0027822438892641643,101.8921568627451,581.8333333333334,5.698035485213008
0.23152240953947367,-0.21714358712314763,0.002401606816096648,1498.157894736842,582.6842105263158,4.918490759365935
0.2739054568527919,-0.2086792173870189,0.00864596009221941,1584.9583756345178,600.1208121827411,17.706926268865352
0.2896484375,-0.21459029126213597,0.004355771767951102,1617.2,587.944,8.920620580763856
-0.1504111842105263,-0.21765457332652016,0.0026850780480094706,715.9578947368421,581.6315789473684,5.499039842323396
-0.2944886113556338,-0.21758512238479422,0.0023212626618356403,420.88732394366195,581.7746478873239,4.753945931439391
-0.1370059742647059,-0.21678564629735392,0.0027822438892641643,743.4117647058823,583.4215686274509,5.698035485213008
-0.484908845099234,-0.1958000919490494,0.007381716018551931,30.9066852367688,626.6518105849582,15.117754405994354
0.30352783203125,-0.21548730395817778,0.0039730751417267765,1645.625,586.0961538461538,8.136857890256438
-0.1783706202651515,-0.2143350985583995,0.0022380360567566117,658.6969696969697,588.469696969697,4.583497844237541
0.45072528213935226,-0.2054479453490477,0.008793913781855034,1947.0853778213934,606.7772325809617,18.00993542523911
0.48262746710526316,-0.21357945835462444,0.002941355631113453,2012.421052631579,590.0263157894736,6.023896332520351
0.2539009996639785,-0.20657427706441173,0.006507470541929411,1543.989247311828,604.4569892473119,13.327299669871433
0.2386197916666667,-0.21325566343042068,0.002385754452650976,1512.6933333333334,590.6933333333334,4.886025119029199
-0.4709674902921598,-0.20189004423507784,0.005064696919158814,59.4585798816568,614.1065088757397,10.37249929043725
0.45581958912037035,-0.2115426105717368,0.002479348755825101,1957.5185185185185,594.2222222222222,5.077706251929807
0.25498877131925646,-0.16681098643929992,0.02183280360091466,1546.2170036618372,686.3693679350422,44.71358177467322
0.015710779138513487,-0.21178168459721858,0.002369796049782774,1056.1756756756756,593.7297297297297,4.853342309955121
-0.44514139289529914,-0.20934777196913118,0.0029798063562950826,112.35042735042735,598.7435897435897,6.102643417692329
0.17707811361151604,-0.19796767528093068,0.005102020172130484,1386.6559766763849,622.1865889212828,10.448937312523231
0.16576959181201545,-0.2087039963874464,0.003128887631467709,1363.4961240310076,600.0697674418604,6.407961869245868
0.31527396537162167,-0.2068748360010496,0.0037469765536916693,1669.6810810810812,603.8378378378378,7.673807981960539
0.4332953559027778,-0.20700175296655876,0.0033057983411001347,1911.388888888889,603.5763888888889,6.770275002573076
0.2127758277979066,-0.18958616700279846,0.006865005846544341,1459.7648953301127,639.4524959742351,14.05953197372281
0.2374748461174242,-0.2044845122515025,0.005921286831373632,1510.3484848484848,608.7619047619048,12.126795430653198
0.21533942945075757,-0.20689908796704914,0.0022380360567566117,1465.0151515151515,603.7878787878788,4.583497844237541
0.3346406094217348,-0.19403536961929746,0.008724601065392803,1709.3439680957129,630.2871385842473,17.86798298192446
0.014230685763888862,-0.19785329018338726,0.003695994905302969,1053.1444444444444,622.4222222222222,7.569397566060481
0.2677025888480392,-0.20071387778412336,0.0027822438892641643,1572.2549019607843,616.5294117647059,5.698035485213008
0.3920496007898352,-0.1962765389949856,0.0037164714880624796,1826.9175824175825,625.6703296703297,7.611333607551958
0.26627752130681814,-0.1962709620476611,0.002889292125343358,1569.3363636363636,625.6818181818181,5.917270272703197
0.40062967936197913,-0.19531755663430417,0.0026991730427448086,1844.4895833333333,627.6458333333334,5.527906391541368
0.4151192280783582,-0.19609476887407623,0.0022549271345479443,1874.1641791044776,626.044776119403,4.61809077155419
0.4405229896496815,-0.19535279203512462,0.0034517945408342825,1926.1910828025477,627.5732484076433,7.069275219628611
0.4816530917553191,-0.19375387316670106,0.0037772352675268794,2010.4255319148936,630.8670212765958,7.735777827895049
0.24540732563405798,-0.18894224004502602,0.004576670564362894,1526.5942028985507,640.7789855072464,9.373021315815206
0.461942722486413,-0.1896886872097932,0.005908456292285063,1970.0586956521738,639.241304347826,12.100518486599809
0.49224406213061467,-0.19024535793798342,0.005665852901290319,2032.1158392434988,638.0945626477542,11.603666741842574
-0.45628925398284315,-0.19281838949171903,0.0027822438892641643,89.51960784313725,632.7941176470588,5.698035485213008
0.2759650735294118,-0.19389634494574526,0.002271692622891249,1589.1764705882354,630.5735294117648,4.652426491681278
0.2560099283854167,-0.19350728155339808,0.0030177672033061685,1548.3083333333334,631.375,6.180387232371033
0.42882582720588236,-0.192175899486008,0.0030051668676751406,1902.235294117647,634.1176470588235,6.154581744998688
0.3768710609243697,-0.18057946479562703,0.006010333735350281,1795.8319327731092,658.0063025210084,12.309163489997376
0.4425188510572139,-0.18894846157561707,0.0039056483644027418,1930.278606965174,640.7661691542288,7.998767850296815
0.36965696839080464,-0.18759625041848005,0.002569536183376096,1781.057471264368,643.551724137931,5.262410103554244
0.0029140625000000364,-0.1861864077669903,0.0030799957544191407,1029.968,646.456,6.3078313050504
0.4160719651442307,-0.1871685959671397,0.002809388374878707,1876.1153846153845,644.4326923076923,5.753627391751592
-0.03651438327814571,-0.18683212242011188,0.005863328305868392,949.2185430463576,645.1258278145696,12.008096370418468
0.40699554771505375,-0.18779622089988518,0.00265666372398663,1857.52688172043,643.1397849462365,5.440847306724618
-0.22985387731481483,-0.18586120100683207,0.0032008254802502315,553.2592592592592,647.1259259259259,6.555290583552474
-0.018173828125000013,-0.1866051779935275,0.0033739663034310107,986.78,645.5933333333334,6.90988298942671
-0.008777880486641243,-0.18465500629956277,0.0031530492847254145,1006.0229007633587,649.6106870229007,6.457444935117649
0.4325790946365248,-0.1843317496385044,0.003271181697748788,1909.9219858156027,650.2765957446809,6.699380116989518
0.45150930513211385,-0.1802202225905754,0.006831761070794299,1948.6910569105692,658.7463414634146,13.991446672986724
-0.2136452414772727,-0.1843966712898752,0.0024173552262544695,586.4545454545455,650.1428571428571,4.950743503369154
0.4956963117732558,-0.1839090840671333,0.003128887631467709,2039.1860465116279,651.1472868217054,6.407961869245868
0.22460254589160844,-0.18105098784710438,0.0032942998772489554,1483.986013986014,657.034965034965,6.746726148605861
-0.4482697517641129,-0.18385530848731602,0.003067651032379989,105.94354838709677,651.258064516129,6.282549314314218
-0.20721600506756754,-0.18276043033324585,0.002369796049782774,599.6216216216217,653.5135135135135,4.853342309955121
0.18446496902332365,-0.17450253332955928,0.005102020172130484,1401.7842565597668,670.5247813411079,10.448937312523231
0.42507595486111116,-0.18227855687402617,0.002479348755825101,1894.5555555555557,654.5061728395061,5.077706251929807
0.35814412434895837,-0.1813865291262136,0.0026991730427448086,1757.4791666666667,656.34375,5.527906391541368
0.32068516805730474,-0.1710303000660292,0.00776256701598563,1680.76322418136,677.6775818639799,15.89773724873857
0.4855707908163265,-0.17889340202100257,0.0027271444949316685,2018.4489795918366,661.4795918367347,5.585191925620057
-0.23797980230152704,-0.15255789692654953,0.02178582695986334,536.6173648864726,715.730732331308,44.61737361380012
0.30728331997863245,-0.1747448344535723,0.0029798063562950826,1653.3162393162393,670.025641025641,6.102643417692329
0.33395038073575944,-0.16761705788374098,0.006925540135732743,1707.9303797468353,684.7088607594936,14.183506197980657
0.4965602086243017,-0.17511796930086238,0.0036857139538015674,2040.95530726257,669.2569832402235,7.54834217738561
-0.01492745535714285,-0.17670673447372476,0.0021865800737702074,993.4285714285714,665.984126984127,4.478115991081385
0.36260742187499995,-0.17409223300970872,0.0027548319509167786,1766.62,671.37,5.641895835477563
0.35401211265756305,-0.1729011993146773,0.0030051668676751406,1749.0168067226891,673.8235294117648,6.154581744998688
0.0019960508241758657,-0.1727408513816281,0.0026279421912954386,1028.0879120879122,674.1538461538462,5.382025607773058
0.4183175223214286,-0.17206811527199878,0.0021865800737702074,1880.7142857142858,675.5396825396825,4.478115991081385
0.3901522197420635,-0.17164432115888428,0.0021865800737702074,1823.031746031746,676.4126984126984,4.478115991081385
0.46236478365384615,-0.16952949962658703,0.005618776749757414,1970.923076923077,680.7692307692307,11.507254783503184
-0.21143798828125,-0.16695388349514562,0.003895920707045241,590.975,686.075,7.978845608028654
-0.2908768503289474,-0.16877874297393974,0.0026850780480094706,428.2842105263158,682.3157894736842,5.499039842323396
0.48970924233490565,-0.16862978567503206,0.004011095865835037,2026.9245283018868,682.622641509434,8.214724333230155
0.43646162974683544,-0.16721150301093768,0.0024485481966781126,1917.873417721519,685.5443037974684,5.014626706796775
-0.19532419535928142,-0.16135835125864778,0.005034639105221455,623.9760479041917,697.6017964071856,10.31094088749354
0.40635731456043955,-0.1667289021657954,0.0026279421912954386,1856.2197802197802,686.5384615384615,5.382025607773058
-0.277445211038961,-0.16516202244357586,0.0024173552262544695,455.7922077922078,689.7662337662338,4.950743503369154
0.06455078125000002,-0.16405339805825248,0.0027548319509167786,1156.2,692.05,5.641895835477563
0.3744380431767751,-0.15724564830240706,0.005064696919158814,1790.8491124260354,706.0739644970414,10.37249929043725
-0.1870707057466443,-0.15774418453117872,0.00475557727850363,640.8791946308725,705.0469798657718,9.739422266375435
0.3326218906192594,-0.11420142940966999,0.04978706198188848,1705.2096319882432,794.7450554160798,101.96390293890761
0.42089103929924243,-0.16407031479847012,0.0022380360567566117,1885.9848484848485,692.0151515151515,4.583497844237541
-0.30594758064516125,-0.16287712704875246,0.00265666372398663,397.4193548387097,694.4731182795699,5.440847306724618
0.4823392427884615,-0.1623935772964899,0.003140991690713226,2011.8307692307692,695.4692307692308,6.432750982580687
0.4467653245192308,-0.15444510828976848,0.0049663439271584705,1938.9753846153847,711.843076923077,10.171072362820547
-0.15535394147459625,-0.14687210077225632,0.01061951092546113,705.8351278600269,727.443472409152,21.748758375344394
-0.005238970588235303,-0.160862364363221,0.002539829564384814,1013.2705882352941,698.6235294117647,5.201570947860099
0.044544247414568305,-0.1564695816162604,0.004593222772331167,1115.226618705036,707.6726618705036,9.40692023773423
0.05487060546875,-0.16139259708737863,0.002203865560733423,1136.375,697.53125,4.51351666838205
0.4396449497767857,-0.16107258437355526,0.002524845188391802,1924.392857142857,698.1904761904761,5.170882945826411
-0.0894357341609589,-0.16139779225960899,0.002353729450635336,840.8356164383562,697.5205479452055,4.820437914901168
0.49715169270833337,-0.16162559123724168,0.0024330017017416402,2042.1666666666667,697.0512820512821,4.982787485166879
0.214812247983871,-0.15987055016181234,0.00265666372398663,1463.9354838709678,700.6666666666666,5.440847306724618
0.459326447740113,-0.15694421589600127,0.003665065533887729,1964.7005649717514,706.6949152542373,7.506054213402069
0.05905562367444328,-0.1376450390717499,0.011963712158320932,1144.9459172852598,746.4512195121952,24.50168250024127
0.4910802165354331,-0.14715923859032187,0.00694195787541086,2029.732283464567,726.851968503937,14.21712972884144
0.435089111328125,-0.15506674757281552,0.003116736565636193,1915.0625,710.5625,6.383076486422923
-0.34545375279017854,-0.1455475034674064,0.010307637318468633,316.5107142857143,730.1721428571428,21.11004122822376
0.19763695265718562,-0.1518661705714784,0.0035600274521290633,1428.7604790419161,717.1556886227545,7.2909362219603215
0.2058530061141305,-0.15550865344027015,0.002642341982327153,1445.5869565217392,709.6521739130435,5.4115163798060095
-0.46998729520631066,-0.15334150249787915,0.002795849074990584,61.46601941747573,714.1165048543689,5.725898905580716
-0.10127981085526316,-0.15210526315789474,0.0026850780480094706,816.578947368421,716.6631578947369,5.499039842323396
0.15637600806451613,-0.15227581167136445,0.00265666372398663,1344.258064516129,716.3118279569892,5.440847306724618
0.3882663892663043,-0.15177712114816377,0.0041779095106190935,1819.1695652173912,717.3391304347826,8.556358677747903
-0.12662134415064102,-0.14987552900174256,0.0024330017017416402,764.6794871794872,721.2564102564103,4.982787485166879
0.4623076340247845,-0.14775485436893204,0.004196035016593321,1970.8060344827586,725.625,8.593479713983122
-0.13529947916666668,-0.14818770226537215,0.002385754452650976,746.9066666666666,724.7333333333333,4.886025119029199
-0.42398516121557206,-0.12313525039767426,0.02317990972173252,155.67838983050848,776.341384180791,47.4724551101082
-0.40045166015625,-0.14706209546925564,0.0026991730427448086,203.875,727.0520833333334,5.527906391541368
0.16150919596354163,-0.14647046925566343,0.0033057983411001347,1354.7708333333333,728.2708333333334,6.770275002573076
0.4735444096340947,-0.1388439866607527,0.006697131889827943,1993.818950930626,743.9813874788495,13.715726110367628
-0.11880770596590912,-0.14362680200058842,0.0031650609445452024,780.6818181818181,734.1287878787879,6.4820448144285745
0.1772286551339286,-0.14658460471567264,0.002524845188391802,1386.9642857142858,728.0357142857143,5.170882945826411
-0.4977156432748538,-0.13853119854652812,0.003602410224144972,4.678362573099415,744.625730994152,7.377736139048903
-0.10981445312499999,-0.14207524271844657,0.0030177672033061685,799.1,737.325,6.180387232371033
-0.37728013904816515,-0.14534158724503432,0.0028761289948111193,251.3302752293578,730.5963302752293,5.890312181373172
-0.1987212558962264,-0.14487543506136652,0.0028362730867212806,617.0188679245283,731.5566037735849,5.808687281605183
0.21431437577351486,-0.1441723541286168,0.003915351853555403,1462.9158415841584,733.0049504950495,8.018640596081465
0.224365234375,-0.14279083631408618,0.002941355631113453,1483.5,735.8508771929825,6.023896332520351
0.1989481362951807,-0.1414171248099193,0.0035493526831148563,1431.44578313253,738.6807228915662,7.269074295019226
0.44860309103260865,-0.14049327624675872,0.0034954898820115377,1942.7391304347825,740.583850931677,7.158763278359629
0.035452254695595875,-0.13843000150913026,0.003827134857845808,1096.6062176165804,744.8341968911917,7.837972188868215
-0.47598323466614906,-0.13902792015919918,0.0034954898820115377,49.18633540372671,743.6024844720497,7.158763278359629
0.02492725605867352,-0.14181692094313453,0.0027271444949316685,1075.0510204081634,737.8571428571429,5.585191925620057
-0.18622622282608697,-0.14107218235542424,0.0029542281461425314,642.6086956521739,739.3913043478261,6.050259243299904
-0.20794677734375,-0.14060814455231935,0.0023375524242271444,598.125,740.3472222222222,4.787307364817192
0.1740432997881356,-0.13881438209642916,0.0029925134772953816,1380.4406779661017,744.042372881356,6.128667601500942
-0.29739200367647056,-0.13844152547750493,0.0034075389343368734,414.94117647058823,744.8104575163399,6.978639737521917
0.15782674153645837,-0.1396794093851133,0.0026991730427448086,1347.2291666666667,742.2604166666666,5.527906391541368
0.20938469381893388,-0.13268667904054826,0.004543385245782498,1452.8198529411766,756.6654411764706,9.304852983362556
0.41238208527260634,-0.13869035323280315,0.0037772352675268794,1868.5585106382978,744.2978723404256,7.735777827895049
0.4955352965943114,-0.1372943433521307,0.0035600274521290633,2038.8562874251497,747.1736526946107,7.2909362219603215
-0.17660780760188088,-0.13334601454788936,0.00492028719265007,662.307210031348,755.307210031348,10.076748170547344
0.43067473531420764,-0.137166427927211,0.003726667588122029,1906.0218579234972,747.4371584699453,7.632215220473915
-0.33329686578714623,-0.13394394577761493,0.005672546173442561,341.4080188679245,754.0754716981132,11.617374563210365
0.4568854944029851,-0.136980147804666,0.0022549271345479443,1959.7014925373135,747.820895522388,4.61809077155419
-0.27474144878223494,-0.12639858680835675,0.0051464507946247665,461.3295128939828,769.6189111747851,10.539931227391522
-0.2827172790679551,-0.12466527855119486,0.005516546682658065,444.99501246882795,773.1895261845386,11.297887606083718
-0.19725144255705396,-0.1357370180880635,0.004276649246487089,620.0290456431535,750.3817427385892,8.758577656805558
-0.062410053453947345,-0.13563490035769032,0.002401606816096648,896.1842105263158,750.5921052631579,4.918490759365935
0.22360114020270272,-0.13540278142219891,0.0037469765536916693,1481.9351351351352,751.0702702702703,7.673807981960539
-0.25994084554425834,-0.13153713940632694,0.003982614351476323,491.64114832535887,759.0334928229665,8.156394191823509
0.024712861473880632,-0.1338791479495725,0.003188948535840804,1074.6119402985075,754.2089552238806,6.530966601401967
0.462758529589372,-0.13239060081609677,0.00396351297349073,1971.729468599034,757.2753623188406,8.117274569709014
-0.2666848104508197,-0.12587139901321026,0.004811107168549193,477.8295081967213,770.7049180327868,9.853147481188747
-0.3672417534722222,-0.1317075050084759,0.00309229119554059,271.8888888888889,758.6825396825396,6.333012368467128
-0.1665904371044304,-0.13346442177706774,0.0024485481966781126,682.8227848101266,755.0632911392405,5.014626706796775
0.4499986436631944,-0.12958131067961165,0.0033057983411001347,1945.5972222222222,763.0625,6.770275002573076
0.1902271027260638,-0.13187874406114442,0.0026709086718052395,1413.5851063829787,758.3297872340426,5.4700209598571305
0.24391410277061853,-0.1321939745771194,0.00271319481524239,1523.5360824742268,757.680412371134,5.556622981616415
0.4428488991477273,-0.13231097381582818,0.0022380360567566117,1930.9545454545455,757.439393939394,4.583497844237541
-0.37896484375,-0.13031516056758774,0.0049663439271584705,247.88,761.5507692307692,10.171072362820547
-0.07775437688253012,-0.13190431629430344,0.0025097713510531822,864.7590361445783,758.277108433735,5.140011726956917
0.41729134573063376,-0.13115513469164503,0.0046425253236712805,1878.612676056338,759.8204225352113,9.507891862878783
-0.1591312321087786,-0.13120136367005114,0.0031530492847254145,698.0992366412214,759.7251908396946,6.457444935117649
-0.11897659301757812,-0.1282918689320388,0.003116736565636193,780.3359375,765.71875,6.383076486422923
0.18145049778761058,-0.1306211873872326,0.0029284265327825625,1395.6106194690265,760.9203539823009,5.997417539138688
0.23551432291666663,-0.1306537216828479,0.002385754452650976,1506.3333333333333,760.8533333333334,4.886025119029199
0.432128414030998,-0.12001448481052301,0.008676627389239215,1908.998991935484,782.7701612903226,17.769732893161912
0.16081938872466217,-0.1289818945158751,0.0033513977136609852,1353.3581081081081,764.2972972972973,6.863662517577698
0.47502230420524694,-0.12387480522593791,0.004958697511650202,1996.8456790123457,774.8179012345679,10.155412503859614
0.48686936322380514,-0.11713574386065106,0.009086770491564996,2021.108455882353,788.7003676470588,18.609705966725112
-0.1483832465277778,-0.12622437971952538,0.0032008254802502315,720.1111111111111,769.9777777777778,6.555290583552474
-0.13686523437499998,-0.12932038834951454,0.0021338836535001546,743.7,763.6,4.370193722368317
-0.09504500679347827,-0.1289362600253271,0.002288335282181447,829.3478260869565,764.3913043478261,4.686510657907603
-0.24875057444852944,-0.12763420902341516,0.002271692622891249,514.5588235294117,767.0735294117648,4.652426491681278
-0.316419099506579,-0.1279062340316811,0.002401606816096648,375.9736842105263,766.5131578947369,4.918490759365935
-0.18953776041666665,-0.12792880258899675,0.002385754452650976,635.8266666666667,766.4666666666667,4.886025119029199
0.24806927322247707,-0.1255455598111695,0.004981601548134863,1532.045871559633,771.3761467889908,10.202319970580199
0.19720362103174605,-0.12602866389274153,0.0021865800737702074,1427.873015873016,770.3809523809524,4.478115991081385
-0.2003790742607527,-0.12620837248146988,0.00265666372398663,613.6236559139785,770.010752688172,5.440847306724618
-0.08483417217548078,-0.12541075429424942,0.002809388374878707,850.2596153846154,771.6538461538462,5.753627391751592
0.038466848003926746,-0.1226122096274081,0.0038072535033252795,1102.780104712042,777.4188481675393,7.797255174810172
0.23669134238760214,-0.115982381418481,0.005277498802983895,1508.7438692098092,791.0762942779292,10.808317548511017
0.12840104733337365,-0.07029655155145753,0.048519465515719166,1286.9653449387492,885.1891038039975,99.36786537619285
0.18497274210164838,-0.1236317080977275,0.0026279421912954386,1402.8241758241759,775.3186813186813,5.382025607773058
0.22551482858009708,-0.12033179376001507,0.002795849074990584,1485.8543689320388,782.1165048543689,5.725898905580716
-0.16720755109315588,-0.11808852301672262,0.004467586661117254,681.5589353612168,786.7376425855514,9.149617481968136
-0.2307068690271239,-0.06486731073214291,0.04647590106196053,551.5123322324503,896.3733398917856,95.18264537489516
0.21415122038398693,-0.12045180531759625,0.0034075389343368734,1462.5816993464052,781.8692810457517,6.978639737521917
-0.2564735019329897,-0.12098388549694722,0.00271319481524239,498.74226804123714,780.7731958762887,5.556622981616415
-0.2411978292785235,-0.12038183358311072,0.003362700942086584,530.0268456375838,782.0134228187919,6.886811529393324
0.4619670086596386,-0.12187390338051235,0.0025097713510531822,1970.1084337349398,778.9397590361446,5.140011726956917
-0.33271941246345027,-0.11988304093567254,0.003602410224144972,342.5906432748538,783.0409356725146,7.377736139048903
-0.1549538832444411,-0.07949554238237488,0.015892300566907106,706.6544471153846,866.2391826923077,32.54743156102575
-0.11371851679104478,-0.1210839008839299,0.0022549271345479443,791.1044776119403,780.5671641791045,4.61809077155419
0.01880963080752207,-0.11836068390755217,0.0029284265327825625,1062.5221238938052,786.1769911504425,5.997417539138688
0.19907602163461535,-0.12088125466766242,0.002221016524153921,1431.7076923076922,780.9846153846154,4.54864184146723
-0.15099402947154472,-0.11767700686715604,0.003055256432066561,714.7642276422764,787.5853658536586,6.257165172872317
-0.22898780906593408,-0.11778779472954226,0.0037164714880624796,555.032967032967,787.3571428571429,7.611333607551958
0.054455479831560294,-0.11458720650003446,0.003271181697748788,1135.5248226950355,793.950354609929,6.699380116989518
-0.29219990935773477,-0.1154106098803841,0.003706247338050096,425.57458563535914,792.2541436464088,7.590394548326596
-0.09585032743566174,-0.11584451741861795,0.0032126585168357133,827.6985294117648,791.3602941176471,6.579524642479541
0.2575240734011628,-0.11550011289230078,0.004039376562942935,1551.4093023255814,792.0697674418604,8.272643200907131
-0.3530388327205882,-0.11692175899486007,0.002539829564384814,300.9764705882353,789.1411764705882,5.201570947860099
0.4496349897540983,-0.11727677860894475,0.0021515925351825067,1944.8524590163934,788.4098360655738,4.406461512053774
-0.33831070188492063,-0.11038372630605642,0.004889341683196689,331.13968253968255,802.6095238095238,10.013371767186818
0.24988367815096957,-0.11054245219589598,0.00523418070674188,1535.7617728531857,802.2825484764543,10.71960208740737
-0.46197509765625,-0.1127110595187843,0.003736835867834869,77.875,797.8152173913044,7.653039857325812
0.06443684895833335,-0.11290183387270764,0.002613463060770661,1155.9666666666667,797.4222222222222,5.352372348458314
0.08285580041273588,-0.11031553398058253,0.004011095865835037,1193.688679245283,802.75,8.214724333230155
0.14309016047297296,-0.11324586722644975,0.0037469765536916693,1317.0486486486486,796.7135135135135,7.673807981960539
-0.36949790396341464,-0.11536822164338145,0.0024946064306397907,267.2682926829268,792.3414634146342,5.108953969950291
-0.12220468962874659,-0.10978280997857198,0.005277498802983895,773.724795640327,803.8474114441417,10.808317548511017
-0.057817673841059625,-0.11401015881180482,0.0033851941757402685,905.5894039735099,795.1390728476821,6.93287767191607
0.04714860587284486,-0.1121484767325075,0.002967044814329345,1120.5603448275863,798.9741379310345,6.076507779746499
-0.3798440600198413,-0.11091847742333177,0.00309229119554059,246.0793650793651,801.5079365079365,6.333012368467128
0.07372602982954546,-0.11133715798764343,0.002889292125343358,1174.990909090909,800.6454545454545,5.917270272703197
-0.30815067997685186,-0.11217637540453074,0.002862905343181171,392.9074074074074,798.9166666666666,5.863230142835039
0.21593724300986838,-0.10915942769545223,0.005370156096018941,1466.2394736842105,805.1315789473684,10.998079684646791
0.0029680524553571397,-0.11053398058252428,0.0032595611221311258,1030.0785714285714,802.3,6.6755811781245455
0.039908854166666674,-0.11145631067961165,0.0021338836535001546,1105.7333333333333,800.4,4.370193722368317
-0.14695465870392627,-0.10394495270102067,0.006881568007759695,723.036858974359,815.8733974358975,14.093451279891855
0.42357867697010865,-0.11041578725200502,0.002642341982327153,1891.4891304347825,802.5434782608696,5.4115163798060095
-0.10602063630756581,-0.09534874808380178,0.007594547583050539,806.8697368421052,833.5815789473684,15.553633450087505
-0.3515043712797619,-0.10886500231160429,0.002524845188391802,304.1190476190476,805.7380952380952,5.170882945826411
-0.323028564453125,-0.10808969549867609,0.0036546975766694875,362.4375,807.3352272727273,7.48482063701911
-0.48583824805964054,-0.10155625356938897,0.00481898777525357,29.00326797385621,820.7941176470588,9.869286963719311
-0.05169206373762375,-0.10604344900509466,0.0061907148490985536,918.1346534653466,811.550495049505,12.678584010953838
-0.2769413203983516,-0.1075749493225221,0.0026279421912954386,456.8241758241758,808.3956043956044,5.382025607773058
-0.37270257411858976,-0.10664675130694551,0.0024330017017416402,260.70512820512823,810.3076923076923,4.982787485166879
-0.2684496807795699,-0.1071145213487838,0.00265666372398663,474.21505376344084,809.3440860215054,5.440847306724618
-0.28840188419117646,-0.10673900628212452,0.0027822438892641643,433.3529411764706,810.1176470588235,5.698035485213008
-0.10164022640306125,-0.10373687339013277,0.004311994056186797,815.8408163265306,816.3020408163266,8.83096382707056
0.4320852519660596,-0.10013180736835336,0.006770388351480537,1908.91059602649,823.7284768211921,13.86575534383214
-0.388671875,-0.10325853148072783,0.0035600274521290633,228.0,817.2874251497007,7.2909362219603215
0.41444582359813087,-0.10405135650122493,0.0028496203279099095,1872.785046728972,815.6542056074767,5.836022431559495
0.45609254474881333,-0.09395047314735161,0.006925540135732743,1958.0775316455697,836.4620253164557,14.183506197980657
0.4956967362733645,-0.10279466473096815,0.0028496203279099095,2039.1869158878505,818.2429906542056,5.836022431559495
-0.3664009712837838,-0.10233009708737861,0.0037469765536916693,273.6108108108108,819.2,7.673807981960539
0.2650918193247126,-0.10371052337908715,0.002569536183376096,1566.9080459770114,816.3563218390805,5.262410103554244
0.05895813899253732,-0.09927908998695845,0.003188948535840804,1144.7462686567164,825.4850746268656,6.530966601401967
0.05175063189338236,-0.10140633923472303,0.002271692622891249,1129.985294117647,821.1029411764706,4.652426491681278
0.23809523809523814,-0.10106333795654182,0.0021865800737702074,1511.6190476190477,821.8095238095239,4.478115991081385
-0.33263578869047616,-0.0991138850362151,0.0021865800737702074,342.76190476190476,825.8253968253969,4.478115991081385
0.025875491695804165,-0.09546812410890082,0.0032942998772489554,1076.993006993007,833.3356643356643,6.746726148605861
0.044156376008064546,-0.09704979642968992,0.0034297381198245317,1114.4322580645162,830.0774193548388,7.024103669400641
0.47754518131265666,-0.0968829841594277,0.00550277251214239,2002.0125313283208,830.421052631579,11.269678104867614
-0.34332762174079756,-0.09615224253975818,0.003517133989031534,320.86503067484665,831.9263803680982,7.203090409536582
-0.28372012867647056,-0.09750754670800355,0.0030051668676751406,442.94117647058823,829.1344537815127,6.154581744998688
-0.26591796875,-0.09792880258899678,0.0021338836535001546,479.4,828.2666666666667,4.370193722368317
-0.27302203262061403,-0.09623999318685067,0.002941355631113453,464.85087719298247,831.7456140350877,6.023896332520351
0.2510674055232558,-0.09712124633100022,0.002554726053200435,1538.1860465116279,829.9302325581396,5.232078956954491
-0.4615866268382353,-0.09665905197030267,0.002539829564384814,78.67058823529412,830.8823529411765,5.201570947860099
-0.08414650699806953,-0.07606542596322874,0.019325101956215954,851.6679536679536,873.3052225157488,39.577808806330275
0.26653804623983735,-0.09517720419922648,0.003055256432066561,1569.8699186991869,833.9349593495934,6.257165172872317
0.23088557545731703,-0.09508248480543058,0.003055256432066561,1496.8536585365853,834.130081300813,6.257165172872317
0.41454736669580416,-0.0953696788648245,0.0032942998772489554,1872.993006993007,833.5384615384615,6.746726148605861
-0.47386791087962965,-0.09492988133764835,0.002479348755825101,53.51851851851852,834.4444444444445,5.077706251929807
0.01008064516129037,-0.09314124647666772,0.0021691568473098037,1044.6451612903227,838.1290322580645,4.442433223290478
-0.2993282195060484,-0.09223692452239274,0.003067651032379989,410.9758064516129,839.991935483871,6.282549314314218
0.3981359145220589,-0.09231867504283264,0.002271692622891249,1839.3823529411766,839.8235294117648,4.652426491681278
0.032545675442913424,-0.08995871875238898,0.0031045379412717395,1090.6535433070867,844.6850393700787,6.358093703724522
0.244140625,-0.09188373194411553,0.0024946064306397907,1524.0,840.719512195122,5.108953969950291
0.4353204257246377,-0.09187420852680456,0.002288335282181447,1915.536231884058,840.7391304347826,4.686510657907603
0.3745876736111111,-0.0919471413160734,0.002613463060770661,1791.1555555555556,840.5888888888888,5.352372348458314
0.46070933119158874,-0.09096270755829783,0.0028496203279099095,1967.5327102803737,842.6168224299065,5.836022431559495
-0.47576359102668847,-0.08140110413097273,0.008346731667792493,49.63616557734205,862.3137254901961,17.094106455639025
-0.3820558257450331,-0.09012730662894619,0.0033851941757402685,241.5496688741722,844.3377483443709,6.93287767191607
0.21090454850460127,-0.08891238310798733,0.003517133989031534,1455.9325153374234,846.8404907975461,7.203090409536582
-0.4376953125,-0.0902515445719329,0.002889292125343358,127.6,844.0818181818182,5.917270272703197
-0.02044677734375,-0.08890237324703343,0.0023375524242271444,982.125,846.8611111111111,4.787307364817192
-0.456158447265625,-0.08926577669902913,0.002463996603535313,89.7875,846.1125,5.046265044040321
0.2884254455566406,-0.087621359223301,0.003116736565636193,1614.6953125,849.5,6.383076486422923
0.047160719159388687,-0.08648408021367704,0.00416881720493278,1120.585152838428,851.8427947598253,8.537737635702333
0.05780000370260663,-0.08233561864445776,0.004001624551871528,1142.3744075829384,860.388625592417,8.19532708223289
0.22336351799242427,-0.08709326272433066,0.0035386457124663823,1481.448484848485,850.5878787878788,7.247146419131151
0.40055338541666663,-0.08389878729684552,0.004551729394677589,1844.3333333333333,857.1684981684982,9.321941800299703
0.47042083740234375,-0.08853913834951455,0.002203865560733423,1987.421875,847.609375,4.51351666838205
-0.009038628472222199,-0.08526699029126211,0.003695994905302969,1005.4888888888889,854.35,7.569397566060481
0.2340324743470149,-0.08743660339081294,0.003188948535840804,1503.2985074626865,849.8805970149253,6.530966601401967
-0.28563678075396826,-0.08757897981198953,0.0021865800737702074,439.015873015873,849.5873015873016,4.478115991081385
-0.4220911244877049,-0.08555626293172053,0.003042811343955812,159.55737704918033,853.7540983606557,6.231677632421503
-0.36399887547348486,-0.08528243601059132,0.0022380360567566117,278.530303030303,854.3181818181819,4.583497844237541
0.49014871162280704,-0.08069091528468125,0.006898090403709964,2027.8245614035088,863.7767145135566,14.127289146798006
0.4428854549632353,-0.0831830790568655,0.004249947741460456,1931.0294117647059,858.6428571428571,8.703892974511014
0.4838303786057693,-0.08485343539955187,0.002809388374878707,2014.8846153846155,855.2019230769231,5.753627391751592
0.015958658854166696,-0.08546116504854367,0.0021338836535001546,1056.6833333333334,853.95,4.370193722368317
0.2960904582162921,-0.08455328897131015,0.0025989032646935575,1630.3932584269662,855.8202247191011,5.322553886092406
-0.3260397518382353,-0.08369503141062251,0.002539829564384814,356.2705882352941,857.5882352941177,5.201570947860099
-0.272216796875,-0.08033047050037345,0.0034407840038798475,466.5,864.5192307692307,7.046725639945928
0.4155053490990991,-0.08329397358523571,0.0029023955582154993,1874.954954954955,858.4144144144144,5.944106103225343
0.41999179594272074,-0.0772806265495748,0.00563900036672709,1884.143198090692,870.8019093078759,11.54867275105708
0.024169921875,-0.0824600228440891,0.0032126585168357133,1073.5,860.1323529411765,6.579524642479541
-0.036584654850746245,-0.08179973916823646,0.0022549271345479443,949.0746268656717,861.4925373134329,4.61809077155419
0.20844507929104472,-0.08220547746703372,0.0022549271345479443,1450.8955223880596,860.6567164179105,4.61809077155419
-0.3574363069581281,-0.0795040413219188,0.003925031353749629,291.9704433497537,866.2216748768473,8.03846421247924
0.035281159156976716,-0.0804922104312486,0.003128887631467709,1096.2558139534883,864.1860465116279,6.407961869245868
0.0007375539602102466,-0.07666112714656403,0.005027096570491478,1025.5105105105106,872.0780780780781,10.295493776366547
0.2725982666015625,-0.08194023058252425,0.002203865560733423,1582.28125,861.203125,4.51351666838205
0.2503449813179348,-0.08046644153651328,0.002642341982327153,1536.7065217391305,864.2391304347826,5.4115163798060095
-0.3385444253177966,-0.07865997476825187,0.003665065533887729,330.66101694915255,867.9604519774011,7.506054213402069
-0.1258816189236111,-0.07904980222941388,0.002862905343181171,766.1944444444445,867.1574074074074,5.863230142835039
0.2836109614463601,-0.0780344455603913,0.0044505672214940175,1604.8352490421455,869.2490421455939,9.114761669619748
-0.183349609375,-0.07833394394577758,0.0028362730867212806,648.5,868.6320754716982,5.808687281605183
-0.0206298828125,-0.07721567267683771,0.0032595611221311258,981.75,870.9357142857143,6.6755811781245455
-0.17537697412634407,-0.07744023384486898,0.00265666372398663,664.8279569892474,870.4731182795699,5.440847306724618
0.04606492473719814,-0.0029557623231988295,0.05229103553888026,1118.3409658617818,1023.9111296142104,107.09204078362677
0.20510360054347831,-0.07692697340650062,0.0029542281461425314,1444.0521739130436,871.5304347826087,6.050259243299904
-0.4491404161096257,-0.07524271844660196,0.003767176034574299,104.16042780748663,875.0,7.715176518808164
0.42094837535511365,-0.06994980141218005,0.005168522879298074,1886.1022727272727,885.9034090909091,10.585134856802455
-0.3247471639554794,-0.07473068227157864,0.002353729450635336,358.9178082191781,876.054794520548,4.820437914901168
-0.035886779312015504,-0.06959622187100173,0.004424915323563064,950.5038759689922,886.6317829457364,9.062226582657155
0.45459755345394737,-0.07396269800715377,0.0037972737915252697,1955.0157894736842,877.6368421052632,7.776816725043752
0.44192893716819504,-0.06510664617460732,0.008866964894817423,1929.0704633204634,895.8803088803089,18.159544104586082
-0.4157494802843348,-0.06621525896912372,0.004205068471648855,172.5450643776824,893.5965665236051,8.611980229936854
0.1800662602219626,-0.07169948280555305,0.0028496203279099095,1392.7757009345794,882.2990654205607,5.836022431559495
0.2376352163461538,-0.07352501867064976,0.002221016524153921,1510.676923076923,878.5384615384615,4.54864184146723
0.47237638147865857,-0.0714006630357566,0.003527906246993929,1991.4268292682927,882.9146341463414,7.225151993843567
0.484930419921875,-0.07291868932038836,0.002463996603535313,2017.1375,879.7875,5.046265044040321
-0.37805538366336633,-0.07184946650004809,0.0027685718463803435,249.74257425742573,881.990099009901,5.670035141386943
0.19795243818681318,-0.07145791102101784,0.0037164714880624796,1429.4065934065934,882.7967032967033,7.611333607551958
0.25471297554347827,-0.0702767894832057,0.0034954898820115377,1545.6521739130435,885.2298136645962,7.158763278359629
-0.3170084635416667,-0.07222491909385109,0.0021338836535001546,374.76666666666665,881.2166666666667,4.370193722368317
0.05098198784722219,-0.07163430420711975,0.002613463060770661,1128.411111111111,882.4333333333333,5.352372348458314
0.27038922991071423,-0.07233703190013868,0.0023048577731509512,1577.7571428571428,880.9857142857143,4.720348719413148
0.37823321368243246,-0.0714300708475466,0.0037469765536916693,1798.6216216216217,882.854054054054,7.673807981960539
0.49846629607371795,-0.06996514812048793,0.0024330017017416402,2044.8589743589744,885.8717948717949,4.982787485166879
-0.013776881720430123,-0.06875978703413715,0.003757089869126505,995.7849462365591,888.3548387096774,7.694520051971082
0.22760309938524592,-0.0693909491219693,0.003726667588122029,1490.1311475409836,887.0546448087432,7.632215220473915
0.40105778155940597,-0.071157358454292,0.0027685718463803435,1845.3663366336634,883.4158415841584,5.670035141386943
-0.4419888033725248,-0.06933336537537249,0.003915351853555403,118.8069306930693,887.1732673267327,8.018640596081465
-0.17727050781249998,-0.06993932038834955,0.002463996603535313,660.95,885.925,5.046265044040321
0.2826566083715596,-0.07058875924111518,0.0028761289948111193,1602.880733944954,884.5871559633027,5.890312181373172
-0.4289362980769231,-0.0691685337316405,0.0024330017017416402,145.53846153846155,887.5128205128206,4.982787485166879
0.03716077302631582,-0.0695963208993357,0.002401606816096648,1100.1052631578948,886.6315789473684,4.918490759365935
-0.4848798331567797,-0.06589188744446273,0.0029925134772953816,30.966101694915253,894.2627118644068,6.128667601500942
-0.39584483271059784,-0.06659587378640774,0.005284683964654306,213.30978260869566,892.8125,10.823032759612019
-0.13798828125,-0.06783552255853798,0.002539829564384814,741.4,890.2588235294118,5.201570947860099
-0.11521484375000002,-0.06777993527508092,0.002385754452650976,788.04,890.3733333333333,4.886025119029199
0.2945975687966418,-0.06838139400086946,0.003188948535840804,1627.3358208955224,889.1343283582089,6.530966601401967
0.38778525904605265,-0.06507835121785044,0.0050945773962173205,1818.1842105263158,895.938596491228,10.433694507453072
-0.46076131604381443,-0.06707036332699434,0.00271319481524239,80.36082474226804,891.8350515463917,5.556622981616415
0.019609091938405765,-0.06896018010412269,0.002288335282181447,1064.159420289855,887.9420289855072,4.686510657907603
0.24756599195075757,-0.06782141806413655,0.0022380360567566117,1531.0151515151515,890.2878787878788,4.583497844237541
0.36414843750000003,-0.06783689320388353,0.0030799957544191407,1769.776,890.256,6.3078313050504
0.4850455729166666,-0.06646601941747571,0.002385754452650976,2017.3733333333332,893.08,4.886025119029199
0.1750049032426778,-0.06239184303530082,0.004258866844117429,1382.4100418410042,901.4728033472803,8.722159296752494
0.2127384721868636,-0.061122535740414874,0.0061042998347032775,1459.6883910386966,904.0875763747454,12.501606061472312
0.47218389096467395,-0.06539415365132967,0.003736835867834869,1991.0326086956522,895.2880434782609,7.653039857325812
-0.4749456165793413,-0.06328411138887274,0.0035600274521290633,51.31137724550898,899.6347305389221,7.2909362219603215
-0.129345703125,-0.06221914008321777,0.0032595611221311258,759.1,901.8285714285714,6.6755811781245455
-0.042753520764802655,-0.06296627491057744,0.003396384930811547,936.4407894736842,900.2894736842105,6.955796338302048
0.3572639016544118,-0.06432038834951459,0.002271692622891249,1755.6764705882354,897.5,4.652426491681278
0.49356418185763884,-0.0641922869471413,0.0023375524242271444,2034.8194444444443,897.7638888888889,4.787307364817192
-0.10520391949152541,-0.059826668860731735,0.003665065533887729,808.542372881356,906.7570621468926,7.506054213402069
-0.4502076221113445,-0.06100799543118218,0.004249947741460456,101.97478991596638,904.3235294117648,8.703892974511014
-0.43777231069711536,-0.05789768483943236,0.004442033048307842,127.4423076923077,910.7307692307693,9.09728368293446
-0.17343183876811596,-0.06245954692556632,0.002288335282181447,668.8115942028985,901.3333333333334,4.686510657907603
-0.36377545127173855,0.01530303320827242,0.05259925816777107,278.98787579547945,1061.524248409041,107.72328072759515
0.28290172549460435,-0.05596214290703361,0.007262522880559759,1603.3827338129497,914.7179856115108,14.873646859386387
0.4217790442319652,-0.054733613485968224,0.005523420886798653,1887.8034825870648,917.2487562189054,11.311965976163641
0.4887948965097403,-0.057357205900895214,0.0024173552262544695,2025.051948051948,911.8441558441558,4.950743503369154
-0.05276338180693069,-0.054546765356147275,0.004795307102335532,915.940594059406,917.6336633663366,9.82078894558317
0.3778541732762267,-0.04214791451053834,0.021178190562404144,1797.8453468697123,943.175296108291,43.372934271803686
0.46735986594945356,-0.05831343837869385,0.003726667588122029,1981.1530054644809,909.8743169398907,7.632215220473915
0.4900029293420587,-0.03759826362296986,0.014647314802692619,2027.5259992925362,952.547576936682,29.997700715914483
0.4798828125,-0.05946316390633921,0.002539829564384814,2006.8,907.5058823529412,5.201570947860099
0.2304098909698642,-0.04885192938500338,0.006685790422096296,1495.8794567062819,929.365025466893,13.692498784453214
0.24791453709112155,-0.05682560566191813,0.004029971715344261,1531.728971962617,912.9392523364486,8.253382073025046
-0.13471174568965516,-0.053367927686642114,0.0033172569485643284,748.1103448275862,920.0620689655173,6.793742230659745
-0.1767541481003752,-0.04971584181861233,0.006360023434283169,662.0075046904316,927.5853658536586,13.02532799341193
-0.46964420180722893,-0.056246344601707854,0.0025097713510531822,62.16867469879518,914.1325301204819,5.140011726956917
0.05839926509533899,-0.05503949317097251,0.0029925134772953816,1143.6016949152543,916.6186440677966,6.128667601500942
-0.4790852864583333,-0.05297242155621218,0.003236194791317866,42.833333333333336,920.8768115942029,6.627726932618989
0.3228691948784722,-0.052312567421790745,0.004675104848454289,1685.236111111111,922.2361111111111,9.574614729634384
-0.4965576171875,-0.055016181229773475,0.0021338836535001546,7.05,916.6666666666666,4.370193722368317
-0.4877612621753247,-0.05411675702937835,0.0024173552262544695,25.064935064935064,918.5194805194806,4.950743503369154
-0.1435090209082734,-0.05228399804428302,0.0032478989698158413,730.0935251798561,922.294964028777,6.651697090182843
0.16983713197314054,-0.05347027200513521,0.0030303151460084566,1371.8264462809918,919.8512396694215,6.206085419025319
-0.11387665417729592,-0.05159748365365563,0.0038567647312834903,790.780612244898,923.7091836734694,7.898654169668588
-0.0396166169241573,-0.05205628886222319,0.0025989032646935575,942.8651685393259,922.7640449438202,5.322553886092406
-0.12459976946721313,-0.05234760464746141,0.003042811343955812,768.8196721311475,922.1639344262295,6.231677632421503
-0.4615332561990489,-0.04623258758970028,0.005284683964654306,78.77989130434783,934.7608695652174,10.823032759612019
-0.4096773814006024,-0.048369399929816315,0.005612019348936403,184.98072289156627,930.3590361445783,11.493415626621754
0.4503189280063291,-0.052092294457416755,0.0034627700678663714,1946.253164556962,922.6898734177215,7.091753098990329
-0.07310830393145162,-0.05179298465393051,0.0021691568473098037,874.2741935483871,923.3064516129032,4.442433223290478
0.1922563825334821,-0.05007584951456312,0.004123054927387453,1417.7410714285713,926.84375,8.444016491289505
0.25244140625,-0.04975376389475161,0.003236194791317866,1541.0,927.5072463768116,6.627726932618989
0.3356905450738472,-0.04594932990123385,0.007257296163164082,1711.494236311239,935.3443804034582,14.86294254216004
0.2643702307412791,-0.04931700158049218,0.002554726053200435,1565.4302325581396,928.4069767441861,5.232078956954491
-0.44587455035971224,-0.04888244744010617,0.0032478989698158413,110.84892086330935,929.3021582733813,6.651697090182843
-0.47284874549278844,-0.04727875280059746,0.002809388374878707,55.60576923076923,932.6057692307693,5.753627391751592
-0.1646644650524809,-0.04113799748017488,0.004459085061289468,686.7671755725191,945.2557251908397,9.13220620552083
0.096099853515625,-0.046959951456310656,0.002463996603535313,1220.8125,933.2625,5.046265044040321
-0.09711038028152325,0.020887280032633182,0.05659084660824065,825.1179411834404,1073.0277968672244,115.89805385367686
0.1962734124599359,-0.018218335961054433,0.02308148078570772,1425.9679487179487,992.4702279202279,47.27087264912941
0.4372231619698661,-0.04340759361997226,0.004123054927387453,1919.4330357142858,940.5803571428571,8.444016491289505
0.4518924453883495,-0.04662550664530113,0.0039539276801999566,1949.4757281553398,933.9514563106796,8.097643889049511
0.05636994735054346,-0.046696918531025755,0.002642341982327153,1139.445652173913,933.804347826087,5.4115163798060095
-0.41952164446721313,-0.046204042654782784,0.0021515925351825067,164.81967213114754,934.8196721311475,4.406461512053774
-0.28566459760273977,-0.04610985503391407,0.002353729450635336,438.958904109589,935.013698630137,4.820437914901168
-0.17130608514908258,-0.04417921083103232,0.0028761289948111193,673.1651376146789,938.9908256880734,5.890312181373172
-0.4347664841458944,-0.04043931327050648,0.005087123731075403,133.5982404692082,946.6950146627566,10.418429401242426
-0.12817699878246752,-0.044653889799520896,0.0024173552262544695,761.4935064935065,938.012987012987,4.950743503369154
-0.11995030656645572,-0.04464790463315721,0.0024485481966781126,778.3417721518987,938.0253164556962,5.014626706796775
-0.04181427125506071,-0.04291891042018792,0.00432955825947014,938.3643724696357,941.5870445344129,8.866935315394846
0.18699127906976742,-0.0406389704222172,0.004039376562942935,1406.9581395348837,946.2837209302326,8.272643200907131
-0.1543331229530568,-0.03258150676219951,0.007220603206410851,707.9257641921397,962.882096069869,14.787795366729423
-0.0573409880050505,-0.04308620182406592,0.0027410231825021154,906.5656565656566,941.2424242424242,5.613615477764332
-0.3958950700431034,-0.03871219729940856,0.0044505672214940175,213.20689655172413,950.2528735632184,9.114761669619748
0.46157364106514087,-0.04079037330780799,0.0032827611381982336,1969.3028169014085,945.9718309859155,6.723094811029982
0.28747829861111107,-0.03970334412081983,0.002613463060770661,1612.7555555555555,948.2111111111111,5.352372348458314
0.44690958658854163,-0.039952467637540456,0.0026991730427448086,1939.2708333333333,947.6979166666666,5.527906391541368
-0.07350068933823528,-0.037753936526066734,0.0030051668676751406,873.4705882352941,952.2268907563025,6.154581744998688
0.2545668658088235,-0.038670759565962276,0.002271692622891249,1545.3529411764705,950.3382352941177,4.652426491681278
-0.42078429383116883,-0.03791451267179424,0.0024173552262544695,162.23376623376623,951.8961038961039,4.950743503369154
-0.17839426974372385,-0.012671121582646161,0.008517733688234858,658.6485355648535,1003.8974895397489,17.44431859350499
0.07314143105158732,-0.03653105255047007,0.0021865800737702074,1173.7936507936508,954.7460317460317,4.478115991081385
0.09496023995535718,-0.03675450762829402,0.0032595611221311258,1218.4785714285715,954.2857142857143,6.6755811781245455
0.4009156586021505,-0.03616765841945924,0.00265666372398663,1845.0752688172042,955.494623655914,5.440847306724618
0.46842447916666663,-0.03343221862639334,0.002862905343181171,1983.3333333333333,961.1296296296297,5.863230142835039
-0.05618844905369719,-0.03491214275946941,0.0046425253236712805,908.9260563380282,958.080985915493,9.507891862878783
0.24302571614583335,-0.03462783171521039,0.0021338836535001546,1521.7166666666667,958.6666666666666,4.370193722368317
0.051473428914835195,-0.034786087698709056,0.0026279421912954386,1129.4175824175825,958.3406593406594,5.382025607773058
0.29225394652061853,-0.032944650185166624,0.00271319481524239,1622.5360824742268,962.1340206185567,5.556622981616415
-0.40805994478383456,-0.033228702825023715,0.003177027191174682,188.29323308270676,961.5488721804511,6.506551687525748
-0.19263470362103174,-0.03185390661118814,0.00309229119554059,629.484126984127,964.3809523809524,6.333012368467128
-0.18556722005208331,-0.03054207119741098,0.0033057983411001347,643.9583333333334,967.0833333333334,6.770275002573076
0.0870535714285714,-0.03212709620476606,0.0034186565460425527,1202.2857142857142,963.8181818181819,7.001408606295148
0.2791649070945946,-0.03215691419574912,0.002369796049782774,1595.7297297297298,963.7567567567568,4.853342309955121
0.4558993931574924,-0.029861049256257266,0.004981601548134863,1957.6819571865444,968.4862385321101,10.202319970580199
-0.3819267077323718,-0.030361588249937788,0.0034407840038798475,241.81410256410257,967.4551282051282,7.046725639945928
-0.48301138528963417,-0.02988988870471232,0.0024946064306397907,34.792682926829265,968.4268292682926,5.108953969950291
-0.47455451193820225,-0.02998800043634775,0.0025989032646935575,52.1123595505618,968.2247191011236,5.322553886092406
-0.14534719366776316,-0.029816044966785915,0.002401606816096648,726.328947368421,968.578947368421,4.918490759365935
0.3196063926833832,-0.02815533980582524,0.005034639105221455,1678.5538922155688,972.0,10.31094088749354
-0.4115430763601928,-0.02407125090267187,0.005248659795832148,181.15977961432506,980.4132231404959,10.749255261864239
0.07718142947635132,-0.03044476515350303,0.002369796049782774,1182.0675675675675,967.2837837837837,4.853342309955121
0.22886595318308545,-0.02715378785144551,0.004518260342129516,1492.717472118959,974.0631970260223,9.25339718068125
-0.424059681056701,-0.02878090281253126,0.00271319481524239,155.5257731958763,970.7113402061856,5.556622981616415
-0.02380730124080882,-0.028501570531125064,0.0032126585168357133,975.2426470588235,971.2867647058823,6.579524642479541
0.06895616319444442,-0.027601255271158198,0.0027410231825021154,1165.2222222222222,973.1414141414141,5.613615477764332
-0.44413014102882703,-0.02551390685016114,0.0061784438462523465,114.42147117296223,977.441351888668,12.653452997124806
-0.3936587474385246,-0.02567404106318638,0.004811107168549193,217.78688524590163,977.1114754098361,9.853147481188747
0.24527525813586726,0.26830349004757836,0.12370330471930863,1526.3237286622561,1582.7051894980114,253.34436806514407
0.34880859374999995,-0.02750485436893202,0.0027548319509167786,1738.36,973.34,5.641895835477563
0.4112119932432432,-0.02923773287850956,0.002369796049782774,1866.162162162162,969.7702702702703,4.853342309955121
-0.04957449776785716,-0.028328710124826628,0.0023048577731509512,922.4714285714285,971.6428571428571,4.720348719413148
-0.20864422401685395,-0.02727718992036654,0.0025989032646935575,596.6966292134831,973.8089887640449,5.322553886092406
-0.03229437934027779,-0.026466423948220075,0.0033057983411001347,957.8611111111111,975.4791666666666,6.770275002573076
0.34143666752049184,-0.028043928059844014,0.0021515925351825067,1723.2622950819673,972.2295081967213,4.406461512053774
-0.49239813112745096,-0.024833428517037848,0.0027822438892641643,15.568627450980392,978.843137254902,5.698035485213008
-0.16799200148809523,-0.024491447064262595,0.003992130767317509,679.952380952381,979.547619047619,8.175883811466258
-0.007192095588235303,-0.02486007995431183,0.003591861416069154,1009.2705882352941,978.7882352941176,7.356132180109627
0.2219766392088368,0.035870816589915755,0.04482848910903988,1478.6081570996978,1103.8938821752265,91.80874569531368
0.28665226063829785,-0.023091450998908136,0.004996812580629326,1611.063829787234,982.4316109422492,10.233472165128859
0.3859438688858695,-0.02119565217391306,0.005284683964654306,1814.4130434782608,986.3369565217391,10.823032759612019
0.40559293016975306,-0.024104039314395254,0.002479348755825101,1854.6543209876543,980.3456790123457,5.077706251929807
-0.4595221920289855,-0.023431124243703416,0.003236194791317866,82.89855072463769,981.731884057971,6.627726932618989
-0.29167247953869047,-0.023006241331484045,0.002524845188391802,426.6547619047619,982.6071428571429,5.170882945826411
-0.14589146205357145,-0.02360610263522883,0.0023048577731509512,725.2142857142857,981.3714285714286,4.720348719413148
-0.22282893483231708,-0.021957139474307386,0.0024946064306397907,567.6463414634146,984.7682926829268,5.108953969950291
0.3266301081730769,-0.020941000746825977,0.002221016524153921,1692.9384615384615,986.8615384615384,4.54864184146723
0.4619140625,-0.01879550970873789,0.002203865560733423,1970.0,991.28125,4.51351666838205
-0.19116381665209792,-0.016494670378165543,0.0032942998772489554,632.4965034965035,996.020979020979,6.746726148605861
0.2726649953358209,-0.018178524851470756,0.0022549271345479443,1582.4179104477612,992.5522388059702,4.61809077155419
0.47622958096590906,-0.016976500441306275,0.0036546975766694875,1999.3181818181818,995.0284090909091,7.48482063701911
-0.2166043133802817,-0.016491180090250246,0.0023212626618356403,580.3943661971831,996.0281690140845,4.753945931439391
0.3190620943063798,-0.015032698568177238,0.005057199214205315,1677.4391691394658,999.0326409495549,10.357143990692485
0.3443853539156626,-0.01680313486957541,0.0025097713510531822,1729.301204819277,995.3855421686746,5.140011726956917
-0.22618209484011625,-0.014873560623165472,0.002554726053200435,560.7790697674419,999.3604651162791,5.232078956954491
-0.31697013608870966,-0.010133103664265564,0.004850382164443852,374.8451612903226,1009.1258064516129,9.933582672781009
0.07524088541666663,-0.013889967637540468,0.002385754452650976,1178.0933333333332,1001.3866666666667,4.886025119029199
0.2761937191611842,-0.012011369443025055,0.003396384930811547,1589.6447368421052,1005.2565789473684,6.955796338302048
-0.20097392314189189,-0.013441353975334525,0.002369796049782774,612.4054054054054,1002.3108108108108,4.853342309955121
-0.38477501502403844,-0.011739171023151584,0.002809388374878707,235.98076923076923,1005.8173076923077,5.753627391751592
-0.16332359651548672,-0.01110490591975255,0.0029284265327825625,689.5132743362832,1007.1238938053098,5.997417539138688
-0.03487181432038833,-0.011221604298237375,0.002795849074990584,952.5825242718447,1006.8834951456311,5.725898905580716
0.3797516625774794,-0.00957835192168821,0.004285512777749766,1801.7314049586778,1010.2685950413223,8.77673016883152
-0.21922333386479592,-0.011323558549633461,0.0027271444949316685,575.030612244898,1006.6734693877551,5.585191925620057
-0.4526881167763158,-0.011107562595809917,0.002401606816096648,96.89473684210526,1007.1184210526316,4.918490759365935
0.41285289417613635,-0.008881288614298322,0.002584261439649037,1869.5227272727273,1011.7045454545455,5.292567428401227
-0.19891080423513302,-0.002901985809137475,0.00696378798550692,616.6306729264476,1024.0219092331768,14.261837794318172
0.28709309895833335,-0.009255663430420724,0.0021338836535001546,1611.9666666666667,1010.9333333333333,4.370193722368317
0.31163699127906974,-0.008461277940844447,0.002554726053200435,1662.2325581395348,1012.5697674418604,5.232078956954491
0.47232719089673914,-0.006275503025186424,0.003236194791317866,1991.3260869565217,1017.072463768116,6.627726932618989
0.1509331597222222,-0.008863718087019024,0.002479348755825101,1333.111111111111,1011.7407407407408,5.077706251929807
0.3611370584239131,-0.008055438300267337,0.002288335282181447,1763.608695652174,1013.4057971014493,4.686510657907603
0.22265349134887003,-0.005553727168010558,0.003665065533887729,1479.9943502824858,1018.5593220338983,7.506054213402069
0.4580270867598685,-0.006636433316300483,0.002401606816096648,1962.0394736842106,1016.328947368421,4.918490759365935
-0.2669702246485944,-0.004207119741100329,0.004347051495404896,477.2449799196787,1021.3333333333334,8.902761462589227
0.4054059709821428,-0.005138696255201136,0.0023048577731509512,1854.2714285714285,1019.4142857142857,4.720348719413148
-0.04357147216796875,-0.0042475728155340065,0.002203865560733423,934.765625,1021.25,4.51351666838205
0.41802687872023814,-0.002924179380490055,0.002524845188391802,1880.1190476190477,1023.9761904761905,5.170882945826411
0.3323499891493056,-0.0007011866235166475,0.0023375524242271444,1704.6527777777778,1028.5555555555557,4.787307364817192
-0.4715659781678082,-0.0009243250432238725,0.002353729450635336,58.23287671232877,1028.0958904109589,4.820437914901168
-0.04320327878937008,0.001976148612491402,0.0043904796614483415,935.5196850393701,1034.0708661417323,8.991702346646203
0.11270852913533835,0.001591357033360108,0.003177027191174682,1254.827067669173,1033.2781954887218,6.506551687525748
0.36376614040798616,0.0028923948220064277,0.0033057983411001347,1768.9930555555557,1035.9583333333333,6.770275002573076
0.34581801470588236,0.0014563106796116054,0.002271692622891249,1732.235294117647,1033.0,4.652426491681278
-0.2691603440504808,0.003552091112770661,0.002809388374878707,472.75961538461536,1037.3173076923076,5.753627391751592
0.12330442994505497,0.005782566947615475,0.0026279421912954386,1276.5274725274726,1041.9120879120878,5.382025607773058
-0.17306973071808512,0.005634166494525861,0.0026709086718052395,669.5531914893617,1041.6063829787233,5.4700209598571305
-0.20442417689732145,0.009116389274156256,0.003570670308316139,605.3392857142857,1048.779761904762,7.312732791431452
-0.2600043201092007,0.01332064099325081,0.006389785054172063,491.5111524163569,1057.4405204460966,13.086279790944385
-0.22536556277654868,0.006744565684337123,0.0029284265327825625,562.4513274336283,1043.8938053097345,5.997417539138688
-0.016546190399484517,0.017236346044773643,0.006645942870108734,990.1134020618557,1065.5068728522338,13.610890997982688
0.3710972882699275,0.009121288870128086,0.003236194791317866,1784.0072463768115,1048.7898550724638,6.627726932618989
0.14215313946759256,0.008387270765911614,0.002862905343181171,1315.1296296296296,1047.2777777777778,5.863230142835039
-0.2869514016544118,0.009103369503141057,0.003591861416069154,436.3235294117647,1048.7529411764706,7.356132180109627
-0.18963913690476192,0.00776236708275535,0.002822862736953666,635.6190476190476,1045.990476190476,5.781222885281108
-0.29540596499463523,0.011598399933330561,0.004205068471648855,419.0085836909871,1053.892703862661,8.611980229936854
-0.33769503895308123,0.01131054363492967,0.005205101700035961,332.40056022408965,1053.2997198879552,10.660048281673648
-0.21443684895833331,0.010966828478964463,0.0030177672033061685,584.8333333333334,1052.5916666666667,6.180387232371033
0.15201822916666663,0.010186469409770416,0.0021865800737702074,1335.3333333333333,1050.984126984127,4.478115991081385
0.46796875000000004,0.012718446601941769,0.002385754452650976,1982.4,1056.2,4.886025119029199
0.13511968675947872,0.017316983389315754,0.004001624551871528,1300.7251184834124,1065.6729857819905,8.19532708223289
-0.187347412109375,0.01576369625520113,0.0029154400983602766,640.3125,1062.4732142857142,5.970821321441846
-0.33826568161231885,0.016202335725341244,0.002288335282181447,331.231884057971,1063.376811594203,4.686510657907603
0.3095772879464286,0.01575589459084603,0.0023048577731509512,1658.0142857142857,1062.4571428571428,4.720348719413148
0.32410913584183676,0.019609008652004434,0.0033400562337113668,1687.7755102040817,1070.3945578231292,6.840435166640879
-0.23994173505892258,0.02474910921512863,0.004747591416817803,532.5993265993266,1080.983164983165,9.72306722164286
0.37074549057904416,0.01971730439748709,0.0032126585168357133,1783.2867647058824,1070.6176470588234,6.579524642479541
0.35810081845238095,0.018945908460471617,0.002822862736953666,1757.3904761904762,1069.0285714285715,5.781222885281108
-0.021938875786163547,0.020858521096659977,0.0034737109168278806,979.069182389937,1072.9685534591194,7.1141599576634995
-0.1788453917572464,0.019748135640917375,0.002288335282181447,657.7246376811594,1070.6811594202898,4.686510657907603
-0.20367731813524592,0.019576635365271322,0.0021515925351825067,606.8688524590164,1070.327868852459,4.406461512053774
0.1630787037037037,0.020133045667026228,0.0032008254802502315,1357.9851851851852,1071.474074074074,6.555290583552474
-0.22869469222589794,0.030618312625029787,0.006336113487108591,555.633270321361,1093.0737240075614,12.976360421598395
-0.04287954477163464,0.021144510828976837,0.002809388374878707,936.1826923076923,1073.5576923076924,5.753627391751592
0.15252976190476186,0.020627215287409406,0.0021865800737702074,1336.3809523809523,1072.4920634920634,4.478115991081385
0.12131637063069911,0.024518251836987637,0.004996812580629326,1272.4559270516718,1080.5075987841944,10.233472165128859
0.2856917842741935,0.02453961791418724,0.004850382164443852,1609.0967741935483,1080.5516129032258,9.933582672781009
0.37835787259615383,0.02235997012696045,0.003140991690713226,1798.876923076923,1076.0615384615385,6.432750982580687
-0.2167033743351064,0.022037457825518247,0.003271181697748788,580.1914893617021,1075.3971631205675,6.699380116989518
-0.19419429866412213,0.02295634773586297,0.0031530492847254145,626.2900763358779,1077.2900763358778,6.457444935117649
0.2973753873966942,0.022117467704405036,0.0030303151460084566,1633.0247933884298,1075.5619834710744,6.206085419025319
0.14211331881009615,0.024243838685586216,0.002809388374878707,1315.048076923077,1079.9423076923076,5.753627391751592
-0.03355618990384618,0.026542195668409208,0.003140991690713226,955.276923076923,1084.676923076923,6.432750982580687
-0.179656982421875,0.029292071197411063,0.006035534406612337,656.0625,1090.3416666666667,12.360774464742066
-0.2578771254595588,0.028405197030268448,0.002271692622891249,495.86764705882354,1088.514705882353,4.652426491681278
0.1531735285659509,0.03179164929418077,0.003517133989031534,1337.6993865030674,1095.4907975460123,7.203090409536582
0.004462618276892427,0.0319982207093954,0.004364474617323119,1033.1394422310757,1095.9163346613545,8.938444016277748
0.13219435671542556,0.03204658128485849,0.0037772352675268794,1294.7340425531916,1096.0159574468084,7.735777827895049
0.27736944901315785,0.03380173735309144,0.0026850780480094706,1592.0526315789473,1099.6315789473683,5.499039842323396
-0.2104717548076923,0.03224794622852878,0.002221016524153921,592.9538461538461,1096.4307692307693,4.54864184146723
0.3661402652138158,0.03297138477261119,0.002401606816096648,1773.8552631578948,1097.921052631579,4.918490759365935
-0.267868263134058,0.03251723652736738,0.002288335282181447,475.40579710144925,1096.9855072463768,4.686510657907603
-0.05643178181475905,0.035600655047373975,0.0035493526831148563,908.4277108433735,1103.3373493975903,7.269074295019226
-0.19470825195312502,0.034581310679611676,0.002463996603535313,625.2375,1101.2375,5.046265044040321
0.029679581925675658,0.03569273156651798,0.002369796049782774,1084.7837837837837,1103.527027027027,4.853342309955121
-0.16663597239454092,0.03995157676648442,0.005530286546238047,682.7295285359802,1112.3002481389578,11.32602684669552
0.11831415673638135,0.044516640852253375,0.004416331580613632,1266.307392996109,1121.704280155642,9.044647077096718
0.3611281061746988,0.03960112293835538,0.0025097713510531822,1763.5903614457832,1111.578313253012,5.140011726956917
0.008562677556818166,0.0410856134157106,0.002889292125343358,1041.5363636363636,1114.6363636363637,5.917270272703197
-0.2374719071061644,0.04160460167575475,0.004707458901270672,537.6575342465753,1115.7054794520548,9.640875829802336
-0.2111820110963581,0.04469260574274059,0.007071927808076728,591.4992412746586,1122.0667678300456,14.48330815094114
0.15169907973754448,0.05420222506305494,0.006530753158494871,1334.679715302491,1141.6565836298932,13.374982468597496
0.031247398146092342,0.05150287123419961,0.006536560854759072,1087.9946714031971,1136.0959147424512,13.38687663054658
0.45424479166666665,0.04236893203883496,0.002385754452650976,1954.2933333333333,1117.28,4.886025119029199
-0.18482881433823528,0.04417237768893967,0.003934687042027049,645.4705882352941,1120.9950980392157,8.058239062071396
0.46569940476190474,0.04190476190476189,0.002822862736953666,1977.752380952381,1116.3238095238096,5.781222885281108
-0.1948974609375,0.041610032362459526,0.0021338836535001546,624.85,1115.7166666666667,4.370193722368317
0.14064756762079833,0.05152565880721216,0.006010333735350281,1312.046218487395,1136.142857142857,12.309163489997376
-0.40602948588709675,0.043532727842154784,0.00265666372398663,192.4516129032258,1119.6774193548388,5.440847306724618
0.4458737717461341,0.04550845761185074,0.003837036905076152,1937.1494845360826,1123.7474226804125,7.858251581595959
0.3177730171718077,0.0549971444888635,0.007272965046816179,1674.7991391678622,1143.2941176470588,14.895032415879534
0.34437874571917804,0.04467349381566699,0.002353729450635336,1729.2876712328766,1122.027397260274,4.820437914901168
-0.024785156249999996,0.046339805825242775,0.0027548319509167786,973.24,1125.46,5.641895835477563
0.3207682291666667,0.044611650485436916,0.0021338836535001546,1680.9333333333334,1121.9,4.370193722368317
-0.008324032738095233,0.04516874711049468,0.0021865800737702074,1006.952380952381,1123.047619047619,4.478115991081385
0.1282832158076299,0.04957445467154198,0.004834710452508939,1286.724025974026,1132.1233766233765,9.901487006738307
-0.166488299086758,0.05076694595912579,0.004076778995771584,683.0319634703196,1134.579908675799,8.349243383340204
0.007875976562500053,0.051805825242718484,0.0027548319509167786,1040.13,1136.72,5.641895835477563
0.015219097488496924,0.05413961522425392,0.00497397858797178,1055.1687116564417,1141.5276073619632,10.186708148166206
0.4708846654647436,0.05021160069703756,0.0024330017017416402,1988.371794871795,1133.4358974358975,4.982787485166879
-0.14150602921195654,0.05042211903756855,0.002642341982327153,734.195652173913,1133.8695652173913,5.4115163798060095
-0.12290054465694006,0.053802333772319355,0.004904838843081439,772.2996845425868,1140.8328075709778,10.045109950630787
0.0702071844362745,0.050361698077289185,0.0027822438892641643,1167.7843137254902,1133.7450980392157,5.698035485213008
-0.13355633031542058,0.053983304600308535,0.0028496203279099095,750.4766355140187,1141.2056074766356,5.836022431559495
-0.19201304611650488,0.057554906211707,0.006251708586508853,630.757281553398,1148.5631067961165,12.80349918517013
-0.21487816629955947,0.054845814977973584,0.004150572840776043,583.9295154185022,1142.9823788546255,8.500373177909337
0.3637991240530303,0.05369961753456898,0.0022380360567566117,1769.060606060606,1140.621212121212,4.583497844237541
0.4774585765796703,0.05645471033820548,0.0026279421912954386,2001.8351648351647,1146.2967032967033,5.382025607773058
-0.17575743140243905,0.058122188017996734,0.003055256432066561,664.0487804878048,1149.7317073170732,6.257165172872317
-0.15736299402573528,0.0578098229583095,0.002271692622891249,701.7205882352941,1149.0882352941176,4.652426491681278
-0.1430043365995763,0.0598938621030114,0.0029925134772953816,731.1271186440678,1153.3813559322034,6.128667601500942
0.2541490190484551,0.062718173884586,0.005197806529387115,1544.497191011236,1159.1994382022472,10.645107772184812
0.333626737562709,0.06537000357177658,0.004763549752295856,1707.267558528428,1164.6622073578596,9.755749892701914
-0.3892316120426829,0.06170376509590336,0.0024946064306397907,226.85365853658536,1157.1097560975609,5.108953969950291
0.05588600852272729,0.06002500735510452,0.0022380360567566117,1138.4545454545455,1153.6515151515152,4.583497844237541
0.08694724470183435,0.17171011444319828,0.06057749555796705,1202.0679571493567,1383.7228357529884,124.06271090271652
-0.2616692142210145,0.061298719572252636,0.002288335282181447,488.1014492753623,1156.2753623188405,4.686510657907603
-0.1311885533707865,0.06216864841278502,0.0025989032646935575,755.3258426966293,1158.0674157303372,5.322553886092406
-0.18802808678668476,0.06611703250316592,0.003736835867834869,638.9184782608696,1166.2010869565217,7.653039857325812
-0.23555838905567683,0.06653029211006056,0.00416881720493278,541.5764192139738,1167.0524017467249,8.537737635702333
0.014962923728813582,0.06741264878503639,0.003665065533887729,1054.6440677966102,1168.870056497175,7.506054213402069
-0.20263671875,0.0723569871776727,0.005102020172130484,609.0,1179.0553935860057,10.448937312523231
0.4975807883522727,0.06754927919976472,0.0022380360567566117,2043.0454545454545,1169.1515151515152,4.583497844237541
-0.13901846749441965,0.07062781726768386,0.005830880196720553,739.2901785714286,1175.4933035714287,11.941642642883693
-0.037722399635036485,0.07112181985684929,0.003224448128994319,946.7445255474453,1176.5109489051094,6.6036697681803656
0.12974146792763153,0.09101759252500186,0.01004664211239919,1289.7105263157894,1217.4962406015038,20.575523046193542
-0.34269531249999996,0.07116504854368932,0.0027548319509167786,322.16,1176.6,5.641895835477563
-0.32008640868190663,0.07492916776850145,0.004416331580613632,368.4630350194553,1184.354085603113,9.044647077096718
-0.049061949823943685,0.07238479420210575,0.0023212626618356403,923.5211267605633,1179.112676056338,4.753945931439391
0.2598115037751678,0.07337590408548911,0.003362700942086584,1556.0939597315437,1181.1543624161075,6.886811529393324
-0.15827001284246578,0.07220375049873651,0.002353729450635336,699.8630136986301,1178.7397260273972,4.820437914901168
-0.29825846354166663,0.07499190938511324,0.0030177672033061685,413.1666666666667,1184.4833333333333,6.180387232371033
-0.1875240138319672,0.07595893681362409,0.0021515925351825067,639.9508196721312,1186.4754098360656,4.406461512053774
-0.025828175730519487,0.07848316731811877,0.0034186565460425527,971.1038961038961,1191.6753246753246,7.001408606295148
-0.128369140625,0.07792610571736791,0.003695994905302969,761.1,1190.5277777777778,7.569397566060481
0.20457106370192313,0.07824869305451831,0.003140991690713226,1442.9615384615386,1191.1923076923076,6.432750982580687
-0.32136212648266427,0.08296718871802133,0.004560058275192317,365.85036496350364,1200.912408759124,9.338999347593866
-0.20550537109375,0.0841929611650486,0.0039730751417267765,603.125,1203.4375,8.136857890256438
0.47897707760989006,0.08047050037341297,0.0026279421912954386,2004.9450549450548,1195.7692307692307,5.382025607773058
0.1078134668935643,0.08213015476304908,0.0027685718463803435,1244.8019801980197,1199.1881188118812,5.670035141386943
-0.24322706653225806,0.08181177575947385,0.0021691568473098037,525.8709677419355,1198.532258064516,4.442433223290478
0.47039421237244894,0.08889769500033018,0.004723552824803415,1987.3673469387754,1213.1292517006802,9.673836185197393
0.17314749053030298,0.08431891732862606,0.0022380360567566117,1378.6060606060605,1203.6969696969697,4.583497844237541
0.14942146070075757,0.08622388937922909,0.0022380360567566117,1330.0151515151515,1207.621212121212,4.583497844237541
0.4833984375,0.0857352810189721,0.0028761289948111193,2014.0,1206.6146788990825,5.890312181373172
0.0964529854910714,0.08783807212205275,0.0029154400983602766,1221.5357142857142,1210.9464285714287,5.970821321441846
-0.3331787109375,0.08704692556634297,0.0021338836535001546,341.65,1209.3166666666666,4.370193722368317
-0.1741116431451613,0.0888349514563107,0.003067651032379989,667.4193548387096,1213.0,6.282549314314218
-0.18439301990327384,0.09047619047619049,0.003570670308316139,646.3630952380952,1216.3809523809523,7.312732791431452
-0.14606004429892144,0.10884725567340348,0.019850088768541007,724.8690292758089,1254.2253466872112,40.65298179797198
-0.055419921875,0.08964401294498381,0.0027822438892641643,910.5,1214.6666666666667,5.698035485213008
-0.34300438133445943,0.08970086591445814,0.002369796049782774,321.52702702702703,1214.7837837837837,4.853342309955121
0.15400294253700653,0.09784427695452225,0.004803213632193296,1339.3980263157894,1231.5592105263158,9.83698151873187
0.48820318622648906,0.09452932404053938,0.00492028719265007,2023.8401253918496,1224.730407523511,10.076748170547344
-0.3157600668532338,0.09226923634255912,0.0039056483644027418,377.32338308457713,1220.0746268656717,7.998767850296815
0.13497083704456847,0.11828787882743297,0.016799958175634917,1300.4202742672762,1273.673030384512,34.40631434370031
-0.004185748922413801,0.09837127552728486,0.004691309766536062,1015.4275862068965,1232.644827586207,9.607802401865856
0.010356702302631526,0.10135695225117813,0.0062395575379246785,1045.2105263157894,1238.795321637427,12.778613837669742
-0.13127055921052633,0.09706821665815013,0.002401606816096648,755.1578947368421,1229.9605263157894,4.918490759365935
0.10147068643162394,0.09825740602439625,0.0029798063562950826,1231.8119658119658,1232.4102564102564,6.102643417692329
0.08669723252118644,0.10272667434589444,0.004731579258501989,1201.5559322033898,1241.6169491525425,9.690274321412074
0.47028163164511494,0.10435330878250204,0.008125586869684547,1987.1367816091954,1244.967816091954,16.641201909113953
0.4896754988704819,0.10180138027839514,0.0025097713510531822,2026.855421686747,1239.710843373494,5.140011726956917
0.4371377268145161,0.10053241465706231,0.00265666372398663,1919.258064516129,1237.0967741935483,5.440847306724618
0.11162750912408759,0.10300474806888238,0.003224448128994319,1252.6131386861314,1242.1897810218977,6.6036697681803656
0.445953369140625,0.10134708737864084,0.002463996603535313,1937.3125,1238.775,5.046265044040321
-0.32108561197916663,0.09995954692556641,0.0021338836535001546,366.4166666666667,1235.9166666666667,4.370193722368317
-0.31045426993534486,0.10040174087713427,0.002967044814329345,388.1896551724138,1236.8275862068965,6.076507779746499
-0.01413321659482758,0.10266488115165728,0.0033172569485643284,995.0551724137931,1241.489655172414,6.793742230659745
0.49574411651234573,0.10215150425506414,0.002479348755825101,2039.283950617284,1240.432098765432,5.077706251929807
0.17530070389851482,0.10640584446794188,0.0061907148490985536,1383.0158415841584,1249.1960396039603,12.678584010953838
0.4236116229363207,0.1037873236856568,0.0028362730867212806,1891.5566037735848,1243.801886792453,5.808687281605183
0.19319661458333337,0.10718593704030599,0.0022380360567566117,1419.6666666666667,1250.8030303030303,4.583497844237541
0.1589291221217105,0.10701967296882975,0.002401606816096648,1349.4868421052631,1250.4605263157894,4.918490759365935
-0.004581473214285703,0.10967545076282936,0.0036443001229503457,1014.6171428571429,1255.9314285714286,7.463526651802308
0.10251686789772729,0.11253309796999111,0.0022380360567566117,1233.9545454545455,1261.8181818181818,4.583497844237541
0.082515609312249,0.12077046048270745,0.006147659181135848,1192.991967871486,1278.7871485943774,12.590406002966217
-0.025374348958333348,0.1146278317152104,0.0021338836535001546,972.0333333333333,1266.1333333333334,4.370193722368317
-0.16737994025735292,0.11591947458595087,0.002271692622891249,681.2058823529412,1268.7941176470588,4.652426491681278
0.47260949966755317,0.1162363148109894,0.0026709086718052395,1991.904255319149,1269.4468085106382,5.4700209598571305
-0.0069508272058823595,0.1184323243860651,0.0027822438892641643,1009.7647058823529,1273.9705882352941,5.698035485213008
0.09370723083941601,0.12060449294876341,0.003224448128994319,1215.912408759124,1278.4452554744526,6.6036697681803656
-0.09740982768691586,0.12148625351601494,0.0028496203279099095,824.5046728971963,1280.2616822429907,5.836022431559495
0.1826411522239264,0.12115075346953363,0.003517133989031534,1398.0490797546013,1279.5705521472394,7.203090409536582
0.4900948660714286,0.11997996609647088,0.0021865800737702074,2027.7142857142858,1277.1587301587301,4.478115991081385
0.4454891545985772,0.12398373983739841,0.004320785082756164,1936.361788617886,1285.4065040650407,8.848967849484623
-0.1728307845744681,0.12433381532741161,0.0026709086718052395,670.0425531914893,1286.127659574468,5.4700209598571305
-0.06506005403037385,0.12336221758461119,0.004029971715344261,890.7570093457944,1284.1261682242991,8.253382073025046
-0.049587673611111105,0.12317961165048541,0.002862905343181171,922.4444444444445,1283.75,5.863230142835039
0.1654819222383721,0.12232445247234136,0.002554726053200435,1362.906976744186,1281.9883720930231,5.232078956954491
-0.09151393664654661,0.14909032219636897,0.01958257328342797,836.5794577478725,1337.12606372452,40.105110084460485
0.15391956676136365,0.12624826629681007,0.0034186565460425527,1339.2272727272727,1290.0714285714287,7.001408606295148
0.19830322265625,0.12770756611985268,0.004196035016593321,1430.125,1293.0775862068965,8.593479713983122
0.4707487587616822,0.1250294891570638,0.004029971715344261,1988.0934579439252,1287.5607476635514,8.253382073025046
-0.0849609375,0.12583131067961173,0.002463996603535313,850.0,1289.2125,5.046265044040321
-0.029755563446969724,0.1276110620770815,0.0022380360567566117,963.060606060606,1292.878787878788,4.583497844237541
0.48438925638686137,0.12709233930975838,0.003224448128994319,2016.029197080292,1291.8102189781023,6.6036697681803656
0.16121976669520544,0.1294520547945206,0.002353729450635336,1354.1780821917807,1296.6712328767123,4.820437914901168
0.4040124914148352,0.1374586578470074,0.006437117442205325,1851.4175824175825,1313.1648351648353,13.183216521636506
0.455341379031991,0.14779402402684338,0.023935352292843194,1956.5391442575176,1334.4556894952973,49.01960149574286
0.18229110926797942,0.13052766325309217,0.004707458901270672,1397.3321917808219,1298.88698630137,9.640875829802336
-0.1824273003472222,0.1331715210355987,0.002862905343181171,650.3888888888889,1304.3333333333333,5.863230142835039
-0.0516193446828358,0.13028546587451095,0.0022549271345479443,918.2835820895523,1298.3880597014925,4.61809077155419
-0.12602362575301207,0.1347701485553866,0.004347051495404896,765.9036144578313,1307.6265060240964,8.902761462589227
-0.06482049851190474,0.13184466019417473,0.002822862736953666,891.2476190476191,1301.6,5.781222885281108
-0.16206430288461537,0.13343539955190442,0.002221016524153921,692.0923076923077,1304.876923076923,4.54864184146723
0.47867313508064513,0.1331584716567491,0.0021691568473098037,2004.3225806451612,1304.3064516129032,4.442433223290478
0.14849782379079257,0.14205082942947012,0.0080693537589732,1328.1235431235432,1322.6247086247085,16.526036498377113
-0.0385696723696462,0.14323461879192212,0.006383843830149885,945.0093109869646,1325.0633147113595,13.074112164146964
0.10233631596020765,0.13972015990862363,0.004683214316558524,1233.5847750865053,1317.8235294117646,9.591222920311857
-0.1357913669064748,0.13885939791855828,0.0032478989698158413,745.8992805755396,1316.0503597122301,6.651697090182843
0.1671440310594512,0.1452714302628464,0.007055812493987858,1366.310975609756,1329.2591463414635,14.450303987687134
0.20099669012404575,0.13978359149188468,0.0031530492847254145,1435.6412213740457,1317.9541984732825,6.457444935117649
0.2731591340537384,0.14310634243716536,0.004029971715344261,1583.4299065420562,1324.7990654205607,8.253382073025046
0.1265542673510175,0.14871302777150597,0.00510945210640087,1283.1831395348838,1336.3488372093022,10.464157913908982
-0.049793332122093026,0.14345789117182206,0.002554726053200435,922.0232558139535,1325.5232558139535,5.232078956954491
0.2866977425508721,0.14803567396703543,0.003612928232583945,1611.156976744186,1334.953488372093,7.399277020331919
-0.1376540150808458,0.14584359754624932,0.0039056483644027418,742.0845771144278,1330.4378109452737,7.998767850296815
0.11378378763686137,0.15116044220820635,0.004560058275192317,1257.029197080292,1341.390510948905,9.338999347593866
0.2915254164372246,0.15505966382960523,0.004150572840776043,1621.044052863436,1349.4229074889868,8.500373177909337
-0.052353277439024404,0.15349869760833534,0.0024946064306397907,916.780487804878,1346.2073170731708,5.108953969950291
0.14685000740521326,0.15720448166382928,0.005659151712781874,1324.7488151658767,1353.8412322274883,11.589942707777277
0.27698647103658536,0.15272910253374372,0.0024946064306397907,1591.2682926829268,1344.621951219512,5.108953969950291
0.281909839527027,0.1572093938598792,0.002369796049782774,1601.3513513513512,1353.8513513513512,4.853342309955121
0.4829445422535211,0.15860795843019282,0.0023212626618356403,2013.0704225352113,1356.7323943661972,4.753945931439391
0.4246326264880952,0.15805362921867783,0.002822862736953666,1893.647619047619,1355.5904761904762,5.781222885281108
0.10922475961538458,0.15798170276325618,0.002809388374878707,1247.6923076923076,1355.4423076923076,5.753627391751592
0.04499727136948528,0.16104011993146772,0.0032126585168357133,1116.1544117647059,1361.7426470588234,6.579524642479541
-0.04985739968039771,0.16874558693733455,0.008172152218636724,921.8920454545455,1377.615909090909,16.73656774376801
-0.022858375726744207,0.16214156694513437,0.002554726053200435,977.1860465116279,1364.0116279069769,5.232078956954491
-0.03266314338235293,0.16285551113649344,0.002539829564384814,957.1058823529412,1365.4823529411765,5.201570947860099
0.4174521625905797,0.16243844097368787,0.002288335282181447,1878.9420289855072,1364.623188405797,4.686510657907603
0.4498046875,0.16455563853622102,0.002221016524153921,1945.2,1368.9846153846154,4.54864184146723
0.010994944852941169,0.1661450599657338,0.002539829564384814,1046.5176470588235,1372.2588235294118,5.201570947860099
-0.025178328804347838,0.17463345996904456,0.005116873246268879,972.4347826086956,1389.744927536232,10.479356408358663
-0.0029233952158504994,0.17827732459213286,0.007674073810152304,1018.0128865979382,1397.2512886597938,15.716503163191918
-0.08317522321428572,0.1701282940360611,0.0032595611221311258,853.6571428571428,1380.4642857142858,6.6755811781245455
0.0007663752069536622,0.17067125313444353,0.0033851941757402685,1025.569536423841,1381.5827814569536,6.93287767191607
0.43182678222656246,0.17115291262135923,0.0034846174143608813,1908.38125,1382.575,7.136496464611085
0.021060440891472854,0.17106946639572507,0.003128887631467709,1067.1317829457364,1382.4031007751937,6.407961869245868
0.13578248255461167,0.1731949288340089,0.0039539276801999566,1302.0825242718447,1386.7815533980583,8.097643889049511
0.26214890252976186,0.17218562182154418,0.002524845188391802,1560.8809523809523,1384.702380952381,5.170882945826411
0.03251554528061229,0.17381612839310479,0.0027271444949316685,1090.591836734694,1388.061224489796,5.585191925620057
0.24992379425578037,0.17520062854256702,0.003623415709600551,1535.8439306358382,1390.913294797688,7.420755373261929
0.48000335693359375,0.17566747572815533,0.002203865560733423,2007.046875,1391.875,4.51351666838205
0.19292317708333329,0.17596116504854364,0.002385754452650976,1419.1066666666666,1392.48,4.886025119029199
0.4950387137276786,0.17723647711511792,0.004123054927387453,2037.8392857142858,1395.107142857143,8.444016491289505
-0.0822546126994681,0.17934569303862835,0.0037772352675268794,855.5425531914893,1399.4521276595744,7.735777827895049
0.011975740131578982,0.17694941236586614,0.0026850780480094706,1048.5263157894738,1394.5157894736842,5.499039842323396
0.04786475929054057,0.17578063500393604,0.002369796049782774,1122.027027027027,1392.1081081081081,4.853342309955121
-0.06996739896616544,0.17854222935980724,0.003177027191174682,880.7067669172932,1397.796992481203,6.506551687525748
0.18003742455527316,0.18338781904985135,0.007728273399810763,1392.7166454891994,1407.7789072426938,15.827503922812443
0.4473374310661765,0.179033409480297,0.002271692622891249,1940.1470588235295,1398.8088235294117,4.652426491681278
-0.03245523415977963,0.1850865227740779,0.005248659795832148,957.5316804407713,1411.2782369146005,10.749255261864239
0.47487836826347307,0.18294575896750187,0.0035600274521290633,1996.5508982035929,1406.868263473054,7.2909362219603215
-0.04529138513513514,0.18583194845330764,0.005027096570491478,931.2432432432432,1412.8138138138138,10.295493776366547
0.4528037623355263,0.1844308891159938,0.003396384930811547,1951.342105263158,1409.9276315789473,6.955796338302048
0.46346100663716816,0.1833877480883237,0.0029284265327825625,1973.1681415929204,1407.7787610619469,5.997417539138688
0.028779871323529438,0.1827170188463736,0.002271692622891249,1082.9411764705883,1406.3970588235295,4.652426491681278
0.28755392957089554,0.18413273438632083,0.0022549271345479443,1612.910447761194,1409.313432835821,4.61809077155419
0.16198317039884136,0.18837806967447168,0.0065249402929385344,1355.741532976827,1418.0588235294117,13.363077719938119
0.23657614087301593,0.18432732316227463,0.0021865800737702074,1508.5079365079366,1409.7142857142858,4.478115991081385
-0.010064398492132864,0.18769264715866651,0.004658843564929495,1003.3881118881119,1416.6468531468531,9.541311620975605
0.12378223832831325,0.1860743946660428,0.0025097713510531822,1277.5060240963855,1413.313253012048,5.140011726956917
0.2473212981892523,0.1872742945286272,0.0028496203279099095,1530.5140186915887,1415.785046728972,5.836022431559495
0.4835024974385246,0.18530160751233493,0.0021515925351825067,2014.2131147540983,1411.72131147541,4.406461512053774
-0.10087139423076924,0.18735623599701268,0.002221016524153921,817.4153846153846,1415.9538461538461,4.54864184146723
0.4296163268008475,0.1914744117163074,0.004731579258501989,1903.8542372881357,1424.4372881355932,9.690274321412074
-0.06508847891566266,0.193780949038874,0.004347051495404896,890.6987951807229,1429.1887550200804,8.902761462589227
0.2442880306603774,0.19537277889723392,0.00634209942466194,1524.301886792453,1432.4679245283019,12.988619621707652
0.2661394391741071,0.19061633148405,0.0029154400983602766,1569.0535714285713,1422.669642857143,5.970821321441846
-0.09936955544800885,0.19621745854454842,0.004141420519074319,820.4911504424779,1434.2079646017698,8.481629223064205
-0.0789691472457627,0.19823103505018924,0.004731579258501989,862.271186440678,1438.3559322033898,9.690274321412074
0.4691261574074074,0.1924487594390506,0.0032008254802502315,1984.7703703703703,1426.4444444444443,6.555290583552474
0.4883863231803798,0.1907091065503257,0.0024485481966781126,2024.2151898734178,1422.860759493671,5.014626706796775
0.21914333767361116,0.19221503056454514,0.002862905343181171,1472.8055555555557,1425.962962962963,5.863230142835039
0.28272879464285716,0.19542579750346745,0.0036443001229503457,1603.0285714285715,1432.577142857143,7.463526651802308
0.3842613345286885,0.19423842113639977,0.0021515925351825067,1810.967213114754,1430.1311475409836,4.406461512053774
0.1740844052140884,0.19826878721235852,0.005241425250979627,1380.524861878453,1438.4337016574586,10.734438914006276
-0.057113052962662336,0.19827890556045902,0.0034186565460425527,907.0324675324675,1438.4545454545455,7.001408606295148
0.44044864987864074,0.19761051937034602,0.002795849074990584,1926.0388349514562,1437.0776699029127,5.725898905580716
0.48901335356910036,0.20665371324413617,0.007629442307709275,2025.4993481095175,1455.7066492829206,15.625097846188595
0.0978389402636054,0.20141668317812567,0.0033400562337113668,1224.3741496598639,1444.9183673469388,6.840435166640879
0.18478116122159094,0.19970211827007944,0.002584261439649037,1402.4318181818182,1441.3863636363637,5.292567428401227
-0.09923461136544587,0.20824624327499852,0.0048815746541732525,820.7675159235669,1458.9872611464968,9.997464891746821
-0.14039221475290697,0.2032174305712351,0.003612928232583945,736.4767441860465,1448.6279069767443,7.399277020331919
0.21053413722826086,0.20329252849303503,0.0029542281461425314,1455.1739130434783,1448.7826086956522,6.050259243299904
0.4355918482730263,0.2012966274910577,0.002401606816096648,1916.092105263158,1444.671052631579,4.918490759365935
0.4575942095588236,0.20182752712735574,0.002539829564384814,1961.1529411764707,1445.764705882353,5.201570947860099
0.23003377456331875,0.20594183236528596,0.00416881720493278,1495.1091703056768,1454.240174672489,8.537737635702333
-0.04749130149086522,0.24770096016438925,0.033178288401207824,926.737814546708,1540.2639779386418,67.94913464567362
0.08638780381944444,0.20542610571736786,0.002613463060770661,1200.9222222222222,1453.1777777777777,5.352372348458314
0.4338801104323309,0.20538725454412732,0.003177027191174682,1912.5864661654136,1453.0977443609022,6.506551687525748
-0.0778861667798913,0.2072710004221191,0.002642341982327153,864.4891304347826,1456.9782608695652,5.4115163798060095
-0.06648629610655737,0.2055467133534935,0.0021515925351825067,887.8360655737705,1453.4262295081967,4.406461512053774
0.22101907169117652,0.20578526556253574,0.002539829564384814,1476.6470588235295,1453.9176470588236,5.201570947860099
-0.11388130647590361,0.21390659726283778,0.0050195427021063645,790.7710843373494,1470.6475903614457,10.280023453913834
0.08130768296632129,0.21176870063886521,0.003827134857845808,1190.518134715026,1466.2435233160622,7.837972188868215
0.18568330652573528,0.20805968018275267,0.002271692622891249,1404.2794117647059,1458.6029411764705,4.652426491681278
0.047726653343023284,0.21160909159328667,0.003128887631467709,1121.7441860465117,1465.9147286821706,6.407961869245868
0.19305316472457623,0.21394328341835334,0.003665065533887729,1419.3728813559321,1470.723163841808,7.506054213402069
0.38670247395833335,0.21091423948220067,0.0021338836535001546,1815.9666666666667,1464.4833333333333,4.370193722368317
0.44624023437500004,0.21158807212205277,0.0023048577731509512,1937.9,1465.8714285714286,4.720348719413148
0.2112454927884615,0.212352501867065,0.002221016524153921,1456.6307692307691,1467.446153846154,4.54864184146723
-0.07421875,0.2137829403606103,0.002524845188391802,872.0,1470.392857142857,5.170882945826411
0.27829706101190477,0.21312413314840495,0.002524845188391802,1593.952380952381,1469.0357142857142,5.170882945826411
0.2169919221297555,0.2179255487547488,0.005284683964654306,1468.3994565217392,1478.9266304347825,10.823032759612019
-0.09862012987012986,0.22160667002900014,0.004834710452508939,822.025974025974,1486.5097402597403,9.901487006738307
0.06522844698482433,0.2207388566642885,0.0048737952473907635,1157.5878594249202,1484.7220447284344,9.981532666656284
-0.044418707126524404,0.21744316836372246,0.003527906246993929,933.030487804878,1477.9329268292684,7.225151993843567
0.22849827490482233,0.21643585826228373,0.0038665908993905903,1491.9644670050761,1475.8578680203045,7.918778161951929
0.3509209211482558,0.21551704673741245,0.002554726053200435,1742.6860465116279,1473.9651162790697,5.232078956954491
0.24440637099004425,0.22121745854454844,0.004141420519074319,1524.5442477876106,1485.7079646017698,8.481629223064205
-0.06825411676646709,0.2212167897215278,0.0035600274521290633,884.2155688622754,1485.7065868263473,7.2909362219603215
0.45075176288555197,0.2248234774933805,0.004834710452508939,1947.1396103896104,1493.1363636363637,9.901487006738307
0.47855360243055556,0.22553937432578208,0.002613463060770661,2004.0777777777778,1494.611111111111,5.352372348458314
-0.09240214029947919,0.2247825647249191,0.0026991730427448086,834.7604166666666,1493.0520833333333,5.527906391541368
-0.08515716267523366,0.22771980763996014,0.0028496203279099095,849.5981308411215,1499.1028037383178,5.836022431559495
0.2653695913461539,0.22516803584764744,0.002221016524153921,1567.4769230769232,1493.8461538461538,4.54864184146723
0.41375852032118654,0.28045522780787624,0.046734812662388214,1871.37744961779,1607.7377692842251,95.71289633257106
0.4227432743195565,0.2277619010335108,0.004338313694619607,1889.7782258064517,1499.1895161290322,8.884866446580956
-0.1525244140625,0.23008737864077666,0.003895920707045241,711.63,1503.98,7.978845608028654
-0.04819408815298509,0.22597449644978984,0.0022549271345479443,925.2985074626865,1495.5074626865671,4.61809077155419
-0.015325939272211708,0.2286316001982125,0.006336113487108591,992.6124763705104,1500.9810964083176,12.976360421598395
0.38473445811170215,0.22810886180541212,0.0026709086718052395,1811.936170212766,1499.904255319149,5.4700209598571305
-0.13071076766304346,0.23260605740818907,0.003736835867834869,756.304347826087,1509.1684782608695,7.653039857325812
-0.11668648097826084,0.2299029126213592,0.0041779095106190935,785.0260869565218,1503.6,8.556358677747903
0.2315496461004274,0.22851215666749647,0.0029798063562950826,1498.2136752136753,1500.7350427350427,6.102643417692329
0.22627904859639836,0.23373169326970544,0.0042320531451754,1487.4194915254238,1511.4872881355932,8.667244841319219
0.09485501915171901,0.24121497090281108,0.007125382293633663,1218.2630792227205,1526.9028400597908,14.592782937361742
0.4627495659722223,0.23714131607335498,0.002613463060770661,1971.7111111111112,1518.5111111111112,5.352372348458314
0.4718060260052448,0.24189014868626513,0.0032942998772489554,1990.2587412587413,1528.2937062937062,6.746726148605861
-0.11612610098938225,0.25401594382176906,0.007679016853376701,786.1737451737451,1553.2728442728442,15.726626515715484
0.06499023437499996,0.24138349514563107,0.0021338836535001546,1157.1,1527.25,4.370193722368317
0.39742223227896345,0.24450331517878288,0.003527906246993929,1837.9207317073171,1533.6768292682927,7.225151993843567
-0.13531517706322393,0.2494705176744011,0.006269891005668462,746.8745173745174,1543.9092664092664,12.84073677960901
0.12255108173076923,0.24421209858103066,0.002221016524153921,1274.9846153846154,1533.076923076923,4.54864184146723
0.4430582682291667,0.2445792880258899,0.0021338836535001546,1931.3833333333334,1533.8333333333333,4.370193722368317
0.22130584716796875,0.2541887894417476,0.004407731121466846,1477.234375,1553.62890625,9.0270333367641
0.20459905660377353,0.25130976369298397,0.0034737109168278806,1443.0188679245282,1547.698113207547,7.1141599576634995
0.21313897494612066,0.2539902075661199,0.004196035016593321,1460.5086206896551,1553.219827586207,8.593479713983122
0.4660726825842697,0.24989636740482168,0.0025989032646935575,1978.5168539325844,1544.7865168539327,5.322553886092406
0.322265625,0.2535598705501618,0.0021338836535001546,1684.0,1552.3333333333333,4.370193722368317
0.427194306344697,0.25596498970285375,0.0022380360567566117,1898.8939393939395,1557.2878787878788,4.583497844237541
-0.09861134958791207,0.25744692201002883,0.0026279421912954386,822.0439560439561,1560.3406593406594,5.382025607773058
0.11593577348066297,0.2643662500670494,0.008287420989307657,1261.4364640883978,1574.5944751381217,16.97263818610208
0.20295003255208333,0.2597694174757281,0.0030177672033061685,1439.6416666666667,1565.125,6.180387232371033
-0.12692440257352944,0.2643667904054826,0.0032126585168357133,764.0588235294117,1574.5955882352941,6.579524642479541
-0.13731011284722222,0.2630582524271845,0.002613463060770661,742.7888888888889,1571.9,5.352372348458314
0.05258532072368416,0.26174246295350023,0.0026850780480094706,1131.6947368421052,1569.1894736842105,5.499039842323396
-0.1063619474085366,0.2662877890914831,0.003055256432066561,806.170731707317,1578.5528455284552,6.257165172872317
0.2102473958333333,0.2647702265372168,0.002385754452650976,1454.5866666666666,1575.4266666666667,4.886025119029199
0.18450927734375,0.2674029126213592,0.002463996603535313,1401.875,1580.85,5.046265044040321
0.05217391304347829,0.2705783030814689,0.0029542281461425314,1130.8521739130435,1587.391304347826,6.050259243299904
0.419708251953125,0.26927336165048543,0.002203865560733423,1883.5625,1584.703125,4.51351666838205
-0.09739815848214284,0.27512020342117427,0.003992130767317509,824.5285714285715,1596.747619047619,8.175883811466258
-0.07127435523343373,0.27727365773774704,0.0050195427021063645,878.0301204819277,1601.183734939759,10.280023453913834
0.20615544394841268,0.2710818307905686,0.0021865800737702074,1446.2063492063492,1588.4285714285713,4.478115991081385
-0.08078431689049587,0.2757682740913102,0.0030303151460084566,858.5537190082645,1598.0826446280992,6.206085419025319
0.185302734375,0.2736715499306519,0.004123054927387453,1403.5,1593.763392857143,8.444016491289505
0.22116604099025972,0.2745807590467785,0.0024173552262544695,1476.948051948052,1595.6363636363637,4.950743503369154
0.30411839978448274,0.27417140944091056,0.0033172569485643284,1646.8344827586207,1594.7931034482758,6.793742230659745
-0.050165377669598,0.27601112357906044,0.0038861686999930884,921.2613065326633,1598.5829145728644,7.958873497585845
-0.088245319870283,0.27796757647920867,0.0028362730867212806,843.2735849056604,1602.6132075471698,5.808687281605183
-0.027750145574534146,0.2782035819815474,0.0034954898820115377,967.1677018633541,1603.0993788819876,7.158763278359629
0.052410096612595436,0.27818869043207584,0.0031530492847254145,1131.3358778625955,1603.0687022900763,6.457444935117649
0.3047732791385135,0.2814845184990816,0.0033513977136609852,1648.1756756756756,1609.8581081081081,6.863662517577698
0.2514944365530303,0.2847794600221786,0.0057058947627631066,1539.060606060606,1616.6456876456878,11.685672474138842
-0.12460476886475153,0.3293185289679357,0.03096705603491863,768.8094333649889,1708.3961696739475,63.420530759513355
-0.11494344075520835,0.2880703883495146,0.004267767307000309,788.5958333333333,1623.425,8.740387444736633
0.13070518092105265,0.2837336058593084,0.002941355631113453,1291.6842105263158,1614.4912280701753,6.023896332520351
0.22702163013059706,0.2818214751485292,0.0022549271345479443,1488.9402985074628,1610.55223880597,4.61809077155419
0.32592479292168675,0.28571762779272436,0.0035493526831148563,1691.4939759036145,1618.578313253012,7.269074295019226
0.33375418526785716,0.2834951456310679,0.0023048577731509512,1707.5285714285715,1614.0,4.720348719413148
0.20759861592925388,0.29254308859775435,0.009132589931937898,1449.161965423112,1632.638762511374,18.703544180608816
0.34488794359110164,0.2857125226262959,0.0029925134772953816,1730.3305084745762,1618.5677966101696,6.128667601500942
0.32049406306407946,0.29230836633836876,0.004584954137773211,1680.3718411552347,1632.1552346570397,9.389986074159536
0.29749090021306823,0.28983892321270954,0.002584261439649037,1633.2613636363637,1627.0681818181818,5.292567428401227
0.1722263243140244,0.29357980108927306,0.003527906246993929,1376.719512195122,1634.7743902439024,7.225151993843567
0.14511842365506333,0.29401806562615207,0.0034627700678663714,1321.2025316455697,1635.6772151898733,7.091753098990329
-0.12126020951704547,0.29495255957634603,0.002584261439649037,775.6590909090909,1637.6022727272727,5.292567428401227
0.26076761881510413,0.296409789644013,0.0026991730427448086,1558.0520833333333,1640.6041666666667,5.527906391541368
-0.17692896262886598,0.29533580222199973,0.00271319481524239,661.6494845360825,1638.3917525773195,5.556622981616415
0.34611844468390807,0.2980136145519473,0.003633872919538875,1732.8505747126437,1643.9080459770114,7.442171739215616
0.23032421874999998,0.3007961165048544,0.0030799957544191407,1495.704,1649.64,6.3078313050504
0.2714072779605263,0.303006957273692,0.00432955825947014,1579.842105263158,1654.1943319838056,8.866935315394846
0.24233229335768403,0.3133768335224646,0.005921286831373632,1520.2965367965369,1675.5562770562772,12.126795430653198
0.3235495950914149,0.3102373933042123,0.006909083383438887,1686.6295707472177,1669.0890302066773,14.149802769282841
0.12045053335336542,0.30221247199402546,0.002809388374878707,1270.6826923076924,1652.5576923076924,5.753627391751592
0.3616952537593985,0.30524490838747353,0.003177027191174682,1764.751879699248,1658.8045112781954,6.506551687525748
0.2298060825892857,0.3109386473035817,0.004249947741460456,1494.642857142857,1670.5336134453783,8.703892974511014
0.35125628972457623,0.3087351214963523,0.003665065533887729,1743.3728813559321,1665.9943502824858,7.506054213402069
-0.1870949485085227,0.30772285966460733,0.002584261439649037,640.8295454545455,1663.909090909091,5.292567428401227
-0.06647677951388886,0.3091747572815534,0.002613463060770661,887.8555555555556,1666.9,5.352372348458314
0.48767762672244097,0.3083212292638178,0.0031045379412717395,2022.763779527559,1665.1417322834645,6.358093703724522
0.2038173390858209,0.31117229387045353,0.0022549271345479443,1441.4179104477612,1671.0149253731342,4.61809077155419
-0.1788330078125,0.30920509708737864,0.002463996603535313,657.75,1666.9625,5.046265044040321
0.3869909067622951,0.30913974216138784,0.003042811343955812,1816.5573770491803,1666.827868852459,6.231677632421503
-0.16494473544034088,0.30927846425419236,0.002584261439649037,686.1931818181819,1667.1136363636363,5.292567428401227
-0.09324500950570341,0.313638377201078,0.004467586661117254,833.0342205323194,1676.0950570342206,9.149617481968136
0.36492919921875,0.3131509267431597,0.002584261439649037,1771.375,1675.090909090909,5.292567428401227
-0.06332304175764192,0.31816890660109376,0.00416881720493278,894.3144104803494,1685.4279475982532,8.537737635702333
0.46688720703125,0.31836165048543696,0.003895920707045241,1980.185,1685.825,7.978845608028654
-0.04478544347426472,0.31554825813820675,0.002271692622891249,932.2794117647059,1680.0294117647059,4.652426491681278
0.39564453125,0.31759223300970874,0.0036443001229503457,1834.28,1684.24,7.463526651802308
0.482404310926259,0.3170007683173849,0.0032478989698158413,2011.9640287769785,1683.021582733813,6.651697090182843
-0.16225585937499998,0.3170110957004161,0.0023048577731509512,691.7,1683.0428571428572,4.720348719413148
0.35522680884009006,0.31787807224700426,0.0029023955582154993,1751.5045045045044,1684.8288288288288,5.944106103225343
-0.1744257229477612,0.3184248659614549,0.0022549271345479443,666.776119402985,1685.955223880597,4.61809077155419
-0.18894470844072164,0.3195576018416575,0.00271319481524239,637.0412371134021,1688.2886597938145,5.556622981616415
0.2558936142339939,0.3217899005446365,0.004989212861279581,1548.0701219512196,1692.8871951219512,10.217907939900583
0.22406496946839083,0.3216437897556076,0.002569536183376096,1482.8850574712644,1692.5862068965516,5.262410103554244
-0.20075219524793386,0.3251684987563187,0.004285512777749766,612.8595041322315,1699.8471074380166,8.77673016883152
-0.143798828125,0.32230435422183,0.0031650609445452024,729.5,1693.9469696969697,6.4820448144285745
0.39412857650162336,0.32469738998865216,0.004834710452508939,1831.1753246753246,1698.8766233766235,9.901487006738307
0.4652607218367646,0.3806275720778457,0.036856109994599,1976.8539583216939,1814.092798480362,75.48131326893875
-0.1758485038325472,0.3320379190327899,0.00634209942466194,663.8622641509434,1713.9981132075472,12.988619621707652
0.3691428344174208,0.3305528708869657,0.005791702506503627,1780.0045248868778,1710.9389140271494,11.861406733319429
-0.026720319475446452,0.3246835991678224,0.0029154400983602766,969.2767857142857,1698.8482142857142,5.970821321441846
0.27089029947916665,0.32487864077669903,0.0021338836535001546,1578.7833333333333,1699.25,4.370193722368317
-0.038842177972560954,0.32560975609756093,0.0024946064306397907,944.4512195121952,1700.7560975609756,5.108953969950291
0.3365945799957841,0.3375464562288184,0.009487186888778596,1713.345699831366,1725.345699831366,19.429758748218564
-0.04807058047493401,0.33233086558905656,0.005363085446348163,925.5514511873351,1714.6015831134564,10.983598994121039
0.2636188009510869,0.32829956381032777,0.003236194791317866,1563.891304347826,1706.2971014492753,6.627726932618989
0.4377416237113402,0.3271194074667201,0.00271319481524239,1920.4948453608247,1703.8659793814434,5.556622981616415
0.254638671875,0.32882868775446294,0.0021691568473098037,1545.5,1707.3870967741937,4.442433223290478
0.42853021002435066,0.33009708737864074,0.0034186565460425527,1901.6298701298701,1710.0,7.001408606295148
0.3558067908653846,0.3302677904619653,0.0026279421912954386,1752.6923076923076,1710.3516483516485,5.382025607773058
0.45367503110362994,0.33229121666174033,0.005692578770835903,1953.1264637002341,1714.519906323185,11.65840132267193
0.2799134335275424,0.3329603422741484,0.0042320531451754,1597.2627118644068,1715.8983050847457,8.667244841319219
0.39235276442307687,0.33160674277179136,0.004551729394677589,1827.5384615384614,1713.10989010989,9.321941800299703
-0.07733254354508196,0.3332723221391055,0.0021515925351825067,865.6229508196722,1716.5409836065573,4.406461512053774
-0.21610630580357143,0.33598474341192786,0.003992130767317509,581.4142857142857,1722.1285714285714,8.175883811466258
-0.07002717902861444,0.3365598315592466,0.0035493526831148563,880.5843373493976,1723.313253012048,7.269074295019226
0.2711708470394737,0.33422074603985696,0.0026850780480094706,1579.3578947368421,1718.4947368421053,5.499039842323396
-0.03045654296875,0.3342612257281553,0.002203865560733423,961.625,1718.578125,4.51351666838205
-0.08630099826388887,0.33670981661272925,0.002613463060770661,847.2555555555556,1723.6222222222223,5.352372348458314
0.4172585227272727,0.3399899857424129,0.006588599754497911,1878.5454545454545,1730.3793706293707,13.493452297211721
0.3225132042253521,0.33573089019554225,0.0023212626618356403,1684.5070422535211,1721.605633802817,4.753945931439391
-0.19391190378289475,0.3383622892181911,0.002941355631113453,626.8684210526316,1727.0263157894738,6.023896332520351
0.3489407376126126,0.33913670952505903,0.0029023955582154993,1738.6306306306305,1728.6216216216217,5.944106103225343
0.4451563635537791,0.34073718672386544,0.003612928232583945,1935.6802325581396,1731.9186046511627,7.399277020331919
0.46259703817246833,0.3405524148949244,0.0034627700678663714,1971.3987341772151,1731.5379746835442,7.091753098990329
0.025875538793103448,0.34326414462671573,0.0033172569485643284,1076.9931034482759,1737.1241379310345,6.793742230659745
-0.20348390758547008,0.3453572317649988,0.0029798063562950826,607.2649572649573,1741.4358974358975,6.102643417692329
0.03582208806818177,0.34468471118956556,0.0027410231825021154,1097.3636363636363,1740.050505050505,5.613615477764332
-0.0011121961805555802,0.34539509169363536,0.0023375524242271444,1021.7222222222222,1741.513888888889,4.787307364817192
0.36093391628440363,0.34873073839850366,0.0028761289948111193,1763.1926605504586,1748.3853211009175,5.890312181373172
0.38077799479166663,0.3498112189859762,0.003695994905302969,1803.8333333333333,1750.611111111111,7.569397566060481
-0.2021235627948113,0.3559589668437443,0.00634209942466194,610.0509433962264,1763.2754716981133,12.988619621707652
0.046574519230769273,0.35409153952843264,0.0037164714880624796,1119.3846153846155,1759.4285714285713,7.611333607551958
0.028687781894329856,0.35579021119007115,0.00271319481524239,1082.7525773195875,1762.9278350515465,5.556622981616415
-0.03277841499307477,0.3577777478955436,0.00523418070674188,956.8698060941829,1767.02216066482,10.71960208740737
-0.08045718544407893,0.36451999233520693,0.004803213632193296,859.2236842105264,1780.9111842105262,9.83698151873187
0.31717449685801635,0.35827089489235964,0.005284683964654306,1673.5733695652175,1768.0380434782608,10.823032759612019
0.3553679935515873,0.35671906302974266,0.0021865800737702074,1751.7936507936508,1764.8412698412699,4.478115991081385
0.11476872930463577,0.3605895968623416,0.0033851941757402685,1259.046357615894,1772.8145695364237,6.93287767191607
-0.221051025390625,0.3608586165048544,0.0034846174143608813,571.2875,1773.36875,7.136496464611085
0.37281387731655635,0.38489628528048603,0.027505586470116923,1787.5228207443074,1822.8863476778013,56.33144109079946
0.45369112318840576,0.3573870831574504,0.002288335282181447,1953.159420289855,1766.2173913043478,4.686510657907603
0.4947083015752033,0.3619267503354645,0.005291859370490894,2037.1626016260163,1775.5691056910568,10.837727990765352
-0.06259765625000002,0.35932038834951463,0.0023048577731509512,895.8,1770.2,4.720348719413148
0.3492894665948276,0.3593906930030131,0.002569536183376096,1739.344827586207,1770.344827586207,5.262410103554244
-0.02080524270304568,0.3625462027499877,0.005468185290066556,981.3908629441624,1776.8451776649747,11.198843474056307
0.048710104413507094,0.36602862007086,0.004001624551871528,1123.7582938388625,1784.0189573459716,8.19532708223289
-0.19337592690677968,0.3867687592562119,0.0084641062903508,627.9661016949152,1826.7436440677966,17.334489682638438
0.23207720588235292,0.36820388349514566,0.0027822438892641643,1499.2941176470588,1788.5,5.698035485213008
-0.23330801504629628,0.37043869111830285,0.0032008254802502315,546.1851851851852,1793.1037037037038,6.555290583552474
-0.09056712962962965,0.36787126932757996,0.002479348755825101,838.5185185185185,1787.8148148148148,5.077706251929807
-0.050600652825342485,0.367602074743982,0.002353729450635336,920.3698630136986,1787.2602739726028,4.820437914901168
-0.07469461731991528,0.3720174428171795,0.0029925134772953816,871.0254237288135,1796.3559322033898,6.128667601500942
-0.016995516690340884,0.3696519196822595,0.0036546975766694875,989.1931818181819,1791.4829545454545,7.48482063701911
0.42174582339505173,0.3865402730504025,0.010831780635826387,1887.735446313066,1826.2729624838291,22.18348674217244
-0.20877184486914602,0.3777407793736125,0.005248659795832148,596.435261707989,1808.1460055096418,10.749255261864239
0.22143954918032782,0.3717093745026262,0.0021515925351825067,1477.5081967213114,1795.72131147541,4.406461512053774
0.039703369140625,0.3730582524271845,0.002203865560733423,1105.3125,1798.5,4.51351666838205
0.24234243539663458,0.3802966299477222,0.005618776749757414,1520.3173076923076,1813.4110576923076,11.507254783503184
-0.2201014927455357,0.37839372399445215,0.0029154400983602766,573.2321428571429,1809.4910714285713,5.970821321441846
0.28964915293040294,0.37653899498559695,0.004551729394677589,1617.2014652014652,1805.6703296703297,9.321941800299703
-0.06476907169117646,0.3766895107557586,0.0027822438892641643,891.3529411764706,1805.9803921568628,5.698035485213008
-0.17601222826086954,0.3914115660616294,0.006605854955817884,663.5269565217392,1836.3078260869565,13.528790949515026
0.2906725045996065,0.39245507126626733,0.022820253695305038,1619.297289419994,1838.4574468085107,46.73587956798472
-0.05458441840277778,0.37700107874865163,0.003695994905302969,912.2111111111111,1806.6222222222223,7.569397566060481
0.061412464488636354,0.3836661518093557,0.004476072113513223,1149.7727272727273,1820.3522727272727,9.166995688475081
0.2543254348466981,0.38021157721194354,0.0028362730867212806,1544.8584905660377,1813.2358490566037,5.808687281605183
-0.08674582301980199,0.3843314428530231,0.0061907148490985536,846.3445544554455,1821.7227722772277,12.678584010953838
0.4354548527644231,0.38328230022404786,0.004442033048307842,1915.8115384615385,1819.5615384615385,9.09728368293446
-0.23893328410823172,0.384471939379588,0.003527906246993929,534.6646341463414,1822.0121951219512,7.225151993843567
0.04591955236486489,0.3809734977696143,0.0037469765536916693,1118.0432432432433,1814.8054054054055,7.673807981960539
-0.18853956653225806,0.3814359536486063,0.0021691568473098037,637.8709677419355,1815.758064516129,4.442433223290478
-0.042879971590909116,0.37996469549867606,0.0022380360567566117,936.1818181818181,1812.7272727272727,4.583497844237541
0.22123846950301207,0.3808340156743478,0.0025097713510531822,1477.0963855421687,1814.5180722891566,5.140011726956917
0.19661806483957223,0.38553294221483825,0.003767176034574299,1426.673796791444,1824.197860962567,7.715176518808164
0.03101569654304026,0.38734129947722185,0.004551729394677589,1087.5201465201465,1827.923076923077,9.321941800299703
-0.23051001320422537,0.3838848625734993,0.0023212626618356403,551.9154929577464,1820.8028169014085,4.753945931439391
-0.07126824430717055,0.38797132535561074,0.004424915323563064,878.0426356589147,1829.2209302325582,9.062226582657155
0.4070758584104939,0.38447201246553997,0.002479348755825101,1857.6913580246915,1822.0123456790122,5.077706251929807
-0.22105440647482016,0.3904554026681567,0.0032478989698158413,571.2805755395683,1834.3381294964029,6.651697090182843
-0.1955766214434143,0.40981861296650357,0.007703684494339901,623.4590792838875,1874.2263427109974,15.777145844408118
0.21207339638157896,0.39340572304547783,0.0037972737915252697,1458.3263157894737,1840.4157894736843,7.776816725043752
0.22358340308779767,0.39450127138233937,0.005049690376783604,1481.8988095238096,1842.672619047619,10.341765891652821
0.24394358236958658,0.3939071936396299,0.006209075882543479,1523.5964566929133,1841.4488188976377,12.716187407449045
-0.1843853115295031,0.39318277754326725,0.0034954898820115377,646.3788819875776,1839.9565217391305,7.158763278359629
-0.029683814858490587,0.39295047933076876,0.0034737109168278806,963.2075471698113,1839.4779874213837,7.1141599576634995
0.3271052267699115,0.3942306040037804,0.0029284265327825625,1693.9115044247787,1842.1150442477876,5.997417539138688
0.3373731303418803,0.3951580781677869,0.0029798063562950826,1714.940170940171,1844.025641025641,6.102643417692329
-0.052852979593848604,0.4009341214664176,0.004904838843081439,915.7570977917981,1855.9242902208202,10.045109950630787
-0.08674764454588013,0.4010545071088325,0.0045014324984058674,846.3408239700375,1856.1722846441949,9.218933756735217
-0.16164419854100948,0.40364154237236227,0.004904838843081439,692.9526813880126,1861.5015772870663,10.045109950630787
0.06699752807617188,0.39993932038834956,0.003116736565636193,1161.2109375,1853.875,6.383076486422923
-0.04024411499343833,0.40392808908595157,0.005377217448307936,941.5800524934383,1862.0918635170603,11.012541334134653
0.44554004854368934,0.4018239230841738,0.002795849074990584,1936.4660194174758,1857.7572815533981,5.725898905580716
0.24052856388824617,0.4123475287870143,0.012806265305352843,1516.6024988431282,1879.4359093012495,26.227231345362622
-0.22113537397540983,0.4018542097724017,0.0021515925351825067,571.1147540983607,1857.8196721311476,4.406461512053774
-0.21349909855769234,0.4011799850634803,0.002221016524153921,586.7538461538461,1856.4307692307693,4.54864184146723
0.033699642319277134,0.4059457246461575,0.005612019348936403,1093.0168674698796,1866.2481927710844,11.493415626621754
0.009571362567204256,0.4026777325399311,0.00265666372398663,1043.6021505376343,1859.516129032258,5.440847306724618
0.21553308823529416,0.4014677327241576,0.002539829564384814,1465.4117647058824,1857.0235294117647,5.201570947860099
-0.1772150658444816,0.41104003636717856,0.004763549752295856,661.0635451505017,1876.742474916388,9.755749892701914
-0.06757958255597013,0.4010867990146356,0.0022549271345479443,885.5970149253732,1856.2388059701493,4.61809077155419
-0.020528299825174845,0.40359834340416856,0.0032942998772489554,981.9580419580419,1861.4125874125873,6.746726148605861
0.20009374999999996,0.4042873786407768,0.0030799957544191407,1433.792,1862.832,6.3078313050504
0.0620269775390625,0.4096328883495146,0.005618776749757414,1151.03125,1873.84375,11.507254783503184
-0.07686647227112675,0.4052987829891973,0.0023212626618356403,866.5774647887324,1864.9154929577464,4.753945931439391
-0.1469459011130137,0.4076938422662588,0.002353729450635336,723.054794520548,1869.849315068493,4.820437914901168
-0.20190890330188677,0.4201817589709145,0.006016643798752556,610.4905660377359,1895.5744234800839,12.322086499845234
-0.0021428571428571686,0.40948682385575597,0.0036443001229503457,1019.6114285714285,1873.5428571428572,7.463526651802308
0.019974734805045857,0.40768682640064124,0.0028761289948111193,1064.908256880734,1869.834862385321,5.890312181373172
0.42474926166688365,0.4264064526076593,0.017073291878779224,1893.8864878937777,1908.3972923717781,34.96610176773985
0.3636817503511236,0.41157412457728804,0.0025989032646935575,1768.8202247191011,1877.8426966292134,5.322553886092406
-0.08825054816709427,0.4531487138364749,0.03903121505764271,843.2628773537909,1963.4863505031383,79.93592843805227
0.31253108906835203,0.4135704156212502,0.0045014324984058674,1664.063670411985,1881.9550561797753,9.218933756735217
0.2723534260321101,0.41351652266856687,0.0028761289948111193,1581.7798165137615,1881.8440366972477,5.890312181373172
0.2978012982536765,0.41478440890919477,0.0032126585168357133,1633.8970588235295,1884.4558823529412,6.579524642479541
0.3342947232521186,0.4114694750699358,0.0029925134772953816,1708.635593220339,1877.6271186440679,6.128667601500942
-0.012271068135245922,0.4132659557536209,0.0021515925351825067,998.8688524590164,1881.327868852459,4.406461512053774
0.337279052734375,0.41969053398058254,0.005509663901833557,1714.7475,1894.5625,11.283791670955125
-0.10082175514914771,0.416309024713151,0.0036546975766694875,817.5170454545455,1887.596590909091,7.48482063701911
-0.21222143379046765,0.4223108891527555,0.004593222772331167,589.3705035971223,1899.9604316546763,9.40692023773423
0.07025632605088494,0.4167153535527107,0.0029284265327825625,1167.8849557522124,1888.4336283185842,5.997417539138688
0.2897752783764368,0.4157906483651378,0.002569536183376096,1617.4597701149426,1886.528735632184,5.262410103554244
-0.22693452380952384,0.41738326398520575,0.0021865800737702074,559.2380952380952,1889.8095238095239,4.478115991081385
0.28027634393601186,0.42239077669902914,0.003570670308316139,1598.0059523809523,1900.125,7.312732791431452
0.2426705309139785,0.4224814698820336,0.00265666372398663,1520.989247311828,1900.3118279569892,5.440847306724618
0.009488745210727956,0.428396198340959,0.006294052524889982,1043.4329501915709,1912.4961685823755,12.890219570974683
0.02632188305412375,0.4232659393454109,0.00271319481524239,1077.9072164948454,1901.9278350515465,5.556622981616415
0.17679537259615385,0.42314330760932706,0.0029798063562950826,1386.076923076923,1901.6752136752136,6.102643417692329
0.3032697711074561,0.42566002384602286,0.002941355631113453,1645.0964912280701,1906.859649122807,6.023896332520351
-0.1515130377435065,0.4243538015382676,0.0024173552262544695,713.7012987012987,1904.1688311688313,4.950743503369154
0.3536811440677966,0.4242828149854644,0.003665065533887729,1748.3389830508474,1904.0225988700565,7.506054213402069
0.39203281820255476,0.427457302813408,0.003224448128994319,1826.8832116788321,1910.5620437956204,6.6036697681803656
0.020184252635542133,0.4266054509299333,0.0025097713510531822,1065.3373493975903,1908.8072289156626,5.140011726956917
0.2910614013671875,0.4251137742718447,0.002203865560733423,1620.09375,1905.734375,4.51351666838205
-0.23158182123655913,0.4277742979434179,0.00265666372398663,549.7204301075269,1911.215053763441,5.440847306724618
0.2667689732142857,0.42901525658807205,0.0032595611221311258,1570.3428571428572,1913.7714285714285,6.6755811781245455
0.3339489923007246,0.4322827259509403,0.00396351297349073,1707.927536231884,1920.502415458937,8.117274569709014
0.24610305059523807,0.4314239482200647,0.002822862736953666,1528.0190476190476,1918.7333333333333,5.781222885281108
0.286300322878667,0.4566148247513049,0.0223447270810796,1610.34306125551,1970.626538987688,45.76200106205102
-0.16075263779981552,0.43506788951384656,0.0045350257442286004,694.7785977859778,1926.239852398524,9.287732724180174
0.009987173507462699,0.43871757716272997,0.005042170357158018,1044.4537313432836,1933.7582089552238,10.32636489145962
-0.022702796436915862,0.43416659105344346,0.0028496203279099095,977.5046728971963,1924.3831775700935,5.836022431559495
0.39922382305194803,0.43565754633715803,0.0024173552262544695,1841.6103896103896,1927.4545454545455,4.950743503369154
0.30809529622395837,0.4346935679611651,0.0026991730427448086,1654.9791666666667,1925.46875,5.527906391541368
0.3776442836707746,0.4366128811705182,0.0032827611381982336,1797.4154929577464,1929.4225352112676,6.723094811029982
0.06644840377697847,0.4363064887895509,0.0032478989698158413,1160.086330935252,1928.7913669064749,6.651697090182843
0.07565139938186816,0.43563426864397736,0.0026279421912954386,1178.934065934066,1927.4065934065934,5.382025607773058
-0.002139659410112349,0.4367459365113996,0.0025989032646935575,1019.6179775280899,1929.6966292134832,5.322553886092406
0.1826762105082418,0.43673316974287846,0.0026279421912954386,1398.1208791208792,1929.6703296703297,5.382025607773058
0.24853515625,0.4409101015341288,0.006306098569450829,1533.0,1938.2748091603053,12.914889870235298
0.10414062499999999,0.4371067961165048,0.0027548319509167786,1237.28,1930.44,5.641895835477563
0.1681805346385542,0.4382149959059539,0.0025097713510531822,1368.433734939759,1932.7228915662652,5.140011726956917
-0.20660400390625,0.4373234774933804,0.002584261439649037,600.875,1930.8863636363637,5.292567428401227
0.15015968116554057,0.4385856730516925,0.002369796049782774,1331.527027027027,1933.4864864864865,4.853342309955121
0.052704326923076916,0.43999253174010455,0.002221016524153921,1131.9384615384615,1936.3846153846155,4.54864184146723
0.36262655899663676,0.4417301580390962,0.0041138413853083885,1766.659192825112,1939.9641255605382,8.42514715711158
-0.22615417123538012,0.44086470220859597,0.003602410224144972,560.8362573099415,1938.1812865497077,7.377736139048903
-0.17339320782103823,0.44190673245265,0.003726667588122029,668.8907103825137,1940.327868852459,7.632215220473915
0.4920009209857723,0.4435077748835742,0.003055256432066561,2031.6178861788617,1943.6260162601627,6.257165172872317
0.03615118867607525,0.44860545638027627,0.006507470541929411,1098.0376344086021,1954.1272401433691,13.327299669871433
-0.18431524020522388,0.4431604115345602,0.0022549271345479443,646.5223880597015,1942.910447761194,4.61809077155419
0.4798426011029412,0.4506282124500285,0.004399113848080027,2006.7176470588236,1958.2941176470588,9.009385160867895
0.42256915118243243,0.45570978745736035,0.005299025060124758,1889.4216216216216,1968.7621621621622,10.852403323135505
0.4544841333762887,0.4488364528075268,0.003837036905076152,1954.7835051546392,1954.6030927835052,7.858251581595959
0.007453124999999949,0.44667572815533985,0.0030799957544191407,1039.264,1950.152,6.3078313050504
0.04825592041015625,0.44510770631067964,0.002203865560733423,1122.828125,1946.921875,4.51351666838205
-0.2138191598360656,0.44583001750756,0.0021515925351825067,586.0983606557377,1948.4098360655737,4.406461512053774
-0.1943480579565603,0.4500154926668044,0.004626149521942982,625.9751773049645,1957.031914893617,9.474354220939228
0.35150637571839083,0.4481475281776587,0.002569536183376096,1743.8850574712644,1953.183908045977,5.262410103554244
0.4852641091417911,0.448072743080713,0.0022549271345479443,2017.8208955223881,1953.0298507462687,4.61809077155419
0.38883035224780704,0.451264690853347,0.00415970502528312,1820.3245614035088,1959.6052631578948,8.51907589177983
-0.02271648656542058,0.4539606206333363,0.004935687190221048,977.4766355140187,1965.1588785046729,10.108287365572707
-0.167989751344086,0.4500365382607787,0.00265666372398663,679.9569892473119,1957.0752688172042,5.440847306724618
0.3393224767736487,0.45173838887431117,0.002369796049782774,1718.9324324324325,1960.581081081081,4.853342309955121
0.40396773726851853,0.4554620640057533,0.0032008254802502315,1851.325925925926,1968.2518518518518,6.555290583552474
0.41616668701171877,0.4605810072815534,0.004927993207070626,1876.309375,1978.796875,10.092530088080641
0.31086658296130953,0.45313800277392513,0.002524845188391802,1660.654761904762,1963.4642857142858,5.170882945826411
0.024129605074541316,0.456141444731451,0.004067460631596382,1073.4174311926606,1969.651376146789,8.33015937350939
0.328466796875,0.45539066111881654,0.003992130767317509,1696.7,1968.104761904762,8.175883811466258
0.43378906250000004,0.45904089438070017,0.0035386457124663823,1912.4,1975.6242424242423,7.247146419131151
0.14706063485360366,0.4580162686958804,0.0029023955582154993,1325.1801801801803,1973.5135135135135,5.944106103225343
0.4744001116071429,0.4562512383594215,0.0027271444949316685,1995.5714285714287,1969.8775510204082,5.585191925620057
-0.17080662393162394,0.4569994191353415,0.0029798063562950826,674.1880341880342,1971.4188034188035,6.102643417692329
-0.007455398787313439,0.4570352122880742,0.0022549271345479443,1008.7313432835821,1971.4925373134329,4.61809077155419
0.31594743399784486,0.45815617676598586,0.002967044814329345,1671.0603448275863,1973.801724137931,6.076507779746499
0.32547019675925926,0.46386072156298697,0.005543992357954454,1690.562962962963,1985.553086419753,11.354096349090721
-0.15280932049418605,0.46272860690900885,0.002554726053200435,711.046511627907,1983.2209302325582,5.232078956954491
0.495998630275974,0.46402723490102127,0.0024173552262544695,2039.8051948051948,1985.8961038961038,4.950743503369154
0.01090684047965118,0.4649356513885753,0.002554726053200435,1046.3372093023256,1987.7674418604652,5.232078956954491
0.1596000339673913,0.4675601519628535,0.0029542281461425314,1350.8608695652174,1993.1739130434783,6.050259243299904
0.4030952453613281,0.4728686286407767,0.004407731121466846,1849.5390625,2004.109375,9.0270333367641
0.3324610392252604,0.4686994336569579,0.003817207124241562,1704.8802083333333,1995.5208333333333,7.817640190446719
0.1435721261160714,0.47307558945908457,0.004123054927387453,1318.0357142857142,2004.5357142857142,8.444016491289505
0.030692318369289318,0.4704598097678774,0.0038665908993905903,1086.8578680203045,1999.1472081218274,7.918778161951929
0.34825942095588236,0.47008852084523134,0.002271692622891249,1737.235294117647,1998.3823529411766,4.652426491681278
0.06570209703947372,0.47147164026571287,0.0026850780480094706,1158.5578947368422,2001.2315789473685,5.499039842323396
0.31993735708841464,0.4750266398295051,0.003527906246993929,1679.2317073170732,2008.5548780487804,7.225151993843567
-0.1605121159957627,0.4749712028961659,0.003665065533887729,695.271186440678,2008.4406779661017,7.506054213402069
0.3429110440340909,0.4736804942630185,0.002889292125343358,1726.2818181818182,2005.7818181818182,5.917270272703197
0.3628627232142857,0.4752931534484933,0.0024173552262544695,1767.142857142857,2009.1038961038962,4.950743503369154
0.3795166015625,0.4761669156086632,0.0039730751417267765,1801.25,2010.9038461538462,8.136857890256438
0.02386881510416672,0.4768851132686085,0.0021338836535001546,1072.8833333333334,2012.3833333333334,4.370193722368317
0.2820515182783019,0.4794605239054772,0.0028362730867212806,1601.6415094339623,2017.688679245283,5.808687281605183
0.3090541294642857,0.4803051317614424,0.0023048577731509512,1656.942857142857,2019.4285714285713,4.720348719413148
0.26599392361111107,0.48567421790722753,0.0032008254802502315,1568.7555555555555,2030.4888888888888,6.555290583552474
0.08210734577922074,0.48366536376245106,0.0024173552262544695,1192.155844155844,2026.3506493506493,4.950743503369154
0.006921386718749978,0.4845590614886731,0.0030177672033061685,1038.175,2028.1916666666666,6.180387232371033
0.2747145432692307,0.4843838685586258,0.002221016524153921,1586.6153846153845,2027.8307692307692,4.54864184146723
0.2976910316780822,0.4874739548698852,0.004076778995771584,1633.6712328767123,2034.1963470319636,8.349243383340204
0.317092674365942,0.48683692134515266,0.002288335282181447,1673.4057971014493,2032.8840579710145,4.686510657907603
0.035507328254132275,0.4869252988846987,0.0030303151460084566,1096.719008264463,2033.0661157024792,6.206085419025319
0.3444754464285714,0.48716366158113733,0.0023048577731509512,1729.4857142857143,2033.557142857143,4.720348719413148
0.1494869402985075,0.48852340240544856,0.0022549271345479443,1330.1492537313434,2036.358208955224,4.61809077155419
